queue_category,priority,source_type,authority_family,source_file,source_sha256,source_path,chunk_id,authority_unit_id,authority_version_id,citation,normalized_citation,title,rule_number,section,policy_number,policy_chapter,document_type,display_status,answer_scope,version_status,effective_label,valid_from,valid_to,requires_qa_signoff,warning_category,proposed_action,reviewer_role,production_impact,stop_condition,notes
qa_signoff_required_version,High,rule,tenn_rules_juvenile_practice_procedure,Tenn. R. Juv. P. Rules.pdf,896900cf9175f11a38df986da4af09e62632abd8aa865b24d35b3e5a8beee541,Benchbook.ai Database Files/Tenn. R. Juv. P. Rules.pdf,,25443ddb-15b3-5591-9069-881a9fd8621c,0061ae7e-a5a1-54e3-894d-596d23c720d9,Tenn. R. Juv. P. 212,tennrjuvp212,Rule 212. Probation or home placement supervision violation.,212,,,,,pending_extraction_qa,general_answer_authority,current,,1900-01-01,,true,QA signoff required; high-risk legal domain; high_risk=juvenile-court procedure,Adopt with revision,Corpus administrator,Blocks production display until signed off,"Current law, source authority, or high-risk status cannot be confirmed",chunk_count=4; chunk_types=advisory_comment:1|annotation_candidate:1|black_letter_text:1|history:1; high_risk_domains=juvenile-court procedure
qa_signoff_required_version,High,dcs_policy,dcs_policies_procedures,313_N_A_CFTM_Guidelines_for_Identifying_an_Adoptive_Family.pdf,a19dfb54c5fe44d054c34aabd845e58495d6f7302276ce7fe8ff37e6826c1631,Benchbook.ai Database Files/DCS P&P/TN_DCS_Policies/Ch16A_Foster_Care/313_N_A_CFTM_Guidelines_for_Identifying_an_Adoptive_Family.pdf,,868df0ef-97d3-559e-ac3b-ba9bb3c964d9,006a6c2e-0a3c-5775-9c57-ec2f26f32c7a,Document header (application/authority/dates),documentheaderapplicationauthoritydates,N A CFTM Guidelines for Identifying an Adoptive Family,,Document header (application/authority/dates),,Ch16A_Foster_Care,n_a,pending_extraction_qa,guardrail_reference_only,current,,1900-01-01,,true,QA signoff required; high-risk legal domain; high_risk=juvenile-court procedure,Adopt with revision,Corpus administrator,Blocks production display until signed off,"Current law, source authority, or high-risk status cannot be confirmed",chunk_count=6; chunk_types=metadata:1|unknown:5; high_risk_domains=juvenile-court procedure
qa_signoff_required_version,High,dcs_policy,dcs_policies_procedures,601_Work_Aid_Work_Aid_CFTM_Tool_-_How_DCS_Workers_Can_Help_Prepare_the_Fa.pdf,025b9ab123f89201ee54627a248ca0af2e8b6539e8ebc8ea2d08c6ce4f3766c6,Benchbook.ai Database Files/DCS P&P/TN_DCS_Policies/Ch31_Field_Services/601_Work_Aid_Work_Aid_CFTM_Tool_-_How_DCS_Workers_Can_Help_Prepare_the_Fa.pdf,,2376f569-e72f-510e-822a-dde1a23b1262,00fa1126-cce8-5848-a30c-30b4a2d30ddb,Document header (application/authority/dates),documentheaderapplicationauthoritydates,Work Aid Work Aid CFTM Tool How DCS Workers Can Help Prepare the Fa,,Document header (application/authority/dates),,Ch31_Field_Services,work_aid,pending_extraction_qa,guardrail_reference_only,current,,1900-01-01,,true,QA signoff required; high-risk legal domain; high_risk=juvenile-court procedure,Adopt with revision,Corpus administrator,Blocks production display until signed off,"Current law, source authority, or high-risk status cannot be confirmed",chunk_count=2; chunk_types=metadata:1|work_aid:1; high_risk_domains=juvenile-court procedure
qa_signoff_required_version,High,dcs_policy,dcs_policies_procedures,299_16.52_Bright_Futures_Services_for_Young_Adults.pdf,0b2895eb799d2e89eafef2637203371afdb14fa292791143544b0b7e674eb4e8,Benchbook.ai Database Files/DCS P&P/TN_DCS_Policies/Ch16A_Foster_Care/299_16.52_Bright_Futures_Services_for_Young_Adults.pdf,,2b52a2e0-d2b4-5255-9d97-61cc700ad2f5,013d517a-3420-5293-b374-0426ff552fba,DCS Policy 16.52,dcspolicy1652,Bright Futures Program for Young Adults,,Document header (application/authority/dates),16.52,Ch16A_Foster_Care,policy,pending_extraction_qa,guardrail_reference_only,current,,1900-01-01,,true,QA signoff required; high-risk legal domain; high_risk=juvenile-court procedure,Adopt with revision,Corpus administrator,Blocks production display until signed off,"Current law, source authority, or high-risk status cannot be confirmed",chunk_count=10; chunk_types=metadata:1|policy_text:9; high_risk_domains=juvenile-court procedure
qa_signoff_required_version,High,statute,tca_title_36,36_6_204_36_7_203.pdf,b3eb20c2869ce0b1df79f8f8113ebd6f96eb14a6621569c447c3f6f073f38e9b,Benchbook.ai Database Files/Title 36/36_6_204_36_7_203.pdf,,1418176a-98f2-5ea2-9d62-b05210eb9a5f,0283b5dd-ecae-5508-8693-d08d3fde1761,Tenn. Code Ann. Sec. 36-6-404,tenncodeann366404,"36-6-404. Permanent parenting plan. [Effective until July 1, 2026. See the version effective on July 1, 2026.]",,36-6-404,,,6,pending_extraction_qa,general_answer_authority,current,"Effective until July 1, 2026. See the version effective on July 1, 2026.",1900-01-01,2026-07-01,true,current-law confidence issue; QA signoff required; warnings=effective_dated_version_unit,Adopt with revision,Corpus administrator,Blocks production display until signed off,"Current law, source authority, or high-risk status cannot be confirmed",chunk_count=6; chunk_types=annotation_candidate:2|black_letter_text:1|case_note_candidate:2|history:1; warning_counts=effective_dated_version_unit:6
qa_signoff_required_version,High,statute,tca_title_36,36_6_204_36_7_203.pdf,b3eb20c2869ce0b1df79f8f8113ebd6f96eb14a6621569c447c3f6f073f38e9b,Benchbook.ai Database Files/Title 36/36_6_204_36_7_203.pdf,,0f081506-37f7-546e-ac7b-5cf416222145,02b8db9a-933d-5f2a-9e2c-e4c8a1c82002,Tenn. Code Ann. Sec. 36-6-234,tenncodeann366234,"36-6-234. Order for immediate physical custody  -  Fees, costs and expenses  -  Party refusal to testify  -  Husband and wife communications as evidence.",,36-6-234,,,6,pending_extraction_qa,general_answer_authority,current,,1900-01-01,,true,QA signoff required; high-risk legal domain; high_risk=custody,Adopt with revision,Corpus administrator,Blocks production display until signed off,"Current law, source authority, or high-risk status cannot be confirmed",chunk_count=3; chunk_types=advisory_comment:1|black_letter_text:1|history:1; high_risk_domains=custody
qa_signoff_required_version,High,dcs_policy,dcs_policies_procedures,211_Protocol_Protocol_for_DCS_Foster_Home_Quality_Team_FHQT_Suspended_Adm.pdf,99a01986d9893b41ed581f628334180a0ce04a8458d03d671c1a8909fa1b88a3,Benchbook.ai Database Files/DCS P&P/TN_DCS_Policies/Ch14_CPS/211_Protocol_Protocol_for_DCS_Foster_Home_Quality_Team_FHQT_Suspended_Adm.pdf,,6edc5f4a-d071-5ef5-91cc-6bc51796e05f,0344c74a-f8d3-56d0-b78b-74592eb5cac3,Document header (application/authority/dates),documentheaderapplicationauthoritydates,Protocol Protocol for DCS Foster Home Quality Team FHQT Suspended Adm,,Document header (application/authority/dates),,Ch14_CPS,protocol,pending_extraction_qa,guardrail_reference_only,current,,1900-01-01,,true,QA signoff required; high-risk legal domain; high_risk=juvenile-court procedure,Adopt with revision,Corpus administrator,Blocks production display until signed off,"Current law, source authority, or high-risk status cannot be confirmed",chunk_count=2; chunk_types=metadata:1|protocol:1; high_risk_domains=juvenile-court procedure
qa_signoff_required_version,High,rule,tenn_rules_juvenile_practice_procedure,Tenn. R. Juv. P. Rules.pdf,896900cf9175f11a38df986da4af09e62632abd8aa865b24d35b3e5a8beee541,Benchbook.ai Database Files/Tenn. R. Juv. P. Rules.pdf,,80040770-39ea-5b1f-8ba4-174bcd1186cf,03f89fe2-99a1-5611-93c1-74904551720d,Tenn. R. Juv. P. 116,tennrjuvp116,Rule 116. Standard of proof.,116,,,,,pending_extraction_qa,general_answer_authority,current,,1900-01-01,,true,QA signoff required; high-risk legal domain; high_risk=juvenile-court procedure,Adopt with revision,Corpus administrator,Blocks production display until signed off,"Current law, source authority, or high-risk status cannot be confirmed",chunk_count=4; chunk_types=advisory_comment:1|annotation_candidate:1|black_letter_text:1|history:1; high_risk_domains=juvenile-court procedure
qa_signoff_required_version,High,statute,tca_title_37,37_1_202_37_2_202.pdf,9cd08fcaae4176f55dd74ead07e414a9d249a0777f0f7249175756d29833d45c,Benchbook.ai Database Files/Title 37/37_1_202_37_2_202.pdf,,9f3f47be-4236-552b-a39c-2b4d6dfd8f1c,040bff76-b6cf-5504-91d5-4fa01246c85e,Tenn. Code Ann. Sec. 37-1-406,tenncodeann371406,37-1-406. Availability for receiving reports  -  Commencement of investigations  -  Examination and observation of child  -  Reports  - ,,37-1-406,,,1,pending_extraction_qa,general_answer_authority,future_effective,"Effective on July 1, 2026. See the version effective until July 1, 2026.",2026-07-01,,true,future-effective issue; QA signoff required; warnings=effective_dated_version_text|unusually_large_chunk,Adopt with revision,Corpus administrator,Blocks production display until signed off,"Current law, source authority, or high-risk status cannot be confirmed",chunk_count=1; chunk_types=black_letter_text:1; warning_counts=effective_dated_version_text:1|unusually_large_chunk:1
qa_signoff_required_version,High,dcs_policy,dcs_policies_procedures,176_Protocol_Protocol_for_CPS_Categories_and_Definitions_of_Abuse_Neglect.pdf,bba3ed1e7f92ff076d9b14b187e0f2b55808c20ee40e3024873c1d7c2ee558ad,Benchbook.ai Database Files/DCS P&P/TN_DCS_Policies/Ch14_CPS/176_Protocol_Protocol_for_CPS_Categories_and_Definitions_of_Abuse_Neglect.pdf,,766549fe-eb14-5bc7-93f5-395282d6126c,04682f55-0550-59e7-8e37-e9c4a6dca3d6,Document header (application/authority/dates),documentheaderapplicationauthoritydates,Protocol Protocol for CPS Categories and Definitions of Abuse Neglect,,Document header (application/authority/dates),,Ch14_CPS,protocol,pending_extraction_qa,guardrail_reference_only,current,,1900-01-01,,true,QA signoff required; high-risk legal domain; high_risk=dependency and neglect|juvenile-court procedure,Adopt with revision,Corpus administrator,Blocks production display until signed off,"Current law, source authority, or high-risk status cannot be confirmed",chunk_count=9; chunk_types=metadata:1|protocol:8; high_risk_domains=dependency and neglect|juvenile-court procedure
qa_signoff_required_version,High,statute,tca_title_37,37_2_203_37_3_405.pdf,4505a32368dd82bcc6408f4fe16b2513cc23b2c810ae9254e0e21bc9d17153f5,Benchbook.ai Database Files/Title 37/37_2_203_37_3_405.pdf,,f7da48f4-e16e-5151-802a-b40a8d511869,05585cca-6936-543f-9341-fd53b1c5aacc,Tenn. Code Ann. Sec. 37-2-710,tenncodeann372710,37-2-710. Agreements between this state and Indian tribes. [Effective when contingency met. See Compiler's Notes.],,37-2-710,,,2,pending_extraction_qa,general_answer_authority,unknown_effectivity,Effective when contingency met. See Compiler's Notes.,,,true,unknown-effective-date issue; QA signoff required; warnings=effective_dated_version_unit,Adopt with revision,Corpus administrator,Blocks production display until signed off,"Current law, source authority, or high-risk status cannot be confirmed",chunk_count=3; chunk_types=annotation_candidate:1|black_letter_text:1|history:1; warning_counts=effective_dated_version_unit:3
qa_signoff_required_version,High,statute,tca_title_37,37_3_406_37_5_207.pdf,f5988b3eb095354fc6f06654c4c4612f78f6bb3e04958bec4ce0bc16234b83ad,Benchbook.ai Database Files/Title 37/37_3_406_37_5_207.pdf,,b249fd8e-2d51-52b1-8699-c6a4e278b06d,05629d37-4d4e-58b0-910e-46e07549b296,Tenn. Code Ann. Sec. 37-3-904,tenncodeann373904,37-3-904. Commission composition  -  Member term limits  -  Co-chair appointment procedure.,,37-3-904,,,3,pending_extraction_qa,general_answer_authority,current,,1900-01-01,,true,QA signoff required; high-risk legal domain; high_risk=juvenile-court procedure,Adopt with revision,Corpus administrator,Blocks production display until signed off,"Current law, source authority, or high-risk status cannot be confirmed",chunk_count=3; chunk_types=annotation_candidate:1|black_letter_text:1|history:1; high_risk_domains=juvenile-court procedure
qa_signoff_required_version,High,rule,tenn_rules_juvenile_practice_procedure,Tenn. R. Juv. P. Rules.pdf,896900cf9175f11a38df986da4af09e62632abd8aa865b24d35b3e5a8beee541,Benchbook.ai Database Files/Tenn. R. Juv. P. Rules.pdf,,03efd880-c5bd-55d1-9a04-8c9d51b9138e,06152791-f59e-5d21-9209-a88d70182e48,Tenn. R. Juv. P. 403,tennrjuvp403,Rule 403. Foster care review board.,403,,,,,pending_extraction_qa,general_answer_authority,current,,1900-01-01,,true,QA signoff required; high-risk legal domain; high_risk=juvenile-court procedure,Adopt with revision,Corpus administrator,Blocks production display until signed off,"Current law, source authority, or high-risk status cannot be confirmed",chunk_count=3; chunk_types=annotation_candidate:1|black_letter_text:1|history:1; high_risk_domains=juvenile-court procedure
qa_signoff_required_version,High,dcs_policy,dcs_policies_procedures,361_N_A_Profile_of_Parenting_Study_Tool.pdf,452c8eb750689a5d8ec1dda65f110c5399f42e7a22d45d4e42f058ddff6d0f63,Benchbook.ai Database Files/DCS P&P/TN_DCS_Policies/Ch16B_Foster_Homes/361_N_A_Profile_of_Parenting_Study_Tool.pdf,,d19ac117-ef19-510d-ae5c-2441f136fb93,07d3ae3e-1491-51f8-a56e-f58fbc2ec503,Document header (application/authority/dates),documentheaderapplicationauthoritydates,N A Profile of Parenting Study Tool,,Document header (application/authority/dates),,Ch16B_Foster_Homes,n_a,pending_extraction_qa,guardrail_reference_only,current,,1900-01-01,,true,QA signoff required; high-risk legal domain; high_risk=juvenile-court procedure,Adopt with revision,Corpus administrator,Blocks production display until signed off,"Current law, source authority, or high-risk status cannot be confirmed",chunk_count=15; chunk_types=metadata:1|unknown:14; high_risk_domains=juvenile-court procedure
qa_signoff_required_version,High,statute,tca_title_37,37_2_203_37_3_405.pdf,4505a32368dd82bcc6408f4fe16b2513cc23b2c810ae9254e0e21bc9d17153f5,Benchbook.ai Database Files/Title 37/37_2_203_37_3_405.pdf,,63476f1f-11b6-5b00-8adf-3d41d738ea58,087dc5c5-f485-5826-a892-056bc8291e7e,Tenn. Code Ann. Sec. 37-2-415,tenncodeann372415,"37-2-415. Foster parents' rights. [Effective until July 1, 2026. See the version effective on July 1, 2026.]",,37-2-415,,,2,pending_extraction_qa,general_answer_authority,current,"Effective until July 1, 2026. See the version effective on July 1, 2026.",1900-01-01,2026-07-01,true,current-law confidence issue; QA signoff required; warnings=effective_dated_version_unit|unusually_large_chunk,Adopt with revision,Corpus administrator,Blocks production display until signed off,"Current law, source authority, or high-risk status cannot be confirmed",chunk_count=5; chunk_types=advisory_comment:1|annotation_candidate:2|black_letter_text:1|history:1; warning_counts=effective_dated_version_unit:5|unusually_large_chunk:1
qa_signoff_required_version,High,dcs_policy,dcs_policies_procedures,293_Protocol_Protocol_for_Placing_Children_in_a_Qualified_Residential_Tre.pdf,d39040d5e5f1441682f0b2dd8141c9770b7610f7e69dca237812fba52546e3b3,Benchbook.ai Database Files/DCS P&P/TN_DCS_Policies/Ch16A_Foster_Care/293_Protocol_Protocol_for_Placing_Children_in_a_Qualified_Residential_Tre.pdf,,dccda67a-0bdf-5613-a228-b5967e25b786,09331944-ee6d-52c9-b4e9-bf03ec2003a1,Document header (application/authority/dates),documentheaderapplicationauthoritydates,Protocol Protocol for Placing Children in a Qualified Residential Tre,,Document header (application/authority/dates),,Ch16A_Foster_Care,protocol,pending_extraction_qa,guardrail_reference_only,current,,1900-01-01,,true,QA signoff required; high-risk legal domain; high_risk=juvenile-court procedure,Adopt with revision,Corpus administrator,Blocks production display until signed off,"Current law, source authority, or high-risk status cannot be confirmed",chunk_count=4; chunk_types=metadata:1|protocol:3; high_risk_domains=juvenile-court procedure
qa_signoff_required_version,High,statute,tca_title_37,37_2_203_37_3_405.pdf,4505a32368dd82bcc6408f4fe16b2513cc23b2c810ae9254e0e21bc9d17153f5,Benchbook.ai Database Files/Title 37/37_2_203_37_3_405.pdf,,63476f1f-11b6-5b00-8adf-3d41d738ea58,0937fb80-4ea6-598f-85f2-bdbeab1f894a,Tenn. Code Ann. Sec. 37-2-415,tenncodeann372415,"37-2-415. Foster parents' rights. [Effective on July 1, 2026. See the version effective until July 1, 2026.]",,37-2-415,,,2,pending_extraction_qa,general_answer_authority,future_effective,"Effective on July 1, 2026. See the version effective until July 1, 2026.",2026-07-01,,true,future-effective issue; QA signoff required; warnings=effective_dated_version_unit|unusually_large_chunk,Adopt with revision,Corpus administrator,Blocks production display until signed off,"Current law, source authority, or high-risk status cannot be confirmed",chunk_count=5; chunk_types=advisory_comment:1|annotation_candidate:2|black_letter_text:1|history:1; warning_counts=effective_dated_version_unit:5|unusually_large_chunk:1
qa_signoff_required_version,High,dcs_policy,dcs_policies_procedures,305_Guide_Independent_Living_and_Transition_Planning_Guide.pdf,bb785aba0f6c6728fbb1a09554858924ca6706f5b802df0a037e20f2134a55e4,Benchbook.ai Database Files/DCS P&P/TN_DCS_Policies/Ch16A_Foster_Care/305_Guide_Independent_Living_and_Transition_Planning_Guide.pdf,,4ba8e786-b759-5fff-be11-2f486e3c4cad,0954bedf-8102-5fb6-9840-67ee6001b3ac,Document header (application/authority/dates),documentheaderapplicationauthoritydates,Guide Independent Living and Transition Planning Guide,,Document header (application/authority/dates),,Ch16A_Foster_Care,guide,pending_extraction_qa,guardrail_reference_only,current,,1900-01-01,,true,QA signoff required; high-risk legal domain; high_risk=dependency and neglect|juvenile-court procedure,Adopt with revision,Corpus administrator,Blocks production display until signed off,"Current law, source authority, or high-risk status cannot be confirmed",chunk_count=19; chunk_types=guide:18|metadata:1; high_risk_domains=dependency and neglect|juvenile-court procedure
qa_signoff_required_version,High,dcs_policy,dcs_policies_procedures,295_Guide_Guide_to_Placement_Principles_and_Types.pdf,1f2e4045d38b61d72cf3952cd1775d7669ce477246e30242eb4bb0bae5398ec0,Benchbook.ai Database Files/DCS P&P/TN_DCS_Policies/Ch16A_Foster_Care/295_Guide_Guide_to_Placement_Principles_and_Types.pdf,,322d79ed-dd6a-53ed-8863-a6ef5dfcffc2,09660a55-7b91-5961-88b2-248bfbd71565,Document header (application/authority/dates),documentheaderapplicationauthoritydates,Guide Guide to Placement Principles and Types,,Document header (application/authority/dates),,Ch16A_Foster_Care,guide,pending_extraction_qa,guardrail_reference_only,current,,1900-01-01,,true,QA signoff required; high-risk legal domain; high_risk=juvenile-court procedure,Adopt with revision,Corpus administrator,Blocks production display until signed off,"Current law, source authority, or high-risk status cannot be confirmed",chunk_count=7; chunk_types=guide:6|metadata:1; high_risk_domains=juvenile-court procedure
qa_signoff_required_version,High,dcs_policy,dcs_policies_procedures,624_31.14_Case_Documentation_Requirements.pdf,d1dddb6f02bcef2e95946dc8a68648973a025ac1def9044b445d5e3fbeb324c0,Benchbook.ai Database Files/DCS P&P/TN_DCS_Policies/Ch31_Field_Services/624_31.14_Case_Documentation_Requirements.pdf,,e0339e58-3936-5b93-872a-6fef1cf10351,09d120fa-5cf3-5dab-9159-094502eb50c4,DCS Policy 31.14,dcspolicy3114,Case Documentation Requirements,,Document header (application/authority/dates),31.14,Ch31_Field_Services,policy,pending_extraction_qa,guardrail_reference_only,current,,1900-01-01,,true,QA signoff required; high-risk legal domain; high_risk=juvenile-court procedure,Adopt with revision,Corpus administrator,Blocks production display until signed off,"Current law, source authority, or high-risk status cannot be confirmed",chunk_count=6; chunk_types=metadata:1|policy_text:5; high_risk_domains=juvenile-court procedure
qa_signoff_required_version,High,dcs_policy,dcs_policies_procedures,358_16.29_Foster_Home_Board_Rates.pdf,e825c82bb62505fc1a3b78b09774eb98266baf7ba690e6be918da8771a88254d,Benchbook.ai Database Files/DCS P&P/TN_DCS_Policies/Ch16B_Foster_Homes/358_16.29_Foster_Home_Board_Rates.pdf,,67b51b47-b08f-5826-8a54-e8e10ca1e110,09df245a-bf8e-566f-bb67-741195e6877c,DCS Policy 16.29,dcspolicy1629,Foster Home Board Rates,,Document header (application/authority/dates),16.29,Ch16B_Foster_Homes,policy,pending_extraction_qa,guardrail_reference_only,current,,1900-01-01,,true,QA signoff required; high-risk legal domain; high_risk=juvenile-court procedure|termination of parental rights,Adopt with revision,Corpus administrator,Blocks production display until signed off,"Current law, source authority, or high-risk status cannot be confirmed",chunk_count=11; chunk_types=metadata:1|policy_text:10; high_risk_domains=juvenile-court procedure|termination of parental rights
qa_signoff_required_version,High,dcs_policy,dcs_policies_procedures,201_Protocol_Protocol_for_Notification_to_Substantiated_Perpetrators.pdf,5a984ceccb765f6cc509011220275f927471e8a88217c035b84e1e2bbcce40f1,Benchbook.ai Database Files/DCS P&P/TN_DCS_Policies/Ch14_CPS/201_Protocol_Protocol_for_Notification_to_Substantiated_Perpetrators.pdf,,5f679bab-480b-548b-a21b-ec7f25ac859e,0a91528e-d114-53dd-92bf-f15a4e0d6908,Document header (application/authority/dates),documentheaderapplicationauthoritydates,Protocol Protocol for Notification to Substantiated Perpetrators,,Document header (application/authority/dates),,Ch14_CPS,protocol,pending_extraction_qa,guardrail_reference_only,current,,1900-01-01,,true,QA signoff required; high-risk legal domain; high_risk=juvenile-court procedure,Adopt with revision,Corpus administrator,Blocks production display until signed off,"Current law, source authority, or high-risk status cannot be confirmed",chunk_count=2; chunk_types=metadata:1|protocol:1; high_risk_domains=juvenile-court procedure
qa_signoff_required_version,High,statute,tca_title_36,36_1_101_36_3_302.pdf,a6b1c6cff6bb307f3a639c10092c82a25e738e587f1b374a6317441324525720,Benchbook.ai Database Files/Title 36/36_1_101_36_3_302.pdf,,433039b4-100d-5603-8daf-9a1c1edce908,0ae850cc-320d-56e0-b978-a052000e86b4,Tenn. Code Ann. Sec. 36-1-123,tenncodeann361123,36-1-123. Biological parents illegally obtaining custody of a child  -  Custodial interference  -  Survival of existing restraining order.,,36-1-123,,,1,pending_extraction_qa,general_answer_authority,current,,1900-01-01,,true,QA signoff required; high-risk legal domain; high_risk=custody,Adopt with revision,Corpus administrator,Blocks production display until signed off,"Current law, source authority, or high-risk status cannot be confirmed",chunk_count=4; chunk_types=annotation_candidate:2|black_letter_text:1|history:1; high_risk_domains=custody
qa_signoff_required_version,High,statute,tca_title_36,36_1_101_36_3_302.pdf,a6b1c6cff6bb307f3a639c10092c82a25e738e587f1b374a6317441324525720,Benchbook.ai Database Files/Title 36/36_1_101_36_3_302.pdf,,9593838c-2f3c-5d55-b977-684af902c6d1,0b10ba50-0308-502b-a788-f329eb739782,Tenn. Code Ann. Sec. 36-1-143,tenncodeann361143,36-1-143. Post-adoption services to support permanency in adoption.,,36-1-143,,,1,pending_extraction_qa,general_answer_authority,current,,1900-01-01,,true,QA signoff required; high-risk legal domain; high_risk=adoption,Adopt with revision,Corpus administrator,Blocks production display until signed off,"Current law, source authority, or high-risk status cannot be confirmed",chunk_count=2; chunk_types=black_letter_text:1|history:1; high_risk_domains=adoption
qa_signoff_required_version,High,statute,tca_title_36,36_1_101_36_3_302.pdf,a6b1c6cff6bb307f3a639c10092c82a25e738e587f1b374a6317441324525720,Benchbook.ai Database Files/Title 36/36_1_101_36_3_302.pdf,,9aa89483-ca60-559a-8135-b4ca62265e9c,0b3c214c-9e8d-5018-bc28-63b70c061d7b,Tenn. Code Ann. Sec. 36-1-115,tenncodeann361115,36-1-115. Persons eligible to file adoption petition  -  Residence requirements  -  Preference for foster parents.,,36-1-115,,,1,pending_extraction_qa,general_answer_authority,current,,1900-01-01,,true,QA signoff required; high-risk legal domain; high_risk=adoption,Adopt with revision,Corpus administrator,Blocks production display until signed off,"Current law, source authority, or high-risk status cannot be confirmed",chunk_count=7; chunk_types=annotation_candidate:3|black_letter_text:1|case_note_candidate:2|history:1; high_risk_domains=adoption
qa_signoff_required_version,High,statute,tca_title_37,37_1_101_37_1_201.pdf,423871eb310b5359f8fb18b9ddd970c37fdcfea65392db9e3fddae5531ca5d99,Benchbook.ai Database Files/Title 37/37_1_101_37_1_201.pdf,,1825bc3d-2ad6-5daa-beb8-82e95d645200,0d581484-1d94-51f0-bf3c-e7c1f6f15913,Tenn. Code Ann. Sec. 37-1-167,tenncodeann371167,37-1-167. Removal from abusive parent or other party.,,37-1-167,,,1,pending_extraction_qa,general_answer_authority,current,,1900-01-01,,true,QA signoff required; high-risk legal domain; high_risk=removal,Adopt with revision,Corpus administrator,Blocks production display until signed off,"Current law, source authority, or high-risk status cannot be confirmed",chunk_count=2; chunk_types=black_letter_text:1|history:1; high_risk_domains=removal
qa_signoff_required_version,High,dcs_policy,dcs_policies_procedures,607_31.9_Conducting_Diligent_Searches.pdf,f35cbd05cc5e84528e51c644e433a2a68053fb5c5be6cabffae04e652fc5da74,Benchbook.ai Database Files/DCS P&P/TN_DCS_Policies/Ch31_Field_Services/607_31.9_Conducting_Diligent_Searches.pdf,,d05e2f14-6031-5cd9-a1c3-24d9b8b16406,0d9f6a37-2639-5633-aedc-e5ad2b2ca443,DCS Policy 31.9,dcspolicy319,Conducting Diligent Searches,,Document header (application/authority/dates),31.9,Ch31_Field_Services,policy,pending_extraction_qa,guardrail_reference_only,current,,1900-01-01,,true,QA signoff required; high-risk legal domain; high_risk=juvenile-court procedure,Adopt with revision,Corpus administrator,Blocks production display until signed off,"Current law, source authority, or high-risk status cannot be confirmed",chunk_count=9; chunk_types=metadata:1|policy_text:8; high_risk_domains=juvenile-court procedure
qa_signoff_required_version,High,dcs_policy,dcs_policies_procedures,192_14.5_Child_Protective_Services_Multiple_Response_System.pdf,9ee6f9513a45608ed3b6055da623c4d9a452b78dfc1dac9ab38dd0c49f2d2446,Benchbook.ai Database Files/DCS P&P/TN_DCS_Policies/Ch14_CPS/192_14.5_Child_Protective_Services_Multiple_Response_System.pdf,,e3acc5cb-fb25-5d2b-b271-66d7a5d66d5e,0fd71d1a-3012-52d3-b43f-61c333d6d653,DCS Policy 14.5,dcspolicy145,Child Protective Services Multiple Response System,,Document header (application/authority/dates),14.5,Ch14_CPS,policy,pending_extraction_qa,guardrail_reference_only,current,,1900-01-01,,true,QA signoff required; high-risk legal domain; high_risk=juvenile-court procedure,Adopt with revision,Corpus administrator,Blocks production display until signed off,"Current law, source authority, or high-risk status cannot be confirmed",chunk_count=11; chunk_types=metadata:1|policy_text:10; high_risk_domains=juvenile-court procedure
qa_signoff_required_version,High,rule,tenn_rules_juvenile_practice_procedure,Tenn. R. Juv. P. Rules.pdf,896900cf9175f11a38df986da4af09e62632abd8aa865b24d35b3e5a8beee541,Benchbook.ai Database Files/Tenn. R. Juv. P. Rules.pdf,,033f449e-e07a-5950-b5fa-6906525211d9,101016d3-eaa1-5a27-b21d-d66795ffd13f,Tenn. R. Juv. P. 310,tennrjuvp310,Rule 310. Modification of or relief from judgments or orders.,310,,,,,pending_extraction_qa,general_answer_authority,current,,1900-01-01,,true,QA signoff required; high-risk legal domain; high_risk=juvenile-court procedure,Adopt with revision,Corpus administrator,Blocks production display until signed off,"Current law, source authority, or high-risk status cannot be confirmed",chunk_count=6; chunk_types=advisory_comment:1|annotation_candidate:1|black_letter_text:1|case_note_candidate:2|history:1; high_risk_domains=juvenile-court procedure
qa_signoff_required_version,High,statute,tca_title_36,36_1_101_36_3_302.pdf,a6b1c6cff6bb307f3a639c10092c82a25e738e587f1b374a6317441324525720,Benchbook.ai Database Files/Title 36/36_1_101_36_3_302.pdf,,e546423c-4c5e-5d24-bcf2-211c847e75fa,10880be9-c32e-51b2-b842-e9694d14daff,Tenn. Code Ann. Sec. 36-1-149,tenncodeann361149,36-1-149. Confidential adoption record as public records and open to inspection after 100 years have elapsed.,,36-1-149,,,1,pending_extraction_qa,general_answer_authority,current,,1900-01-01,,true,QA signoff required; high-risk legal domain; high_risk=adoption,Adopt with revision,Corpus administrator,Blocks production display until signed off,"Current law, source authority, or high-risk status cannot be confirmed",chunk_count=2; chunk_types=black_letter_text:1|history:1; high_risk_domains=adoption
qa_signoff_required_version,High,dcs_policy,dcs_policies_procedures,341_16.11_Shared_Foster_Homes.pdf,2d9ccbd109d0bd4c2db7420cf356d1a61a2151890d58a6811377e2b9a6131df4,Benchbook.ai Database Files/DCS P&P/TN_DCS_Policies/Ch16B_Foster_Homes/341_16.11_Shared_Foster_Homes.pdf,,88ed89fd-cd17-518a-bb0f-9a4eabd9eb39,1273ccce-6317-58fd-80e3-6db7ab750027,DCS Policy 16.11,dcspolicy1611,Shared Foster Homes,,Document header (application/authority/dates),16.11,Ch16B_Foster_Homes,policy,pending_extraction_qa,guardrail_reference_only,current,,1900-01-01,,true,QA signoff required; high-risk legal domain; high_risk=juvenile-court procedure,Adopt with revision,Corpus administrator,Blocks production display until signed off,"Current law, source authority, or high-risk status cannot be confirmed",chunk_count=10; chunk_types=metadata:1|policy_text:9; high_risk_domains=juvenile-court procedure
qa_signoff_required_version,High,dcs_policy,dcs_policies_procedures,642_WorkAid_Use_of_Mechanical_Restraints_for_Youth.pdf,7adc0db7b13f771e2bceeddb94847b7c4e97ca6fcb568bb3c2009b699c9975e5,Benchbook.ai Database Files/DCS P&P/TN_DCS_Policies/Ch31_Field_Services/642_WorkAid_Use_of_Mechanical_Restraints_for_Youth.pdf,,ce32e25b-91a9-5c25-8c55-64b5b5983158,13a6c501-9f5e-5fd3-8c69-942d5cd6f76f,Document header (application/authority/dates),documentheaderapplicationauthoritydates,WorkAid Use of Mechanical Restraints for Youth,,Document header (application/authority/dates),,Ch31_Field_Services,unknown,pending_extraction_qa,guardrail_reference_only,current,,1900-01-01,,true,QA signoff required; high-risk legal domain; high_risk=juvenile-court procedure,Adopt with revision,Corpus administrator,Blocks production display until signed off,"Current law, source authority, or high-risk status cannot be confirmed",chunk_count=1; chunk_types=metadata:1; high_risk_domains=juvenile-court procedure
qa_signoff_required_version,High,dcs_policy,dcs_policies_procedures,349_Guidelines_Guidelines_for_Foster_Home_Placements_Exceeding_Five_Total_C.pdf,e0ac248ceea15ae094f6cf2123de58471da18165523f2ae406287d3e96879973,Benchbook.ai Database Files/DCS P&P/TN_DCS_Policies/Ch16B_Foster_Homes/349_Guidelines_Guidelines_for_Foster_Home_Placements_Exceeding_Five_Total_C.pdf,,a0efdc85-a170-5e06-8904-304faf154366,13bf9d61-4f21-5c40-9352-1ef03bc231d0,Document header (application/authority/dates),documentheaderapplicationauthoritydates,Guidelines Guidelines for Foster Home Placements Exceeding Five Total C,,Document header (application/authority/dates),,Ch16B_Foster_Homes,guidelines,pending_extraction_qa,guardrail_reference_only,current,,1900-01-01,,true,QA signoff required; high-risk legal domain; high_risk=juvenile-court procedure,Adopt with revision,Corpus administrator,Blocks production display until signed off,"Current law, source authority, or high-risk status cannot be confirmed",chunk_count=2; chunk_types=guide:1|metadata:1; high_risk_domains=juvenile-court procedure
qa_signoff_required_version,High,statute,tca_title_36,36_3_303_36_5_120.pdf,9586bae9d4eb3f6038c70e28a5ee073367d26c34a9e30f254f32eb744c66d121,Benchbook.ai Database Files/Title 36/36_3_303_36_5_120.pdf,,d1f7dea8-68be-5290-bee2-1b973c4ae77e,17fa2af7-ee0d-58d6-838f-497e4c1e0af5,Tenn. Code Ann. Sec. 36-5-110,tenncodeann365110,36-5-110. Termination of chapter 477 of the Public Acts of 1985.,,36-5-110,,,3,pending_extraction_qa,general_answer_authority,current,,1900-01-01,,true,QA signoff required; high-risk legal domain; high_risk=termination of parental rights,Adopt with revision,Corpus administrator,Blocks production display until signed off,"Current law, source authority, or high-risk status cannot be confirmed",chunk_count=3; chunk_types=annotation_candidate:1|black_letter_text:1|history:1; high_risk_domains=termination of parental rights
qa_signoff_required_version,High,dcs_policy,dcs_policies_procedures,610_31.11_Repatriation_of_Children_Youth_Back_to_the_United_States.pdf,1bccc1756776a99b02f8af33aa4011119b5704c5b4eadd906055912d6119b50a,Benchbook.ai Database Files/DCS P&P/TN_DCS_Policies/Ch31_Field_Services/610_31.11_Repatriation_of_Children_Youth_Back_to_the_United_States.pdf,,167bfce1-0dfc-59fa-b485-01d833bd0ae5,184c7b01-86bb-5fd2-8883-b74c5bea8875,DCS Policy 31.11,dcspolicy3111,Repatriation of Children/Youth Back to the United States,,Document header (application/authority/dates),31.11,Ch31_Field_Services,policy,pending_extraction_qa,guardrail_reference_only,current,,1900-01-01,,true,QA signoff required; high-risk legal domain; high_risk=juvenile-court procedure,Adopt with revision,Corpus administrator,Blocks production display until signed off,"Current law, source authority, or high-risk status cannot be confirmed",chunk_count=7; chunk_types=metadata:1|policy_text:6; high_risk_domains=juvenile-court procedure
qa_signoff_required_version,High,dcs_policy,dcs_policies_procedures,321_Protocol_Protocol_for_Foster_Home_Monthly_Visits.pdf,6891ac1ab4dec7c70ab5dc69772861a0eb2fe6da34ea5330654018efe166881d,Benchbook.ai Database Files/DCS P&P/TN_DCS_Policies/Ch16B_Foster_Homes/321_Protocol_Protocol_for_Foster_Home_Monthly_Visits.pdf,,d17d4f5f-318d-5f34-9d64-93e08fbd3a0e,186a1a86-af30-532e-be89-21e03c5f7f62,Document header (application/authority/dates),documentheaderapplicationauthoritydates,Protocol Protocol for Foster Home Monthly Visits,,Document header (application/authority/dates),,Ch16B_Foster_Homes,protocol,pending_extraction_qa,guardrail_reference_only,current,,1900-01-01,,true,QA signoff required; high-risk legal domain; high_risk=juvenile-court procedure,Adopt with revision,Corpus administrator,Blocks production display until signed off,"Current law, source authority, or high-risk status cannot be confirmed",chunk_count=7; chunk_types=metadata:1|protocol:6; high_risk_domains=juvenile-court procedure
qa_signoff_required_version,High,dcs_policy,dcs_policies_procedures,323_Protocol_Protocol_for_Resource_Eligibility_Team_RET.pdf,61174e785b897a4f6c852136f99ccf4e8941d64fee26d631646032314c089c25,Benchbook.ai Database Files/DCS P&P/TN_DCS_Policies/Ch16B_Foster_Homes/323_Protocol_Protocol_for_Resource_Eligibility_Team_RET.pdf,,08927679-95a1-5817-8abd-bdc5fc14581a,19df3252-0436-5911-a5b4-db832f93b94b,Document header (application/authority/dates),documentheaderapplicationauthoritydates,Protocol Protocol for Resource Eligibility Team RET,,Document header (application/authority/dates),,Ch16B_Foster_Homes,protocol,pending_extraction_qa,guardrail_reference_only,current,,1900-01-01,,true,QA signoff required; high-risk legal domain; high_risk=juvenile-court procedure,Adopt with revision,Corpus administrator,Blocks production display until signed off,"Current law, source authority, or high-risk status cannot be confirmed",chunk_count=9; chunk_types=metadata:1|protocol:8; high_risk_domains=juvenile-court procedure
qa_signoff_required_version,High,rule,tenn_rules_juvenile_practice_procedure,Tenn. R. Juv. P. Rules.pdf,896900cf9175f11a38df986da4af09e62632abd8aa865b24d35b3e5a8beee541,Benchbook.ai Database Files/Tenn. R. Juv. P. Rules.pdf,,0bfe3fec-e874-5c22-b4ff-b6c6ab61ba8e,1a16d210-d6b6-52f1-b544-b1e2319f782c,Tenn. R. Juv. P. 110,tennrjuvp110,Rule 110. Time.,110,,,,,pending_extraction_qa,general_answer_authority,current,,1900-01-01,,true,QA signoff required; high-risk legal domain; high_risk=juvenile-court procedure,Adopt with revision,Corpus administrator,Blocks production display until signed off,"Current law, source authority, or high-risk status cannot be confirmed",chunk_count=4; chunk_types=advisory_comment:1|annotation_candidate:1|black_letter_text:1|history:1; high_risk_domains=juvenile-court procedure
qa_signoff_required_version,High,dcs_policy,dcs_policies_procedures,353_16.21_DCS_and_Contract_Agency_Employees_as_Foster_Parents.pdf,a562f14efaf78cd81e7edf59249a7ec7318e3a5b2f1599788fbe61bcb24b2631,Benchbook.ai Database Files/DCS P&P/TN_DCS_Policies/Ch16B_Foster_Homes/353_16.21_DCS_and_Contract_Agency_Employees_as_Foster_Parents.pdf,,009ab4f6-2407-5b32-91d4-2e036c070fd7,1a1c1846-de8e-5d63-8d60-7cd910c92f72,DCS Policy 16.21,dcspolicy1621,DCS and Contract Agency Employees as Foster Parents,,Document header (application/authority/dates),16.21,Ch16B_Foster_Homes,policy,pending_extraction_qa,guardrail_reference_only,current,,1900-01-01,,true,QA signoff required; high-risk legal domain; high_risk=juvenile-court procedure,Adopt with revision,Corpus administrator,Blocks production display until signed off,"Current law, source authority, or high-risk status cannot be confirmed",chunk_count=10; chunk_types=metadata:1|policy_text:9; high_risk_domains=juvenile-court procedure
qa_signoff_required_version,High,statute,tca_title_36,36_1_101_36_3_302.pdf,a6b1c6cff6bb307f3a639c10092c82a25e738e587f1b374a6317441324525720,Benchbook.ai Database Files/Title 36/36_1_101_36_3_302.pdf,,d8d8e635-4b8d-5188-9540-c421831fc7c4,1cc7c989-3c5b-5028-a945-54aa7a7a79db,Tenn. Code Ann. Sec. 36-1-108,tenncodeann361108,36-1-108. Entities authorized to place children for adoption  -  Advisory and agency capacity authorized  -  Injunction to stop illegal payments.,,36-1-108,,,1,pending_extraction_qa,general_answer_authority,current,,1900-01-01,,true,QA signoff required; high-risk legal domain; high_risk=adoption,Adopt with revision,Corpus administrator,Blocks production display until signed off,"Current law, source authority, or high-risk status cannot be confirmed",chunk_count=6; chunk_types=annotation_candidate:3|black_letter_text:1|case_note_candidate:1|history:1; high_risk_domains=adoption
qa_signoff_required_version,High,statute,tca_title_37,37_1_202_37_2_202.pdf,9cd08fcaae4176f55dd74ead07e414a9d249a0777f0f7249175756d29833d45c,Benchbook.ai Database Files/Title 37/37_1_202_37_2_202.pdf,,f26ede32-1f67-5977-a501-b26519fba97e,1e89c481-8aa7-561f-8adf-fe394dc6460f,Tenn. Code Ann. Sec. 37-1-204,tenncodeann371204,37-1-204. Procedure in general sessions court.,,37-1-204,,,1,pending_extraction_qa,general_answer_authority,current,,1900-01-01,,true,QA signoff required; high-risk legal domain; high_risk=juvenile-court procedure,Adopt with revision,Corpus administrator,Blocks production display until signed off,"Current law, source authority, or high-risk status cannot be confirmed",chunk_count=3; chunk_types=black_letter_text:1|case_note_candidate:1|history:1; high_risk_domains=juvenile-court procedure
qa_signoff_required_version,High,dcs_policy,dcs_policies_procedures,335_Attachment_Guidelines_for_Life_Story_Books.pdf,39fe02191840f22393186e40b8de085fe0dd8491e1c410045785fd1346307580,Benchbook.ai Database Files/DCS P&P/TN_DCS_Policies/Ch16B_Foster_Homes/335_Attachment_Guidelines_for_Life_Story_Books.pdf,,f4fc9b81-3404-57dc-a204-b646b2efdcde,1f3b379c-0bec-55e8-970a-abafc8bdfe2b,Purpose:,purpose,Attachment Guidelines for Life Story Books,,Purpose:,,Ch16B_Foster_Homes,unknown,pending_extraction_qa,guardrail_reference_only,current,,1900-01-01,,true,QA signoff required; high-risk legal domain; high_risk=juvenile-court procedure,Adopt with revision,Corpus administrator,Blocks production display until signed off,"Current law, source authority, or high-risk status cannot be confirmed",chunk_count=1; chunk_types=unknown:1; high_risk_domains=juvenile-court procedure
qa_signoff_required_version,High,dcs_policy,dcs_policies_procedures,188_Protocol_Protocol_for_Health_Services_for_Trafficked_Youth.pdf,27d54437918f9d48c6e909559a2d26a38e1c1ab31d715194830a365b149513b3,Benchbook.ai Database Files/DCS P&P/TN_DCS_Policies/Ch14_CPS/188_Protocol_Protocol_for_Health_Services_for_Trafficked_Youth.pdf,,df0e772e-72fd-529e-84c4-5cbb8df80896,1fcf96ac-4f95-5e3d-b6c0-5b78db2adc84,Document header (application/authority/dates),documentheaderapplicationauthoritydates,Protocol Protocol for Health Services for Trafficked Youth,,Document header (application/authority/dates),,Ch14_CPS,protocol,pending_extraction_qa,guardrail_reference_only,current,,1900-01-01,,true,QA signoff required; high-risk legal domain; high_risk=juvenile-court procedure,Adopt with revision,Corpus administrator,Blocks production display until signed off,"Current law, source authority, or high-risk status cannot be confirmed",chunk_count=2; chunk_types=metadata:1|protocol:1; high_risk_domains=juvenile-court procedure
qa_signoff_required_version,High,dcs_policy,dcs_policies_procedures,216_14.13_Non-Custodial_Immediate_Protection_Agreements.pdf,5ff80fa1b0be2739595da0afd61d58fa266889ce6c7416ca0efbc2f26d00116e,Benchbook.ai Database Files/DCS P&P/TN_DCS_Policies/Ch14_CPS/216_14.13_Non-Custodial_Immediate_Protection_Agreements.pdf,,01b4c92d-b5a4-53dd-ba8a-365c4038ea57,1fcffb53-daf0-518a-af09-8de0eee7aeff,DCS Policy 14.13,dcspolicy1413,Non-Custodial Immediate Protection Agreements,,Document header (application/authority/dates),14.13,Ch14_CPS,policy,pending_extraction_qa,guardrail_reference_only,current,,1900-01-01,,true,QA signoff required; high-risk legal domain; high_risk=juvenile-court procedure,Adopt with revision,Corpus administrator,Blocks production display until signed off,"Current law, source authority, or high-risk status cannot be confirmed",chunk_count=13; chunk_types=metadata:1|policy_text:12; high_risk_domains=juvenile-court procedure
qa_signoff_required_version,High,dcs_policy,dcs_policies_procedures,287_16.43_Supervised_and_Unsupervised_Visitation_Between_Child_Youth_F.pdf,f3b6e73e376122efae0990024e7d2de1771e64447d5e57091fe58309c8f81439,Benchbook.ai Database Files/DCS P&P/TN_DCS_Policies/Ch16A_Foster_Care/287_16.43_Supervised_and_Unsupervised_Visitation_Between_Child_Youth_F.pdf,,3ef6b8d3-520c-58fe-8e09-c69654fca219,203c0dc9-572f-5ef2-bd03-659ec7bcb096,DCS Policy 16.43,dcspolicy1643,"Supervised and Unsupervised Visitation Between Child/Youth, Family and",,Document header (application/authority/dates),16.43,Ch16A_Foster_Care,policy,pending_extraction_qa,guardrail_reference_only,current,,1900-01-01,,true,QA signoff required; high-risk legal domain; high_risk=juvenile-court procedure,Adopt with revision,Corpus administrator,Blocks production display until signed off,"Current law, source authority, or high-risk status cannot be confirmed",chunk_count=14; chunk_types=metadata:1|policy_text:13; high_risk_domains=juvenile-court procedure
qa_signoff_required_version,High,statute,tca_title_36,36_1_101_36_3_302.pdf,a6b1c6cff6bb307f3a639c10092c82a25e738e587f1b374a6317441324525720,Benchbook.ai Database Files/Title 36/36_1_101_36_3_302.pdf,,a4676c57-0385-5e6c-b19e-7654dfd205fe,2063f7b9-f9c3-540b-a7c0-6b8af676741c,Tenn. Code Ann. Sec. 36-1-118,tenncodeann361118,36-1-118. Dismissal of adoption proceedings and guardianship orders  -  Revocation of surrender by court  -  Notice  -  Disposition of child.,,36-1-118,,,1,pending_extraction_qa,general_answer_authority,current,,1900-01-01,,true,QA signoff required; high-risk legal domain; high_risk=adoption|surrender,Adopt with revision,Corpus administrator,Blocks production display until signed off,"Current law, source authority, or high-risk status cannot be confirmed",chunk_count=4; chunk_types=annotation_candidate:2|black_letter_text:1|history:1; high_risk_domains=adoption|surrender
qa_signoff_required_version,High,statute,tca_title_36,36_5_2309_36_6_203.pdf,2353abc408f0bcc640f4833f32d51ba2862b0c1e75a9aa2dde8ab576e5b23853,Benchbook.ai Database Files/Title 36/36_5_2309_36_6_203.pdf,,6e8f1464-8c52-5cab-bcee-280696c1302a,20f2f4a3-dc59-5cea-919f-3e09630d55da,Tenn. Code Ann. Sec. 36-5-3106,tenncodeann3653106,36-5-3106. Procedure to contest validity or enforcement of registered order.,,36-5-3106,,,5,pending_extraction_qa,general_answer_authority,current,,1900-01-01,,true,QA signoff required; high-risk legal domain; high_risk=juvenile-court procedure,Adopt with revision,Corpus administrator,Blocks production display until signed off,"Current law, source authority, or high-risk status cannot be confirmed",chunk_count=2; chunk_types=black_letter_text:1|history:1; high_risk_domains=juvenile-court procedure
qa_signoff_required_version,High,statute,tca_title_37,37_1_101_37_1_201.pdf,423871eb310b5359f8fb18b9ddd970c37fdcfea65392db9e3fddae5531ca5d99,Benchbook.ai Database Files/Title 37/37_1_101_37_1_201.pdf,,c2224132-5833-5f26-8ac7-4f3c1d29aa11,223e8c2a-ae3e-5a64-91f3-0d4ff7b6bd5b,Tenn. Code Ann. Sec. 37-1-189,tenncodeann371189,37-1-189. Telephone call and visitation procedures for juveniles admitted to juvenile detention facilities.,,37-1-189,,,1,pending_extraction_qa,general_answer_authority,current,,1900-01-01,,true,QA signoff required; high-risk legal domain; high_risk=juvenile-court procedure,Adopt with revision,Corpus administrator,Blocks production display until signed off,"Current law, source authority, or high-risk status cannot be confirmed",chunk_count=3; chunk_types=annotation_candidate:1|black_letter_text:1|history:1; high_risk_domains=juvenile-court procedure
qa_signoff_required_version,High,dcs_policy,dcs_policies_procedures,631_Protocol_Protocol_for_Requesting_CLEAR_Searches.pdf,fc5e027cd30549c2bd261e63382f9bc0da552c7a4f216e070e5f7cc850d8b7dc,Benchbook.ai Database Files/DCS P&P/TN_DCS_Policies/Ch31_Field_Services/631_Protocol_Protocol_for_Requesting_CLEAR_Searches.pdf,,b6ca5f20-ffdd-54dd-8dde-8b315f58d2eb,22765391-5313-5568-8006-ef599e8498cc,Document header (application/authority/dates),documentheaderapplicationauthoritydates,Protocol Protocol for Requesting CLEAR Searches,,Document header (application/authority/dates),,Ch31_Field_Services,protocol,pending_extraction_qa,guardrail_reference_only,current,,1900-01-01,,true,QA signoff required; high-risk legal domain; high_risk=juvenile-court procedure,Adopt with revision,Corpus administrator,Blocks production display until signed off,"Current law, source authority, or high-risk status cannot be confirmed",chunk_count=5; chunk_types=metadata:1|protocol:4; high_risk_domains=juvenile-court procedure
qa_signoff_required_version,High,statute,tca_title_36,36_1_101_36_3_302.pdf,a6b1c6cff6bb307f3a639c10092c82a25e738e587f1b374a6317441324525720,Benchbook.ai Database Files/Title 36/36_1_101_36_3_302.pdf,,a55b5621-f11e-516f-98db-e434af659f14,22d47d35-6bf6-5d35-92a1-4735d683dd38,Tenn. Code Ann. Sec. 36-1-111,tenncodeann361111,36-1-111. Presurrender request for home study or preliminary home study  -  Surrender of child  -  Consent for adoption by parent  -  Effect of Surrender,,36-1-111,,,1,pending_extraction_qa,general_answer_authority,current,,1900-01-01,,true,QA signoff required; high-risk legal domain; warnings=unusually_large_chunk; high_risk=adoption|surrender,Adopt with revision,Corpus administrator,Blocks production display until signed off,"Current law, source authority, or high-risk status cannot be confirmed",chunk_count=6; chunk_types=annotation_candidate:2|black_letter_text:1|case_note_candidate:2|history:1; warning_counts=unusually_large_chunk:1; high_risk_domains=adoption|surrender
qa_signoff_required_version,High,dcs_policy,dcs_policies_procedures,286_Work_Aid_Visitation_Plan_Work_Aid.pdf,bfad7eae3021cb724c004ae707fea0b9adf2bdd6643d1b5768a54e9c637b14cd,Benchbook.ai Database Files/DCS P&P/TN_DCS_Policies/Ch16A_Foster_Care/286_Work_Aid_Visitation_Plan_Work_Aid.pdf,,b93c8d46-2b01-546b-be0e-32b19925a198,253138fe-9979-5967-a8be-66feb8cfc4eb,Document header (application/authority/dates),documentheaderapplicationauthoritydates,Work Aid Visitation Plan Work Aid,,Document header (application/authority/dates),,Ch16A_Foster_Care,work_aid,pending_extraction_qa,guardrail_reference_only,current,,1900-01-01,,true,QA signoff required; high-risk legal domain; high_risk=juvenile-court procedure,Adopt with revision,Corpus administrator,Blocks production display until signed off,"Current law, source authority, or high-risk status cannot be confirmed",chunk_count=2; chunk_types=metadata:1|work_aid:1; high_risk_domains=juvenile-court procedure
qa_signoff_required_version,High,dcs_policy,dcs_policies_procedures,204_14.9_DCS_Response_to_Allegations_Involving_Drug_Exposed_Children.pdf,458c4b6a92b4771b7bec4b4bbdbcb222614da7d626059cc4bc462e74b8de66cf,Benchbook.ai Database Files/DCS P&P/TN_DCS_Policies/Ch14_CPS/204_14.9_DCS_Response_to_Allegations_Involving_Drug_Exposed_Children.pdf,,b53f8c23-d816-511c-85d3-9a8998bfd7af,267be0e3-c9f2-5daf-8dbd-27c6b671168f,DCS Policy 14.9,dcspolicy149,DCS Response to Allegations Involving Drug Exposed Children,,Document header (application/authority/dates),14.9,Ch14_CPS,policy,pending_extraction_qa,guardrail_reference_only,current,,1900-01-01,,true,QA signoff required; high-risk legal domain; high_risk=juvenile-court procedure,Adopt with revision,Corpus administrator,Blocks production display until signed off,"Current law, source authority, or high-risk status cannot be confirmed",chunk_count=16; chunk_types=metadata:1|policy_text:15; high_risk_domains=juvenile-court procedure
qa_signoff_required_version,High,dcs_policy,dcs_policies_procedures,346_16.20_Custodial_Relative_Kinship_Foster_Home_Approval.pdf,daf30893345f7474e802d46907a3cdc0e56b73a442fe23f89c815542192ab0f7,Benchbook.ai Database Files/DCS P&P/TN_DCS_Policies/Ch16B_Foster_Homes/346_16.20_Custodial_Relative_Kinship_Foster_Home_Approval.pdf,,b8ac32e8-aad6-547c-b068-57e3634f901d,2718d90a-feda-5c38-ade2-7836afcdeab0,DCS Policy 16.20,dcspolicy1620,Custodial Relative/Kinship Foster Home Approval,,Document header (application/authority/dates),16.20,Ch16B_Foster_Homes,policy,pending_extraction_qa,guardrail_reference_only,current,,1900-01-01,,true,QA signoff required; high-risk legal domain; high_risk=juvenile-court procedure,Adopt with revision,Corpus administrator,Blocks production display until signed off,"Current law, source authority, or high-risk status cannot be confirmed",chunk_count=13; chunk_types=metadata:1|policy_text:12; high_risk_domains=juvenile-court procedure
qa_signoff_required_version,High,dcs_policy,dcs_policies_procedures,226_14.21_Internal_Quality_Control_for_the_Office_of_Child_Safety.pdf,68b32ee7bb6814d8778a104c370fb06ed82959fa505c9c5e596188870b231cc4,Benchbook.ai Database Files/DCS P&P/TN_DCS_Policies/Ch14_CPS/226_14.21_Internal_Quality_Control_for_the_Office_of_Child_Safety.pdf,,b85bdbc9-f661-5d82-bfb2-53e7a69573a5,271f9962-0d82-5d9f-83f2-4bd582be394c,DCS Policy 14.21,dcspolicy1421,Internal Quality Control for the Office of Child Safety,,Document header (application/authority/dates),14.21,Ch14_CPS,policy,pending_extraction_qa,guardrail_reference_only,current,,1900-01-01,,true,QA signoff required; high-risk legal domain; high_risk=juvenile-court procedure,Adopt with revision,Corpus administrator,Blocks production display until signed off,"Current law, source authority, or high-risk status cannot be confirmed",chunk_count=14; chunk_types=metadata:1|policy_text:13; high_risk_domains=juvenile-court procedure
qa_signoff_required_version,High,statute,tca_title_36,36_7_204_36_8_104.pdf,48b043f0038b786c6484b6bfa2f6c00f194f620ce2e7dca863080830d67879e4,Benchbook.ai Database Files/Title 36/36_7_204_36_8_104.pdf,,295c3d2c-5b21-53b3-85bf-b3b31292e921,277c72f5-255c-54df-9874-6c1ba4ef2057,Tenn. Code Ann. Sec. 36-7-401,tenncodeann367401,36-7-401. Termination of temporary order providing for modification of child custody decree.,,36-7-401,,,7,pending_extraction_qa,general_answer_authority,current,,1900-01-01,,true,QA signoff required; high-risk legal domain; high_risk=custody|termination of parental rights,Adopt with revision,Corpus administrator,Blocks production display until signed off,"Current law, source authority, or high-risk status cannot be confirmed",chunk_count=2; chunk_types=black_letter_text:1|history:1; high_risk_domains=custody|termination of parental rights
qa_signoff_required_version,High,dcs_policy,dcs_policies_procedures,636_31.19_Use_of_Mechanical_Restraints_for_Youth.pdf,5cdca4356c2768c14dc5cab04529960ab748819928db97b66a877170c2d34648,Benchbook.ai Database Files/DCS P&P/TN_DCS_Policies/Ch31_Field_Services/636_31.19_Use_of_Mechanical_Restraints_for_Youth.pdf,,ea7ea892-f666-5f9f-a1df-e949d5a05de6,291349b0-58ed-50da-8c13-cb030031dff0,DCS Policy 31.19,dcspolicy3119,Use of Mechanical Restraints for Youth,,Document header (application/authority/dates),31.19,Ch31_Field_Services,policy,pending_extraction_qa,guardrail_reference_only,current,,1900-01-01,,true,QA signoff required; high-risk legal domain; high_risk=juvenile-court procedure,Adopt with revision,Corpus administrator,Blocks production display until signed off,"Current law, source authority, or high-risk status cannot be confirmed",chunk_count=16; chunk_types=metadata:1|policy_text:15; high_risk_domains=juvenile-court procedure
qa_signoff_required_version,High,dcs_policy,dcs_policies_procedures,294_Protocol_Protocol_for_Placement_Exception_Categories.pdf,1904bdc048b1514580860474b003779ac69a4ce3f620b6009d95d67d55e4e4a4,Benchbook.ai Database Files/DCS P&P/TN_DCS_Policies/Ch16A_Foster_Care/294_Protocol_Protocol_for_Placement_Exception_Categories.pdf,,d3f25576-4f1f-586e-9eda-0d4b7a8aafac,292ffc67-6458-5dd1-aa9b-4f3b7b0538c0,Document header (application/authority/dates),documentheaderapplicationauthoritydates,Protocol Protocol for Placement Exception Categories,,Document header (application/authority/dates),,Ch16A_Foster_Care,protocol,pending_extraction_qa,guardrail_reference_only,current,,1900-01-01,,true,QA signoff required; high-risk legal domain; high_risk=adoption|juvenile-court procedure,Adopt with revision,Corpus administrator,Blocks production display until signed off,"Current law, source authority, or high-risk status cannot be confirmed",chunk_count=9; chunk_types=metadata:1|protocol:8; high_risk_domains=adoption|juvenile-court procedure
qa_signoff_required_version,High,statute,tca_title_37,37_5_208_37_11_102.pdf,671e49bb1997d77bd0554e6c8d9ea6603947e3c8da80994b9ccd250b7f399378,Benchbook.ai Database Files/Title 37/37_5_208_37_11_102.pdf,,a6cbef49-c227-566f-be1e-6312cca11b6f,29f2db68-8a0e-505c-8bf5-736c634d9dac,Tenn. Code Ann. Sec. 37-5-512,tenncodeann375512,"37-5-512. Abuse, neglect, or sexual abuse.",,37-5-512,,,5,pending_extraction_qa,general_answer_authority,current,,1900-01-01,,true,QA signoff required; high-risk legal domain; high_risk=dependency and neglect,Adopt with revision,Corpus administrator,Blocks production display until signed off,"Current law, source authority, or high-risk status cannot be confirmed",chunk_count=3; chunk_types=annotation_candidate:1|black_letter_text:1|history:1; high_risk_domains=dependency and neglect
qa_signoff_required_version,High,dcs_policy,dcs_policies_procedures,310_Guide_Guide_to_Full_Disclosure_of_Permanency_Options_-_Spanish.pdf,0be58a069420d58fb070587ee51e4fcdc11c60f315cf094b97672e436a6d57ed,Benchbook.ai Database Files/DCS P&P/TN_DCS_Policies/Ch16A_Foster_Care/310_Guide_Guide_to_Full_Disclosure_of_Permanency_Options_-_Spanish.pdf,,feb81102-44a5-52e3-ac07-1d24670448a5,2b1317a3-8c50-5527-a6f9-52c834370db8,Document header (application/authority/dates),documentheaderapplicationauthoritydates,Guide Guide to Full Disclosure of Permanency Options Spanish,,Document header (application/authority/dates),,Ch16A_Foster_Care,guide,pending_extraction_qa,guardrail_reference_only,current,,1900-01-01,,true,QA signoff required; high-risk legal domain; high_risk=juvenile-court procedure,Adopt with revision,Corpus administrator,Blocks production display until signed off,"Current law, source authority, or high-risk status cannot be confirmed",chunk_count=8; chunk_types=guide:7|metadata:1; high_risk_domains=juvenile-court procedure
qa_signoff_required_version,High,dcs_policy,dcs_policies_procedures,195_Protocol_Protocol_for_Child_Protective_Services_Case_Tasks_and_Respon.pdf,0f2d066365872c54903aece0d1cb7a63938047a55f7fe6979d2275de27df490a,Benchbook.ai Database Files/DCS P&P/TN_DCS_Policies/Ch14_CPS/195_Protocol_Protocol_for_Child_Protective_Services_Case_Tasks_and_Respon.pdf,,efc424b7-80dd-54f4-a92f-8d775924d56b,2ee6dc6c-eaa1-5bfd-af39-7469f6b77a56,Document header (application/authority/dates),documentheaderapplicationauthoritydates,Protocol Protocol for Child Protective Services Case Tasks and Respon,,Document header (application/authority/dates),,Ch14_CPS,protocol,pending_extraction_qa,guardrail_reference_only,current,,1900-01-01,,true,QA signoff required; high-risk legal domain; high_risk=juvenile-court procedure,Adopt with revision,Corpus administrator,Blocks production display until signed off,"Current law, source authority, or high-risk status cannot be confirmed",chunk_count=17; chunk_types=metadata:1|protocol:16; high_risk_domains=juvenile-court procedure
qa_signoff_required_version,High,rule,tenn_rules_juvenile_practice_procedure,Tenn. R. Juv. P. Rules.pdf,896900cf9175f11a38df986da4af09e62632abd8aa865b24d35b3e5a8beee541,Benchbook.ai Database Files/Tenn. R. Juv. P. Rules.pdf,,3bcc5404-b982-56d1-ab38-a0bbf7340220,2fbf73f5-ce24-568a-bc91-53071aace61b,Tenn. R. Juv. P. 111,tennrjuvp111,Rule 111. Scheduling conferences and orders.,111,,,,,pending_extraction_qa,general_answer_authority,current,,1900-01-01,,true,QA signoff required; high-risk legal domain; high_risk=juvenile-court procedure,Adopt with revision,Corpus administrator,Blocks production display until signed off,"Current law, source authority, or high-risk status cannot be confirmed",chunk_count=4; chunk_types=advisory_comment:1|annotation_candidate:1|black_letter_text:1|history:1; high_risk_domains=juvenile-court procedure
qa_signoff_required_version,High,dcs_policy,dcs_policies_procedures,197_Memo_Exigent_Circumstances_Memo.pdf,7d9c623d63c9188eed2daee3111363a205a8140b15191bbdd2ec9d5354f19506,Benchbook.ai Database Files/DCS P&P/TN_DCS_Policies/Ch14_CPS/197_Memo_Exigent_Circumstances_Memo.pdf,,6b571c85-2201-5e97-afa9-5886c963d1b5,3007324f-c9ed-5b49-8d82-90c9a2ec4272,Document header (application/authority/dates),documentheaderapplicationauthoritydates,Memo Exigent Circumstances Memo,,Document header (application/authority/dates),,Ch14_CPS,unknown,pending_extraction_qa,guardrail_reference_only,current,,1900-01-01,,true,QA signoff required; high-risk legal domain; high_risk=juvenile-court procedure,Adopt with revision,Corpus administrator,Blocks production display until signed off,"Current law, source authority, or high-risk status cannot be confirmed",chunk_count=1; chunk_types=metadata:1; high_risk_domains=juvenile-court procedure
qa_signoff_required_version,High,dcs_policy,dcs_policies_procedures,637_Handbook_Clients_Rights_Handbook.pdf,739d2ab937b50bec6021452bd88bb0a33e7c7094b76e6160dd7d94d37d8f109f,Benchbook.ai Database Files/DCS P&P/TN_DCS_Policies/Ch31_Field_Services/637_Handbook_Clients_Rights_Handbook.pdf,,abb68b86-1e50-5271-93ba-3e789a070f9f,300a504c-13f9-59bc-93c5-1c241197ccd3,Document header (application/authority/dates),documentheaderapplicationauthoritydates,Handbook Clients Rights Handbook,,Document header (application/authority/dates),,Ch31_Field_Services,handbook,pending_extraction_qa,guardrail_reference_only,current,,1900-01-01,,true,QA signoff required; high-risk legal domain; high_risk=juvenile-court procedure,Adopt with revision,Corpus administrator,Blocks production display until signed off,"Current law, source authority, or high-risk status cannot be confirmed",chunk_count=3; chunk_types=metadata:1|unknown:2; warning_counts=unusually_large_chunk:1; high_risk_domains=juvenile-court procedure
qa_signoff_required_version,High,statute,tca_title_36,36_5_121_36_5_2308.pdf,4a4ad35f21e2dd2c2023d13074bce9fd8ae80600d4caaa551c629027c01ac952,Benchbook.ai Database Files/Title 36/36_5_121_36_5_2308.pdf,,52a6ff01-d0b5-5821-bd7d-380933199fd2,31e8c44a-b166-51ec-83e9-9565d4a930f3,Tenn. Code Ann. Sec. 36-5-912,tenncodeann365912,36-5-912. Enforcement procedures  -  Rules for enforcement  -  Contracts for enforcement procedures.,,36-5-912,,,5,pending_extraction_qa,general_answer_authority,current,,1900-01-01,,true,QA signoff required; high-risk legal domain; high_risk=juvenile-court procedure,Adopt with revision,Corpus administrator,Blocks production display until signed off,"Current law, source authority, or high-risk status cannot be confirmed",chunk_count=2; chunk_types=black_letter_text:1|history:1; high_risk_domains=juvenile-court procedure
qa_signoff_required_version,High,dcs_policy,dcs_policies_procedures,605_Flyer_What_Youth_Should_Know_About_a_CFTM.pdf,7cc41afaebb19be87d9a1271273a0a9f82884edbb98b28be31b5bd353ddf55da,Benchbook.ai Database Files/DCS P&P/TN_DCS_Policies/Ch31_Field_Services/605_Flyer_What_Youth_Should_Know_About_a_CFTM.pdf,,850f87b3-5192-5dd3-9d83-ec1364fe63fc,321ae10c-c3fb-5b3b-82fb-330dc7702a4e,Document header (application/authority/dates),documentheaderapplicationauthoritydates,Flyer What Youth Should Know About a CFTM,,Document header (application/authority/dates),,Ch31_Field_Services,unknown,pending_extraction_qa,guardrail_reference_only,current,,1900-01-01,,true,QA signoff required; high-risk legal domain; high_risk=juvenile-court procedure,Adopt with revision,Corpus administrator,Blocks production display until signed off,"Current law, source authority, or high-risk status cannot be confirmed",chunk_count=1; chunk_types=metadata:1; high_risk_domains=juvenile-court procedure
qa_signoff_required_version,High,statute,tca_title_37,37_5_208_37_11_102.pdf,671e49bb1997d77bd0554e6c8d9ea6603947e3c8da80994b9ccd250b7f399378,Benchbook.ai Database Files/Title 37/37_5_208_37_11_102.pdf,,c4c8b622-c5f1-588d-87e1-96e0b19718aa,324cd3e5-5757-5443-9c61-11d416da59dd,Tenn. Code Ann. Sec. 37-10-204,tenncodeann3710204,37-10-204. Reports to juvenile court judge  -  Missing child order.,,37-10-204,,,5,pending_extraction_qa,general_answer_authority,current,,1900-01-01,,true,QA signoff required; high-risk legal domain; high_risk=juvenile-court procedure,Adopt with revision,Corpus administrator,Blocks production display until signed off,"Current law, source authority, or high-risk status cannot be confirmed",chunk_count=3; chunk_types=annotation_candidate:1|black_letter_text:1|history:1; high_risk_domains=juvenile-court procedure
qa_signoff_required_version,High,dcs_policy,dcs_policies_procedures,290_Protocol_Protocol_for_Accessing_and_Working_in_a_Transitional_House.pdf,22b5296232d1f0d609320b254154702ed27a7c905f867c842b22644d3f37984f,Benchbook.ai Database Files/DCS P&P/TN_DCS_Policies/Ch16A_Foster_Care/290_Protocol_Protocol_for_Accessing_and_Working_in_a_Transitional_House.pdf,,9ada026e-ee72-50b5-b542-75324f6279fa,329533fb-f2d0-5e0f-81ee-ce8aa8a2827f,Document header (application/authority/dates),documentheaderapplicationauthoritydates,Protocol Protocol for Accessing and Working in a Transitional House,,Document header (application/authority/dates),,Ch16A_Foster_Care,protocol,pending_extraction_qa,guardrail_reference_only,current,,1900-01-01,,true,QA signoff required; high-risk legal domain; high_risk=juvenile-court procedure,Adopt with revision,Corpus administrator,Blocks production display until signed off,"Current law, source authority, or high-risk status cannot be confirmed",chunk_count=4; chunk_types=metadata:1|protocol:3; warning_counts=unusually_large_chunk:1; high_risk_domains=juvenile-court procedure
qa_signoff_required_version,High,dcs_policy,dcs_policies_procedures,594_Policy_Protocol_for_Search_Procedures.pdf,c31b4b1e5dc86dd583caac7073b090b146d59b4905f5ff3f7a74ca5d9bc8c2e0,Benchbook.ai Database Files/DCS P&P/TN_DCS_Policies/Ch31_Field_Services/594_Policy_Protocol_for_Search_Procedures.pdf,,568e7cba-310a-5279-8d83-16534752e0ee,330a68d0-68b5-532c-b461-9dc0d51601d1,,,Policy Protocol for Search Procedures,,,,Ch31_Field_Services,unknown,pending_extraction_qa,guardrail_reference_only,current,,1900-01-01,,true,QA signoff required; high-risk legal domain; warnings=unusually_large_chunk; high_risk=juvenile-court procedure,Adopt with revision,Corpus administrator,Blocks production display until signed off,"Current law, source authority, or high-risk status cannot be confirmed",chunk_count=5; chunk_types=unknown:5; warning_counts=unusually_large_chunk:1; high_risk_domains=juvenile-court procedure
qa_signoff_required_version,High,dcs_policy,dcs_policies_procedures,217_14.14_Removal_Safety_and_Permanency_Considerations.pdf,044682b5dfabffca9ad6235a24d687e80694517c0ae73372b046d098a1e41cec,Benchbook.ai Database Files/DCS P&P/TN_DCS_Policies/Ch14_CPS/217_14.14_Removal_Safety_and_Permanency_Considerations.pdf,,8d5ecd80-3605-56a6-9bf1-18911493e686,330de5ac-54b6-54f7-bc16-d632ceaa15d3,DCS Policy 14.14,dcspolicy1414,Removal: Safety and Permanency Considerations,,Document header (application/authority/dates),14.14,Ch14_CPS,policy,pending_extraction_qa,guardrail_reference_only,current,,1900-01-01,,true,QA signoff required; high-risk legal domain; high_risk=custody|juvenile-court procedure|removal,Adopt with revision,Corpus administrator,Blocks production display until signed off,"Current law, source authority, or high-risk status cannot be confirmed",chunk_count=14; chunk_types=metadata:1|policy_text:13; high_risk_domains=custody|juvenile-court procedure|removal
qa_signoff_required_version,High,statute,tca_title_37,37_3_406_37_5_207.pdf,f5988b3eb095354fc6f06654c4c4612f78f6bb3e04958bec4ce0bc16234b83ad,Benchbook.ai Database Files/Title 37/37_3_406_37_5_207.pdf,,44b9111d-3a0e-5ae5-8392-e600d9dba960,3369f3c0-f12a-5a75-ae8b-ac4ff386e4f1,Tenn. Code Ann. Sec. 37-4-204,tenncodeann374204,37-4-204. Determination of financial responsibility.,,37-4-204,,,3,pending_extraction_qa,general_answer_authority,current,,1900-01-01,,true,QA signoff required; high-risk legal domain; high_risk=termination of parental rights,Adopt with revision,Corpus administrator,Blocks production display until signed off,"Current law, source authority, or high-risk status cannot be confirmed",chunk_count=2; chunk_types=black_letter_text:1|history:1; high_risk_domains=termination of parental rights
qa_signoff_required_version,High,dcs_policy,dcs_policies_procedures,642_WorkAid_Use_of_Mechanical_Restraints_for_Youth.pdf,7adc0db7b13f771e2bceeddb94847b7c4e97ca6fcb568bb3c2009b699c9975e5,Benchbook.ai Database Files/DCS P&P/TN_DCS_Policies/Ch31_Field_Services/642_WorkAid_Use_of_Mechanical_Restraints_for_Youth.pdf,,116ccb1d-93f9-5784-ad3d-12ce248ffdc7,344663e9-d497-5896-8fc9-13ae43325e13,,,WorkAid Use of Mechanical Restraints for Youth,,,,Ch31_Field_Services,unknown,pending_extraction_qa,guardrail_reference_only,current,,1900-01-01,,true,QA signoff required; high-risk legal domain; high_risk=juvenile-court procedure,Adopt with revision,Corpus administrator,Blocks production display until signed off,"Current law, source authority, or high-risk status cannot be confirmed",chunk_count=1; chunk_types=unknown:1; high_risk_domains=juvenile-court procedure
qa_signoff_required_version,High,statute,tca_title_37,37_2_203_37_3_405.pdf,4505a32368dd82bcc6408f4fe16b2513cc23b2c810ae9254e0e21bc9d17153f5,Benchbook.ai Database Files/Title 37/37_2_203_37_3_405.pdf,,08126e69-05dd-551f-8c49-850b5964053d,34511bb9-8602-5fd1-80eb-4f42d260e94e,Tenn. Code Ann. Sec. 37-2-702,tenncodeann372702,37-2-702. Declaration of policy. [Effective when contingency met. See Compiler's Notes.],,37-2-702,,,2,pending_extraction_qa,general_answer_authority,unknown_effectivity,Effective when contingency met. See Compiler's Notes.,,,true,unknown-effective-date issue; QA signoff required; warnings=effective_dated_version_unit,Adopt with revision,Corpus administrator,Blocks production display until signed off,"Current law, source authority, or high-risk status cannot be confirmed",chunk_count=3; chunk_types=annotation_candidate:1|black_letter_text:1|history:1; warning_counts=effective_dated_version_unit:3
qa_signoff_required_version,High,statute,tca_title_37,37_1_202_37_2_202.pdf,9cd08fcaae4176f55dd74ead07e414a9d249a0777f0f7249175756d29833d45c,Benchbook.ai Database Files/Title 37/37_1_202_37_2_202.pdf,,16b1709f-65ed-5381-9e38-815d8fa3b04e,3484b9e5-36c3-55b4-8567-703abceff746,Tenn. Code Ann. Sec. 37-1-207,tenncodeann371207,37-1-207. Special juvenile courts  -  Judges.,,37-1-207,,,1,pending_extraction_qa,general_answer_authority,current,,1900-01-01,,true,QA signoff required; high-risk legal domain; high_risk=juvenile-court procedure,Adopt with revision,Corpus administrator,Blocks production display until signed off,"Current law, source authority, or high-risk status cannot be confirmed",chunk_count=2; chunk_types=black_letter_text:1|history:1; high_risk_domains=juvenile-court procedure
qa_signoff_required_version,High,statute,tca_title_37,37_5_208_37_11_102.pdf,671e49bb1997d77bd0554e6c8d9ea6603947e3c8da80994b9ccd250b7f399378,Benchbook.ai Database Files/Title 37/37_5_208_37_11_102.pdf,,1ac82d20-753c-5bb6-a3ba-a735b0e37fb1,3545feab-2324-548a-9b95-dd6de3c3d6db,Tenn. Code Ann. Sec. 37-10-501,tenncodeann3710501,37-10-501. Promotion of parental help line for prevention of child abuse.,,37-10-501,,,5,pending_extraction_qa,general_answer_authority,current,,1900-01-01,,true,QA signoff required; high-risk legal domain; high_risk=termination of parental rights,Adopt with revision,Corpus administrator,Blocks production display until signed off,"Current law, source authority, or high-risk status cannot be confirmed",chunk_count=2; chunk_types=black_letter_text:1|history:1; high_risk_domains=termination of parental rights
qa_signoff_required_version,High,statute,tca_title_36,36_7_204_36_8_104.pdf,48b043f0038b786c6484b6bfa2f6c00f194f620ce2e7dca863080830d67879e4,Benchbook.ai Database Files/Title 36/36_7_204_36_8_104.pdf,,1ba98dbe-494d-5db0-be2a-d3d37b5ede09,354f6e73-e12b-53bf-b050-8aa0e3a74415,Tenn. Code Ann. Sec. 36-8-103,tenncodeann368103,36-8-103. Parents' fundamental rights  -  Exceptions and exclusions  -  Mandatory disclosure to parents  -  Right of action against government,,36-8-103,,,7,pending_extraction_qa,general_answer_authority,future_effective,"Effective on July 1, 2026. See the version effective until July 1, 2026.",2026-07-01,,true,future-effective issue; QA signoff required; warnings=effective_dated_version_text,Adopt with revision,Corpus administrator,Blocks production display until signed off,"Current law, source authority, or high-risk status cannot be confirmed",chunk_count=1; chunk_types=black_letter_text:1; warning_counts=effective_dated_version_text:1
qa_signoff_required_version,High,dcs_policy,dcs_policies_procedures,277_Protocol_Protocol_for_Planned_Permanent_Living_Arrangement.pdf,6d176c25db7c73c7dee5981ccf77e9feb2bd070833c31295aa5a2940370c172d,Benchbook.ai Database Files/DCS P&P/TN_DCS_Policies/Ch16A_Foster_Care/277_Protocol_Protocol_for_Planned_Permanent_Living_Arrangement.pdf,,c78649cb-4edc-5ff6-8e09-de25892df337,35e580d9-8f27-59be-aec6-a88044c645b9,Document header (application/authority/dates),documentheaderapplicationauthoritydates,Protocol Protocol for Planned Permanent Living Arrangement,,Document header (application/authority/dates),,Ch16A_Foster_Care,protocol,pending_extraction_qa,guardrail_reference_only,current,,1900-01-01,,true,QA signoff required; high-risk legal domain; high_risk=juvenile-court procedure,Adopt with revision,Corpus administrator,Blocks production display until signed off,"Current law, source authority, or high-risk status cannot be confirmed",chunk_count=2; chunk_types=metadata:1|protocol:1; high_risk_domains=juvenile-court procedure
qa_signoff_required_version,High,dcs_policy,dcs_policies_procedures,319_Work_Aid_Work_Aid_for_Scanning_Foster_Home_Approval_Documentation.pdf,0a2e2aa2810a4de489b3539924b43ca2a9967ac1f21f4b9457240ab3315a68b9,Benchbook.ai Database Files/DCS P&P/TN_DCS_Policies/Ch16B_Foster_Homes/319_Work_Aid_Work_Aid_for_Scanning_Foster_Home_Approval_Documentation.pdf,,98377557-3b18-5913-adb8-68f4545418a4,3605c336-c3bf-52e0-8ffa-6b0b5c3219d0,Document header (application/authority/dates),documentheaderapplicationauthoritydates,Work Aid Work Aid for Scanning Foster Home Approval Documentation,,Document header (application/authority/dates),,Ch16B_Foster_Homes,work_aid,pending_extraction_qa,guardrail_reference_only,current,,1900-01-01,,true,QA signoff required; high-risk legal domain; high_risk=juvenile-court procedure,Adopt with revision,Corpus administrator,Blocks production display until signed off,"Current law, source authority, or high-risk status cannot be confirmed",chunk_count=2; chunk_types=metadata:1|work_aid:1; high_risk_domains=juvenile-court procedure
qa_signoff_required_version,High,dcs_policy,dcs_policies_procedures,227_14.22_Child_Protective_Services_Background_Checks.pdf,e859598514d10c47fc063e636267eee3c9acd22c572f71e513656ab861e53753,Benchbook.ai Database Files/DCS P&P/TN_DCS_Policies/Ch14_CPS/227_14.22_Child_Protective_Services_Background_Checks.pdf,,ea926d68-5554-5fa6-87c6-607e992a1d0c,36656ca8-5bc8-518b-b37d-1d026dec92d3,DCS Policy 14.22,dcspolicy1422,Child Protective Services Background Checks,,Document header (application/authority/dates),14.22,Ch14_CPS,policy,pending_extraction_qa,guardrail_reference_only,current,,1900-01-01,,true,QA signoff required; high-risk legal domain; high_risk=dependency and neglect|juvenile-court procedure,Adopt with revision,Corpus administrator,Blocks production display until signed off,"Current law, source authority, or high-risk status cannot be confirmed",chunk_count=11; chunk_types=metadata:1|policy_text:10; high_risk_domains=dependency and neglect|juvenile-court procedure
qa_signoff_required_version,High,statute,tca_title_37,37_1_101_37_1_201.pdf,423871eb310b5359f8fb18b9ddd970c37fdcfea65392db9e3fddae5531ca5d99,Benchbook.ai Database Files/Title 37/37_1_101_37_1_201.pdf,,d4358f61-1225-5200-9a5b-53b0810cf6b1,3665710d-0095-58fe-98dd-196257179163,Tenn. Code Ann. Sec. 37-1-175,tenncodeann371175,37-1-175. Temporary legal custody for children with mental illnesses.,,37-1-175,,,1,pending_extraction_qa,general_answer_authority,current,,1900-01-01,,true,QA signoff required; high-risk legal domain; high_risk=custody,Adopt with revision,Corpus administrator,Blocks production display until signed off,"Current law, source authority, or high-risk status cannot be confirmed",chunk_count=5; chunk_types=annotation_candidate:3|black_letter_text:1|history:1; high_risk_domains=custody
qa_signoff_required_version,High,dcs_policy,dcs_policies_procedures,609_31.10_Combating_Commercial_Sexual_Exploitation_of_Minors.pdf,d1a38cea93969d51a0ed7a2fb85f03976aecacaa7e82b475e634d40dbd867b92,Benchbook.ai Database Files/DCS P&P/TN_DCS_Policies/Ch31_Field_Services/609_31.10_Combating_Commercial_Sexual_Exploitation_of_Minors.pdf,,c7dd2b00-4df8-5601-bbb0-e295f0373cfa,37d66c6a-8df6-526c-98f4-a550b1d6b1a7,DCS Policy 31.10,dcspolicy3110,Combating Commercial Sexual Exploitation of Minors,,Document header (application/authority/dates),31.10,Ch31_Field_Services,policy,pending_extraction_qa,guardrail_reference_only,current,,1900-01-01,,true,QA signoff required; high-risk legal domain; high_risk=juvenile-court procedure,Adopt with revision,Corpus administrator,Blocks production display until signed off,"Current law, source authority, or high-risk status cannot be confirmed",chunk_count=23; chunk_types=metadata:1|policy_text:22; high_risk_domains=juvenile-court procedure
qa_signoff_required_version,High,dcs_policy,dcs_policies_procedures,200_Work_Aid_5_Work_Aid_5_CPS_Courtesy_Requests.pdf,f495af2537916d28eb2f806fe136d134e61fc3ba87dfc48b1c04358c17f236e7,Benchbook.ai Database Files/DCS P&P/TN_DCS_Policies/Ch14_CPS/200_Work_Aid_5_Work_Aid_5_CPS_Courtesy_Requests.pdf,,500c8e39-2b29-567b-9a0b-98d8bd16377d,38be7b27-e281-5d86-95f1-5968e561f98a,Document header (application/authority/dates),documentheaderapplicationauthoritydates,Work Aid 5 Work Aid 5 CPS Courtesy Requests,,Document header (application/authority/dates),,Ch14_CPS,work_aid,pending_extraction_qa,guardrail_reference_only,current,,1900-01-01,,true,QA signoff required; high-risk legal domain; high_risk=juvenile-court procedure,Adopt with revision,Corpus administrator,Blocks production display until signed off,"Current law, source authority, or high-risk status cannot be confirmed",chunk_count=4; chunk_types=metadata:1|work_aid:3; high_risk_domains=juvenile-court procedure
qa_signoff_required_version,High,dcs_policy,dcs_policies_procedures,292_Protocol_Protocol_for_Commissioner_s_Review_of_Long-term_Qualified_Re.pdf,aa7bdea96d2966029dc95393bdd2cca17dc54acaeb1fc7383e04d4ff151a029c,Benchbook.ai Database Files/DCS P&P/TN_DCS_Policies/Ch16A_Foster_Care/292_Protocol_Protocol_for_Commissioner_s_Review_of_Long-term_Qualified_Re.pdf,,9156be28-2d4a-5c8e-aa93-18db3129eb2e,38c52316-36d1-5790-88a6-7cd6de0d9bf8,Document header (application/authority/dates),documentheaderapplicationauthoritydates,Protocol Protocol for Commissioner s Review of Long term Qualified Re,,Document header (application/authority/dates),,Ch16A_Foster_Care,protocol,pending_extraction_qa,guardrail_reference_only,current,,1900-01-01,,true,QA signoff required; high-risk legal domain; high_risk=juvenile-court procedure,Adopt with revision,Corpus administrator,Blocks production display until signed off,"Current law, source authority, or high-risk status cannot be confirmed",chunk_count=2; chunk_types=metadata:1|protocol:1; high_risk_domains=juvenile-court procedure
qa_signoff_required_version,High,dcs_policy,dcs_policies_procedures,181_Protocol_Protocol_for_Child_Abuse_Referrals_Against_DCS_Staff.pdf,591620f75f38152b331d62d0f4cb89e090bb25c196cd60edb966bde6a8295260,Benchbook.ai Database Files/DCS P&P/TN_DCS_Policies/Ch14_CPS/181_Protocol_Protocol_for_Child_Abuse_Referrals_Against_DCS_Staff.pdf,,d6e9e846-d208-5a42-8db1-4512639fa118,3955c381-3349-51fa-8353-9a9f29af008e,Document header (application/authority/dates),documentheaderapplicationauthoritydates,Protocol Protocol for Child Abuse Referrals Against DCS Staff,,Document header (application/authority/dates),,Ch14_CPS,protocol,pending_extraction_qa,guardrail_reference_only,current,,1900-01-01,,true,QA signoff required; high-risk legal domain; high_risk=juvenile-court procedure,Adopt with revision,Corpus administrator,Blocks production display until signed off,"Current law, source authority, or high-risk status cannot be confirmed",chunk_count=2; chunk_types=metadata:1|protocol:1; high_risk_domains=juvenile-court procedure
qa_signoff_required_version,High,statute,tca_title_37,37_1_101_37_1_201.pdf,423871eb310b5359f8fb18b9ddd970c37fdcfea65392db9e3fddae5531ca5d99,Benchbook.ai Database Files/Title 37/37_1_101_37_1_201.pdf,,5806f99e-3f1d-58bb-b0ce-098fe0a69b4d,399eaf0d-a898-5844-9ba3-8230c8e0907c,Tenn. Code Ann. Sec. 37-1-138,tenncodeann371138,37-1-138. Liability for expenses of returning juvenile to custody of department of children's services.,,37-1-138,,,1,pending_extraction_qa,general_answer_authority,current,,1900-01-01,,true,QA signoff required; high-risk legal domain; high_risk=custody,Adopt with revision,Corpus administrator,Blocks production display until signed off,"Current law, source authority, or high-risk status cannot be confirmed",chunk_count=3; chunk_types=annotation_candidate:1|black_letter_text:1|history:1; high_risk_domains=custody
qa_signoff_required_version,High,dcs_policy,dcs_policies_procedures,288_16.46_Child_Youth_Referral_and_Placement.pdf,c5edd9f9547c2bc4ef409b91186d74fa2511f650572a2b79cc344d84cfa190b5,Benchbook.ai Database Files/DCS P&P/TN_DCS_Policies/Ch16A_Foster_Care/288_16.46_Child_Youth_Referral_and_Placement.pdf,,d11775fe-cdd3-5f58-bf46-a8a6db2209ce,3a29584c-70d6-5da8-84c6-88d8fe5b91b4,DCS Policy 16.46,dcspolicy1646,Child/Youth Referral and Placement,,Document header (application/authority/dates),16.46,Ch16A_Foster_Care,policy,pending_extraction_qa,guardrail_reference_only,current,,1900-01-01,,true,QA signoff required; high-risk legal domain; high_risk=juvenile-court procedure,Adopt with revision,Corpus administrator,Blocks production display until signed off,"Current law, source authority, or high-risk status cannot be confirmed",chunk_count=9; chunk_types=metadata:1|policy_text:8; high_risk_domains=juvenile-court procedure
qa_signoff_required_version,High,statute,tca_title_36,36_1_101_36_3_302.pdf,a6b1c6cff6bb307f3a639c10092c82a25e738e587f1b374a6317441324525720,Benchbook.ai Database Files/Title 36/36_1_101_36_3_302.pdf,,053a9e8a-9cb9-5b33-bc1b-61498b9c3f22,3b40f072-9ceb-5c8b-a5ae-77ab1ac6ad9c,Tenn. Code Ann. Sec. 36-1-138,tenncodeann361138,36-1-138. Court orders for the release of information from adoption and sealed records.,,36-1-138,,,1,pending_extraction_qa,general_answer_authority,current,,1900-01-01,,true,QA signoff required; high-risk legal domain; high_risk=adoption,Adopt with revision,Corpus administrator,Blocks production display until signed off,"Current law, source authority, or high-risk status cannot be confirmed",chunk_count=6; chunk_types=annotation_candidate:3|black_letter_text:1|case_note_candidate:1|history:1; high_risk_domains=adoption
qa_signoff_required_version,High,dcs_policy,dcs_policies_procedures,304_Tip_Sheet_Services_Available_Under_TN_DCS_Independent_Living_Tip_Sheet.pdf,70ff5764ff6f78a08a6110c61e049da96def8ba1a077bb69f0e7a01fafe7726a,Benchbook.ai Database Files/DCS P&P/TN_DCS_Policies/Ch16A_Foster_Care/304_Tip_Sheet_Services_Available_Under_TN_DCS_Independent_Living_Tip_Sheet.pdf,,9911da83-6188-5d39-8a35-ba7b3309fcd4,3b6fb1e5-6976-5d84-9c9f-6b174fd1e0e7,Document header (application/authority/dates),documentheaderapplicationauthoritydates,Tip Sheet Services Available Under TN DCS Independent Living Tip Sheet,,Document header (application/authority/dates),,Ch16A_Foster_Care,tip_sheet,pending_extraction_qa,guardrail_reference_only,current,,1900-01-01,,true,QA signoff required; high-risk legal domain; high_risk=dependency and neglect|juvenile-court procedure,Adopt with revision,Corpus administrator,Blocks production display until signed off,"Current law, source authority, or high-risk status cannot be confirmed",chunk_count=1; chunk_types=metadata:1; high_risk_domains=dependency and neglect|juvenile-court procedure
qa_signoff_required_version,High,dcs_policy,dcs_policies_procedures,339_16.9_Required_Foster_Parent_In-Service_Training.pdf,889f9067cf4f1d1c9876e05c0d786338fe8d46737988eace3d1214a62f479cf7,Benchbook.ai Database Files/DCS P&P/TN_DCS_Policies/Ch16B_Foster_Homes/339_16.9_Required_Foster_Parent_In-Service_Training.pdf,,dfeb42b9-7180-56c4-8e43-6e24eb0bff88,3bdbee32-79d8-5d43-8546-d2b823da8fc8,DCS Policy 16.9,dcspolicy169,Required Foster Parent In-Service Training,,Document header (application/authority/dates),16.9,Ch16B_Foster_Homes,policy,pending_extraction_qa,guardrail_reference_only,current,,1900-01-01,,true,QA signoff required; high-risk legal domain; high_risk=juvenile-court procedure,Adopt with revision,Corpus administrator,Blocks production display until signed off,"Current law, source authority, or high-risk status cannot be confirmed",chunk_count=8; chunk_types=metadata:1|policy_text:7; high_risk_domains=juvenile-court procedure
qa_signoff_required_version,High,dcs_policy,dcs_policies_procedures,345_Guidelines_Guidelines_for_Foster_Home_Closure.pdf,20ce8639f0b29957420b21e2b3c9fb89898ea707076ec770ae44b804aa49664f,Benchbook.ai Database Files/DCS P&P/TN_DCS_Policies/Ch16B_Foster_Homes/345_Guidelines_Guidelines_for_Foster_Home_Closure.pdf,,92bb54ca-46b0-5142-892a-5ebde219ee37,3c0a2ca3-ed74-5571-9027-f0d4d91ec10b,Document header (application/authority/dates),documentheaderapplicationauthoritydates,Guidelines Guidelines for Foster Home Closure,,Document header (application/authority/dates),,Ch16B_Foster_Homes,guidelines,pending_extraction_qa,guardrail_reference_only,current,,1900-01-01,,true,QA signoff required; high-risk legal domain; high_risk=juvenile-court procedure,Adopt with revision,Corpus administrator,Blocks production display until signed off,"Current law, source authority, or high-risk status cannot be confirmed",chunk_count=2; chunk_types=guide:1|metadata:1; high_risk_domains=juvenile-court procedure
qa_signoff_required_version,High,rule,tenn_rules_juvenile_practice_procedure,Tenn. R. Juv. P. Rules.pdf,896900cf9175f11a38df986da4af09e62632abd8aa865b24d35b3e5a8beee541,Benchbook.ai Database Files/Tenn. R. Juv. P. Rules.pdf,,d713f898-401e-596f-8626-3fcff9e3f8d6,3c345456-6355-5ab1-83bd-3e40f64ec8b0,Tenn. R. Juv. P. 102,tennrjuvp102,Rule 102. [Reserved],102,,,,,pending_extraction_qa,general_answer_authority,current,,1900-01-01,,true,QA signoff required; high-risk legal domain; high_risk=juvenile-court procedure,Adopt with revision,Corpus administrator,Blocks production display until signed off,"Current law, source authority, or high-risk status cannot be confirmed",chunk_count=1; chunk_types=black_letter_text:1; high_risk_domains=juvenile-court procedure
qa_signoff_required_version,High,dcs_policy,dcs_policies_procedures,621_31.13_Drug_Screening_for_Individuals_Receiving_Services_from_DCS.pdf,59bf281e26b5baaaacd1a22157b3d9588c6121e5b34b31b08fc1a18f5508db00,Benchbook.ai Database Files/DCS P&P/TN_DCS_Policies/Ch31_Field_Services/621_31.13_Drug_Screening_for_Individuals_Receiving_Services_from_DCS.pdf,,028dee79-84e7-5530-989a-f696d6b5e090,3d5e6532-5d0c-564f-ac07-331df9a503a8,DCS Policy 31.13,dcspolicy3113,Drug Screening for Individuals Receiving Services from DCS,,Document header (application/authority/dates),31.13,Ch31_Field_Services,policy,pending_extraction_qa,guardrail_reference_only,current,,1900-01-01,,true,QA signoff required; high-risk legal domain; high_risk=juvenile-court procedure,Adopt with revision,Corpus administrator,Blocks production display until signed off,"Current law, source authority, or high-risk status cannot be confirmed",chunk_count=12; chunk_types=metadata:1|policy_text:11; high_risk_domains=juvenile-court procedure
qa_signoff_required_version,High,statute,tca_title_36,36_1_101_36_3_302.pdf,a6b1c6cff6bb307f3a639c10092c82a25e738e587f1b374a6317441324525720,Benchbook.ai Database Files/Title 36/36_1_101_36_3_302.pdf,,eb4b6e59-fcec-51f3-8d29-b2e1a12ab4b3,3dba0c6a-68ce-58df-a6a4-708e65056007,Tenn. Code Ann. Sec. 36-1-113,tenncodeann361113,"36-1-113. Termination of parental or guardianship rights. [Effective until July 1, 2026. See the version effective on July 1, 2026.]",,36-1-113,,,1,pending_extraction_qa,general_answer_authority,current,"Effective until July 1, 2026. See the version effective on July 1, 2026.",1900-01-01,2026-07-01,true,current-law confidence issue; QA signoff required; high-risk legal domain; warnings=effective_dated_version_unit|unusually_large_chunk; high_risk=termination of parental rights,Adopt with revision,Corpus administrator,Blocks production display until signed off,"Current law, source authority, or high-risk status cannot be confirmed",chunk_count=40; chunk_types=annotation_candidate:4|black_letter_text:1|case_note_candidate:34|history:1; warning_counts=effective_dated_version_unit:40|unusually_large_chunk:7; high_risk_domains=termination of parental rights
qa_signoff_required_version,High,dcs_policy,dcs_policies_procedures,612_Manual_Child_and_Adolescent_Needs_and_Strengths_CANS_Manual_2.0.pdf,597751800191788046426bc66b52abb9b9d29a0a706f20af65d3e9a07d48f98b,Benchbook.ai Database Files/DCS P&P/TN_DCS_Policies/Ch31_Field_Services/612_Manual_Child_and_Adolescent_Needs_and_Strengths_CANS_Manual_2.0.pdf,,fa2505bc-d250-5bdf-801a-95531b418415,3f6e8ad5-4b29-5b88-9593-cf961020ff2a,Document header (application/authority/dates),documentheaderapplicationauthoritydates,Manual Child and Adolescent Needs and Strengths CANS Manual 2.0,,Document header (application/authority/dates),,Ch31_Field_Services,manual,pending_extraction_qa,guardrail_reference_only,current,,1900-01-01,,true,QA signoff required; high-risk legal domain; high_risk=custody|juvenile-court procedure,Adopt with revision,Corpus administrator,Blocks production display until signed off,"Current law, source authority, or high-risk status cannot be confirmed",chunk_count=253; chunk_types=manual:252|metadata:1; warning_counts=unusually_large_chunk:2; high_risk_domains=custody|juvenile-court procedure
qa_signoff_required_version,High,dcs_policy,dcs_policies_procedures,183_Guide_Child_Protective_Services_Tasks_Guide.pdf,fe0b482f7cf17ddab42d0f20481ea32755cef9a66f0dcc2d550deb4689283ade,Benchbook.ai Database Files/DCS P&P/TN_DCS_Policies/Ch14_CPS/183_Guide_Child_Protective_Services_Tasks_Guide.pdf,,b2a04b46-e22a-5889-b54e-9a27a038fa0e,3f900759-97fc-5688-a0fd-177a12f802ce,Document header (application/authority/dates),documentheaderapplicationauthoritydates,Guide Child Protective Services Tasks Guide,,Document header (application/authority/dates),,Ch14_CPS,guide,pending_extraction_qa,guardrail_reference_only,current,,1900-01-01,,true,QA signoff required; high-risk legal domain; high_risk=juvenile-court procedure,Adopt with revision,Corpus administrator,Blocks production display until signed off,"Current law, source authority, or high-risk status cannot be confirmed",chunk_count=3; chunk_types=guide:2|metadata:1; warning_counts=unusually_large_chunk:2; high_risk_domains=juvenile-court procedure
qa_signoff_required_version,High,statute,tca_title_37,37_1_101_37_1_201.pdf,423871eb310b5359f8fb18b9ddd970c37fdcfea65392db9e3fddae5531ca5d99,Benchbook.ai Database Files/Title 37/37_1_101_37_1_201.pdf,,b6d40e5f-1e2a-5fb0-ac24-a68aa75d3705,40cf9ada-034c-5d6c-b9c8-5afba8dc26a4,Tenn. Code Ann. Sec. 37-1-193,tenncodeann371193,"37-1-193. Attorney's fees in child-related proceedings. [Effective July 1, 2026.]",,37-1-193,,,1,pending_extraction_qa,general_answer_authority,future_effective,"Effective July 1, 2026.",2026-07-01,,true,future-effective issue; QA signoff required; warnings=effective_dated_version_unit,Adopt with revision,Corpus administrator,Blocks production display until signed off,"Current law, source authority, or high-risk status cannot be confirmed",chunk_count=3; chunk_types=annotation_candidate:1|black_letter_text:1|history:1; warning_counts=effective_dated_version_unit:3
qa_signoff_required_version,High,dcs_policy,dcs_policies_procedures,620_31.12_Access_and_Engagement.pdf,a1d0438056415f5f6d0e77398b7c78223074955a18c7cbc7e401b616cee4e23f,Benchbook.ai Database Files/DCS P&P/TN_DCS_Policies/Ch31_Field_Services/620_31.12_Access_and_Engagement.pdf,,76f530e8-d6e8-5255-8abc-baadc9459d15,40fe5792-4b4a-5b35-8d1c-15c8d7151f1f,DCS Policy 31.12,dcspolicy3112,Access and Engagement,,Document header (application/authority/dates),31.12,Ch31_Field_Services,policy,pending_extraction_qa,guardrail_reference_only,current,,1900-01-01,,true,QA signoff required; high-risk legal domain; high_risk=juvenile-court procedure,Adopt with revision,Corpus administrator,Blocks production display until signed off,"Current law, source authority, or high-risk status cannot be confirmed",chunk_count=6; chunk_types=metadata:1|policy_text:5; high_risk_domains=juvenile-court procedure
qa_signoff_required_version,High,statute,tca_title_36,36_6_204_36_7_203.pdf,b3eb20c2869ce0b1df79f8f8113ebd6f96eb14a6621569c447c3f6f073f38e9b,Benchbook.ai Database Files/Title 36/36_6_204_36_7_203.pdf,,1c644443-7aa7-5599-99e6-202516ea245d,4106a90e-420f-501e-ae1d-966fa1ad9501,Tenn. Code Ann. Sec. 36-6-413,tenncodeann366413,"36-6-413. Funding. [Effective on January 1, 2027. See the version effective until January 1, 2027.]",,36-6-413,,,6,pending_extraction_qa,general_answer_authority,future_effective,"Effective on January 1, 2027. See the version effective until January 1, 2027.",2027-01-01,,true,future-effective issue; QA signoff required; warnings=effective_dated_version_unit,Adopt with revision,Corpus administrator,Blocks production display until signed off,"Current law, source authority, or high-risk status cannot be confirmed",chunk_count=6; chunk_types=annotation_candidate:4|black_letter_text:1|history:1; warning_counts=effective_dated_version_unit:6
qa_signoff_required_version,High,dcs_policy,dcs_policies_procedures,267_16.2_Multi-Ethnic_Placement_Act-as_Amended_by_the_Inter-Ethnic_Ad.pdf,f7f4fd01ff1fa174df1f2bdb496baafed5b653b822699187b1f5e34a0cb352b8,Benchbook.ai Database Files/DCS P&P/TN_DCS_Policies/Ch16A_Foster_Care/267_16.2_Multi-Ethnic_Placement_Act-as_Amended_by_the_Inter-Ethnic_Ad.pdf,,ded96c15-c380-5b63-8559-2f08992c4abd,4196bc8f-e1aa-57de-99ca-e952079ece70,DCS Policy 16.2,dcspolicy162,16.2 Multi Ethnic Placement Act as Amended by the Inter Ethnic Ad,,Document header (application/authority/dates),16.2,Ch16A_Foster_Care,policy,pending_extraction_qa,guardrail_reference_only,current,,1900-01-01,,true,QA signoff required; high-risk legal domain; high_risk=juvenile-court procedure,Adopt with revision,Corpus administrator,Blocks production display until signed off,"Current law, source authority, or high-risk status cannot be confirmed",chunk_count=9; chunk_types=metadata:1|policy_text:8; high_risk_domains=juvenile-court procedure
qa_signoff_required_version,High,dcs_policy,dcs_policies_procedures,303_Guide_Identifying_and_Accessing_Independent_Living_Services_Guide.pdf,aba7eb296f73982a12a7d7a45f8e8eac4069629c3524940fc41e7712f6f99d6e,Benchbook.ai Database Files/DCS P&P/TN_DCS_Policies/Ch16A_Foster_Care/303_Guide_Identifying_and_Accessing_Independent_Living_Services_Guide.pdf,,221ace33-7a46-56fb-906c-fd0025d146b1,419d44db-2148-585f-8cee-96477a59ad6f,Document header (application/authority/dates),documentheaderapplicationauthoritydates,Guide Identifying and Accessing Independent Living Services Guide,,Document header (application/authority/dates),,Ch16A_Foster_Care,guide,pending_extraction_qa,guardrail_reference_only,current,,1900-01-01,,true,QA signoff required; high-risk legal domain; high_risk=dependency and neglect|juvenile-court procedure,Adopt with revision,Corpus administrator,Blocks production display until signed off,"Current law, source authority, or high-risk status cannot be confirmed",chunk_count=3; chunk_types=guide:2|metadata:1; warning_counts=unusually_large_chunk:1; high_risk_domains=dependency and neglect|juvenile-court procedure
qa_signoff_required_version,High,statute,tca_title_36,36_1_101_36_3_302.pdf,a6b1c6cff6bb307f3a639c10092c82a25e738e587f1b374a6317441324525720,Benchbook.ai Database Files/Title 36/36_1_101_36_3_302.pdf,,880b603c-a7f0-5263-bba7-c50e707953db,41fb1df1-6484-5628-a83c-3384b3f02657,Tenn. Code Ann. Sec. 36-1-110,tenncodeann361110,36-1-110. Parent under eighteen years of age  -  Surrender.,,36-1-110,,,1,pending_extraction_qa,general_answer_authority,current,,1900-01-01,,true,QA signoff required; high-risk legal domain; high_risk=surrender,Adopt with revision,Corpus administrator,Blocks production display until signed off,"Current law, source authority, or high-risk status cannot be confirmed",chunk_count=6; chunk_types=annotation_candidate:2|black_letter_text:1|case_note_candidate:2|history:1; high_risk_domains=surrender
qa_signoff_required_version,High,dcs_policy,dcs_policies_procedures,212_Work_Aid_4_Work_Aid_4_Special_Child_Protective_Services_Investigative_T.pdf,c8135f5231b1356e5c30ce8d1f16945e6b16ac61e83a093b43791a2ea38a1ae7,Benchbook.ai Database Files/DCS P&P/TN_DCS_Policies/Ch14_CPS/212_Work_Aid_4_Work_Aid_4_Special_Child_Protective_Services_Investigative_T.pdf,,6a8cfcdb-7ae2-5627-a266-00f1575117cb,42141273-5ce2-59cf-89ed-e366a2b65dbf,Document header (application/authority/dates),documentheaderapplicationauthoritydates,Work Aid 4 Work Aid 4 Special Child Protective Services Investigative T,,Document header (application/authority/dates),,Ch14_CPS,work_aid,pending_extraction_qa,guardrail_reference_only,current,,1900-01-01,,true,QA signoff required; high-risk legal domain; high_risk=juvenile-court procedure,Adopt with revision,Corpus administrator,Blocks production display until signed off,"Current law, source authority, or high-risk status cannot be confirmed",chunk_count=5; chunk_types=metadata:1|work_aid:4; high_risk_domains=juvenile-court procedure
qa_signoff_required_version,High,statute,tca_title_37,37_5_208_37_11_102.pdf,671e49bb1997d77bd0554e6c8d9ea6603947e3c8da80994b9ccd250b7f399378,Benchbook.ai Database Files/Title 37/37_5_208_37_11_102.pdf,,90161c28-d4b0-57e3-86f0-c1de0b966f79,42877ad4-9347-5b9f-bd1d-a05e90009475,Tenn. Code Ann. Sec. 37-5-514,tenncodeann375514,"37-5-514. Violations of licensing regulations  -  Probation, suspension, denial and revocation of licenses  -  Appeal procedures.",,37-5-514,,,5,pending_extraction_qa,general_answer_authority,current,,1900-01-01,,true,QA signoff required; high-risk legal domain; warnings=unusually_large_chunk; high_risk=juvenile-court procedure,Adopt with revision,Corpus administrator,Blocks production display until signed off,"Current law, source authority, or high-risk status cannot be confirmed",chunk_count=2; chunk_types=black_letter_text:1|history:1; warning_counts=unusually_large_chunk:1; high_risk_domains=juvenile-court procedure
qa_signoff_required_version,High,statute,tca_title_36,36_6_204_36_7_203.pdf,b3eb20c2869ce0b1df79f8f8113ebd6f96eb14a6621569c447c3f6f073f38e9b,Benchbook.ai Database Files/Title 36/36_6_204_36_7_203.pdf,,98b36919-ce78-5420-a4c8-dc6a5c22452b,42bd44f3-88bb-50aa-94f3-525963954998,Tenn. Code Ann. Sec. 36-6-410,tenncodeann366410,36-6-410. Designation of custody for the purpose of other state and federal statutes.,,36-6-410,,,6,pending_extraction_qa,general_answer_authority,current,,1900-01-01,,true,QA signoff required; high-risk legal domain; high_risk=custody,Adopt with revision,Corpus administrator,Blocks production display until signed off,"Current law, source authority, or high-risk status cannot be confirmed",chunk_count=3; chunk_types=annotation_candidate:1|black_letter_text:1|history:1; high_risk_domains=custody
qa_signoff_required_version,High,statute,tca_title_36,36_6_204_36_7_203.pdf,b3eb20c2869ce0b1df79f8f8113ebd6f96eb14a6621569c447c3f6f073f38e9b,Benchbook.ai Database Files/Title 36/36_6_204_36_7_203.pdf,,c94397e1-6592-59aa-990e-60346221732a,432a36f6-2490-5856-a7f5-2c2e9cae244b,Tenn. Code Ann. Sec. 36-6-409,tenncodeann366409,36-6-409. Procedures and restrictions applicable to dispute resolution.,,36-6-409,,,6,pending_extraction_qa,general_answer_authority,current,,1900-01-01,,true,QA signoff required; high-risk legal domain; high_risk=juvenile-court procedure,Adopt with revision,Corpus administrator,Blocks production display until signed off,"Current law, source authority, or high-risk status cannot be confirmed",chunk_count=3; chunk_types=annotation_candidate:1|black_letter_text:1|history:1; high_risk_domains=juvenile-court procedure
qa_signoff_required_version,High,statute,tca_title_36,36_1_101_36_3_302.pdf,a6b1c6cff6bb307f3a639c10092c82a25e738e587f1b374a6317441324525720,Benchbook.ai Database Files/Title 36/36_1_101_36_3_302.pdf,,bb19342c-364b-536e-9c97-489634c36119,433249d6-f14a-557f-beaf-1b47a30aa6ba,Tenn. Code Ann. Sec. 36-1-127,tenncodeann361127,36-1-127. Availability of records to adopted persons and certain other persons for adoptions finalized or attempted prior to certain dates.,,36-1-127,,,1,pending_extraction_qa,general_answer_authority,current,,1900-01-01,,true,QA signoff required; high-risk legal domain; warnings=unusually_large_chunk; high_risk=adoption,Adopt with revision,Corpus administrator,Blocks production display until signed off,"Current law, source authority, or high-risk status cannot be confirmed",chunk_count=7; chunk_types=annotation_candidate:3|black_letter_text:1|case_note_candidate:2|history:1; warning_counts=unusually_large_chunk:1; high_risk_domains=adoption
qa_signoff_required_version,High,rule,tenn_rules_juvenile_practice_procedure,Tenn. R. Juv. P. Rules.pdf,896900cf9175f11a38df986da4af09e62632abd8aa865b24d35b3e5a8beee541,Benchbook.ai Database Files/Tenn. R. Juv. P. Rules.pdf,,b373ba87-183b-5fb0-aeff-b2038507f5c3,435301a0-1892-5458-afde-eea14c2e61df,Tenn. R. Juv. P. 115,tennrjuvp115,Rule 115. Recording hearings.,115,,,,,pending_extraction_qa,general_answer_authority,current,,1900-01-01,,true,QA signoff required; high-risk legal domain; high_risk=juvenile-court procedure,Adopt with revision,Corpus administrator,Blocks production display until signed off,"Current law, source authority, or high-risk status cannot be confirmed",chunk_count=4; chunk_types=advisory_comment:1|annotation_candidate:1|black_letter_text:1|history:1; high_risk_domains=juvenile-court procedure
qa_signoff_required_version,High,statute,tca_title_37,37_2_203_37_3_405.pdf,4505a32368dd82bcc6408f4fe16b2513cc23b2c810ae9254e0e21bc9d17153f5,Benchbook.ai Database Files/Title 37/37_2_203_37_3_405.pdf,,c9dc66c8-c227-5d71-a1c0-d87a2b84c9cd,45370d98-7f88-5c70-8ae3-5844abdc3db1,Tenn. Code Ann. Sec. 37-2-703,tenncodeann372703,37-2-703. Indian tribe jurisdiction over Indian child custody proceedings.,,37-2-703,,,2,pending_extraction_qa,guardrail_reference_only,current,,1900-01-01,,true,QA signoff required; high-risk legal domain; high_risk=custody,Adopt with revision,Corpus administrator,Blocks production display until signed off,"Current law, source authority, or high-risk status cannot be confirmed",chunk_count=2; chunk_types=annotation_candidate:1|history:1; high_risk_domains=custody
qa_signoff_required_version,High,statute,tca_title_36,36_1_101_36_3_302.pdf,a6b1c6cff6bb307f3a639c10092c82a25e738e587f1b374a6317441324525720,Benchbook.ai Database Files/Title 36/36_1_101_36_3_302.pdf,,1c7997da-505b-5a58-8fbf-c235adaefea9,4550a73f-752a-51ba-af8f-4a16a3d778ed,Tenn. Code Ann. Sec. 36-1-116,tenncodeann361116,36-1-116. Home study  -  Adoption petition  -  Order of reference.,,36-1-116,,,1,pending_extraction_qa,general_answer_authority,current,,1900-01-01,,true,QA signoff required; high-risk legal domain; warnings=unusually_large_chunk; high_risk=adoption,Adopt with revision,Corpus administrator,Blocks production display until signed off,"Current law, source authority, or high-risk status cannot be confirmed",chunk_count=6; chunk_types=annotation_candidate:2|black_letter_text:1|case_note_candidate:2|history:1; warning_counts=unusually_large_chunk:1; high_risk_domains=adoption
qa_signoff_required_version,High,rule,tenn_rules_juvenile_practice_procedure,Tenn. R. Juv. P. Rules.pdf,896900cf9175f11a38df986da4af09e62632abd8aa865b24d35b3e5a8beee541,Benchbook.ai Database Files/Tenn. R. Juv. P. Rules.pdf,,a794db36-7c26-5ed0-a0ef-48fe1757089c,4713a409-14a6-5dd1-8f28-f24186ddf536,Tenn. R. Juv. P. 207,tennrjuvp207,Rule 207. Procedures related to child's mental condition.,207,,,,,pending_extraction_qa,general_answer_authority,current,,1900-01-01,,true,QA signoff required; high-risk legal domain; high_risk=juvenile-court procedure,Adopt with revision,Corpus administrator,Blocks production display until signed off,"Current law, source authority, or high-risk status cannot be confirmed",chunk_count=4; chunk_types=advisory_comment:1|annotation_candidate:1|black_letter_text:1|history:1; high_risk_domains=juvenile-court procedure
qa_signoff_required_version,High,statute,tca_title_36,36_5_2309_36_6_203.pdf,2353abc408f0bcc640f4833f32d51ba2862b0c1e75a9aa2dde8ab576e5b23853,Benchbook.ai Database Files/Title 36/36_5_2309_36_6_203.pdf,,5080cb49-393c-538d-9a32-2e351e373fa8,47a73a96-c70c-59be-afa4-8ee3186d0755,Tenn. Code Ann. Sec. 36-5-3004,tenncodeann3653004,36-5-3004. Procedure to transfer case.,,36-5-3004,,,5,pending_extraction_qa,general_answer_authority,current,,1900-01-01,,true,QA signoff required; high-risk legal domain; high_risk=juvenile-court procedure,Adopt with revision,Corpus administrator,Blocks production display until signed off,"Current law, source authority, or high-risk status cannot be confirmed",chunk_count=3; chunk_types=annotation_candidate:1|black_letter_text:1|history:1; high_risk_domains=juvenile-court procedure
qa_signoff_required_version,High,dcs_policy,dcs_policies_procedures,271_16.24_Children_of_Indian_Heritage.pdf,1f7c2a640632b8f4825ba8df1a75013af9d7593b129fac61af75997422943cb1,Benchbook.ai Database Files/DCS P&P/TN_DCS_Policies/Ch16A_Foster_Care/271_16.24_Children_of_Indian_Heritage.pdf,,cd1a935d-55bd-5b69-82d0-b157f7219b2d,49663acb-364e-512b-88d0-07238d644252,DCS Policy 16.24,dcspolicy1624,Children of Indian Heritage,,Document header (application/authority/dates),16.24,Ch16A_Foster_Care,policy,pending_extraction_qa,guardrail_reference_only,current,,1900-01-01,,true,QA signoff required; high-risk legal domain; high_risk=juvenile-court procedure,Adopt with revision,Corpus administrator,Blocks production display until signed off,"Current law, source authority, or high-risk status cannot be confirmed",chunk_count=13; chunk_types=metadata:1|policy_text:12; high_risk_domains=juvenile-court procedure
qa_signoff_required_version,High,dcs_policy,dcs_policies_procedures,141_9.7-DOE_Standardization_and_Confidentiality_of_Youth_Master_Files.pdf,bc1d799ee2029c027772c0a5b12625dc6b98b6cd3cb41a6ce7bc43bdaae7abde,Benchbook.ai Database Files/DCS P&P/TN_DCS_Policies/Ch09_Child_Records/141_9.7-DOE_Standardization_and_Confidentiality_of_Youth_Master_Files.pdf,,ac9849e4-f391-5558-b64d-a6391108bcd3,4a45cd82-ead4-5142-ab1d-26734e448912,DCS Policy 9.7,dcspolicy97,DOE Standardization and Confidentiality of Youth Master Files,,Document header (application/authority/dates),9.7,Ch09_Child_Records,policy,pending_extraction_qa,guardrail_reference_only,current,,1900-01-01,,true,QA signoff required; high-risk legal domain; high_risk=juvenile-court procedure,Adopt with revision,Corpus administrator,Blocks production display until signed off,"Current law, source authority, or high-risk status cannot be confirmed",chunk_count=10; chunk_types=metadata:1|policy_text:9; high_risk_domains=juvenile-court procedure
qa_signoff_required_version,High,statute,tca_title_37,37_2_203_37_3_405.pdf,4505a32368dd82bcc6408f4fe16b2513cc23b2c810ae9254e0e21bc9d17153f5,Benchbook.ai Database Files/Title 37/37_2_203_37_3_405.pdf,,94491c9b-587c-5b63-9a73-b3e9c562ca14,4abd7cde-0bdf-5952-b8bc-b99a61ebcdfa,Tenn. Code Ann. Sec. 37-2-711,tenncodeann372711,37-2-711. Improper removal of child from custody  -  Declination of jurisdiction  -  Forthwith return of child  -  Danger exception. [Effective when contingency met. See Compiler's Notes.],,37-2-711,,,2,pending_extraction_qa,general_answer_authority,unknown_effectivity,Effective when contingency met. See Compiler's Notes.,,,true,unknown-effective-date issue; QA signoff required; high-risk legal domain; warnings=effective_dated_version_unit; high_risk=custody|removal,Adopt with revision,Corpus administrator,Blocks production display until signed off,"Current law, source authority, or high-risk status cannot be confirmed",chunk_count=3; chunk_types=annotation_candidate:1|black_letter_text:1|history:1; warning_counts=effective_dated_version_unit:3; high_risk_domains=custody|removal
qa_signoff_required_version,High,statute,tca_title_37,37_1_101_37_1_201.pdf,423871eb310b5359f8fb18b9ddd970c37fdcfea65392db9e3fddae5531ca5d99,Benchbook.ai Database Files/Title 37/37_1_101_37_1_201.pdf,,4f171bcc-826c-506e-a882-567e249a6e24,4ae2f1a4-0f2a-5a9a-88c2-5dbe1e6392f4,Tenn. Code Ann. Sec. 37-1-169,tenncodeann371169,37-1-169. Referrals by juvenile court to crisis intervention program.,,37-1-169,,,1,pending_extraction_qa,general_answer_authority,current,,1900-01-01,,true,QA signoff required; high-risk legal domain; high_risk=juvenile-court procedure,Adopt with revision,Corpus administrator,Blocks production display until signed off,"Current law, source authority, or high-risk status cannot be confirmed",chunk_count=3; chunk_types=annotation_candidate:1|black_letter_text:1|history:1; high_risk_domains=juvenile-court procedure
qa_signoff_required_version,High,dcs_policy,dcs_policies_procedures,315_N_A_Independent_Living_Handbook_-_Spanish.pdf,120aa5404b95c8d2430fb5386bb74f34cfe7b3dcdaaa88a67a2ff7223f4decb4,Benchbook.ai Database Files/DCS P&P/TN_DCS_Policies/Ch16A_Foster_Care/315_N_A_Independent_Living_Handbook_-_Spanish.pdf,,dc8afd2e-25b2-5a5f-9f3d-2b269bbbbeba,4b7a8b81-7881-5265-a183-da5f1ddfc3c8,Document header (application/authority/dates),documentheaderapplicationauthoritydates,N A Independent Living Handbook Spanish,,Document header (application/authority/dates),,Ch16A_Foster_Care,n_a,pending_extraction_qa,guardrail_reference_only,current,,1900-01-01,,true,QA signoff required; high-risk legal domain; high_risk=dependency and neglect|juvenile-court procedure,Adopt with revision,Corpus administrator,Blocks production display until signed off,"Current law, source authority, or high-risk status cannot be confirmed",chunk_count=55; chunk_types=metadata:1|unknown:54; high_risk_domains=dependency and neglect|juvenile-court procedure
qa_signoff_required_version,High,dcs_policy,dcs_policies_procedures,202_14.7_Multi-Disciplinary_Team_Child_Protective_Investigative.pdf,79b720c7991bad9d88e667b41bf0e1b2ed51f32a8f590e9171f946cfa50cdd2d,Benchbook.ai Database Files/DCS P&P/TN_DCS_Policies/Ch14_CPS/202_14.7_Multi-Disciplinary_Team_Child_Protective_Investigative.pdf,,da81ca3c-461b-5fb6-870f-ecc0a58387e4,4bc0b614-871f-566b-8a13-77ed47e7265d,DCS Policy 14.7,dcspolicy147,Multi-Disciplinary Team: Child Protective Investigative Team,,Document header (application/authority/dates),14.7,Ch14_CPS,policy,pending_extraction_qa,guardrail_reference_only,current,,1900-01-01,,true,QA signoff required; high-risk legal domain; high_risk=juvenile-court procedure,Adopt with revision,Corpus administrator,Blocks production display until signed off,"Current law, source authority, or high-risk status cannot be confirmed",chunk_count=10; chunk_types=metadata:1|policy_text:9; high_risk_domains=juvenile-court procedure
qa_signoff_required_version,High,dcs_policy,dcs_policies_procedures,639_Protocol_Protocol_Best_Practice_in_the_Use_of_Restraints_with_Pregnan.pdf,3eab5950c803c9962ca4a6c003b2610c09c4352bafafb10b74c541d40988acbf,Benchbook.ai Database Files/DCS P&P/TN_DCS_Policies/Ch31_Field_Services/639_Protocol_Protocol_Best_Practice_in_the_Use_of_Restraints_with_Pregnan.pdf,,8e692a3b-c6c2-5df7-b1d2-17135a55196a,4bf2db2b-6332-5d09-b86c-1121ba11836f,Document header (application/authority/dates),documentheaderapplicationauthoritydates,Protocol Protocol Best Practice in the Use of Restraints with Pregnan,,Document header (application/authority/dates),,Ch31_Field_Services,protocol,pending_extraction_qa,guardrail_reference_only,current,,1900-01-01,,true,QA signoff required; high-risk legal domain; high_risk=juvenile-court procedure,Adopt with revision,Corpus administrator,Blocks production display until signed off,"Current law, source authority, or high-risk status cannot be confirmed",chunk_count=2; chunk_types=metadata:1|protocol:1; high_risk_domains=juvenile-court procedure
qa_signoff_required_version,High,dcs_policy,dcs_policies_procedures,222_14.18_Family_Support_Services_Program.pdf,f784c0d0dbab497c99733d3db54708ea570d0574d5498cafeb84a23a6ac54085,Benchbook.ai Database Files/DCS P&P/TN_DCS_Policies/Ch14_CPS/222_14.18_Family_Support_Services_Program.pdf,,8a6086cd-4532-500f-b453-d78666a129dc,4c02b359-9ba5-562b-9611-7c7a1c807c1c,DCS Policy 14.18,dcspolicy1418,Family Support Services Program,,Document header (application/authority/dates),14.18,Ch14_CPS,policy,pending_extraction_qa,guardrail_reference_only,current,,1900-01-01,,true,QA signoff required; high-risk legal domain; high_risk=juvenile-court procedure,Adopt with revision,Corpus administrator,Blocks production display until signed off,"Current law, source authority, or high-risk status cannot be confirmed",chunk_count=7; chunk_types=metadata:1|policy_text:6; high_risk_domains=juvenile-court procedure
qa_signoff_required_version,High,dcs_policy,dcs_policies_procedures,139_Guide_Guide_to_Document_Sharing_for_Staff_Foster_Parents_Advocates.pdf,f9833ac3bd4421e7e9a7fb9049e2ed4fe30ba9e9c91358c04f6ddcb7f21baf43,Benchbook.ai Database Files/DCS P&P/TN_DCS_Policies/Ch09_Child_Records/139_Guide_Guide_to_Document_Sharing_for_Staff_Foster_Parents_Advocates.pdf,,f834e077-3ba2-5cb9-b1a5-94f198b81b24,4c741fcc-4b87-564a-9aad-212fcf5d9d59,Document header (application/authority/dates),documentheaderapplicationauthoritydates,Guide Guide to Document Sharing for Staff Foster Parents Advocates,,Document header (application/authority/dates),,Ch09_Child_Records,guide,pending_extraction_qa,guardrail_reference_only,current,,1900-01-01,,true,QA signoff required; high-risk legal domain; high_risk=juvenile-court procedure,Adopt with revision,Corpus administrator,Blocks production display until signed off,"Current law, source authority, or high-risk status cannot be confirmed",chunk_count=2; chunk_types=guide:1|metadata:1; high_risk_domains=juvenile-court procedure
qa_signoff_required_version,High,dcs_policy,dcs_policies_procedures,616_Guide_Multilingual_Guide_to_Common_DCS_Terms.pdf,88b1e32d9a0591abc9d2de5d92cc8ec57a7e904691276ea9e2fbb076ffd219c3,Benchbook.ai Database Files/DCS P&P/TN_DCS_Policies/Ch31_Field_Services/616_Guide_Multilingual_Guide_to_Common_DCS_Terms.pdf,,3fb41c26-dcce-5fd3-a125-c6f054d9fce7,4d1c50f8-bf8a-5e87-9397-39d042681273,Document header (application/authority/dates),documentheaderapplicationauthoritydates,Guide Multilingual Guide to Common DCS Terms,,Document header (application/authority/dates),,Ch31_Field_Services,guide,pending_extraction_qa,guardrail_reference_only,current,,1900-01-01,,true,QA signoff required; high-risk legal domain; high_risk=juvenile-court procedure,Adopt with revision,Corpus administrator,Blocks production display until signed off,"Current law, source authority, or high-risk status cannot be confirmed",chunk_count=28; chunk_types=guide:27|metadata:1; high_risk_domains=juvenile-court procedure
qa_signoff_required_version,High,dcs_policy,dcs_policies_procedures,338_Protocol_Protocol_for_Delegated_Authority_DA_Sitter_Services_Vetting.pdf,3850badf336269507b2a89100f1bcf93643ac945c954c054c333fc9ce9336bae,Benchbook.ai Database Files/DCS P&P/TN_DCS_Policies/Ch16B_Foster_Homes/338_Protocol_Protocol_for_Delegated_Authority_DA_Sitter_Services_Vetting.pdf,,f53f2e86-ad59-5c4a-a875-cb1633d82acb,4d6b41a8-c4e0-53a3-9891-d7e9f0dfb598,Document header (application/authority/dates),documentheaderapplicationauthoritydates,Protocol Protocol for Delegated Authority DA Sitter Services Vetting,,Document header (application/authority/dates),,Ch16B_Foster_Homes,protocol,pending_extraction_qa,guardrail_reference_only,current,,1900-01-01,,true,QA signoff required; high-risk legal domain; high_risk=juvenile-court procedure,Adopt with revision,Corpus administrator,Blocks production display until signed off,"Current law, source authority, or high-risk status cannot be confirmed",chunk_count=2; chunk_types=metadata:1|protocol:1; high_risk_domains=juvenile-court procedure
qa_signoff_required_version,High,statute,tca_title_36,36_1_101_36_3_302.pdf,a6b1c6cff6bb307f3a639c10092c82a25e738e587f1b374a6317441324525720,Benchbook.ai Database Files/Title 36/36_1_101_36_3_302.pdf,,014a62e7-41bb-5868-886c-3578827ad57c,4db17e3f-fd54-54e5-a74c-361981a3fde3,Tenn. Code Ann. Sec. 36-1-145,tenncodeann361145,36-1-145. Written contract for post-adoption contact between certain parties  -  Requirements  -  Enforcement  -  Modification  -  Termination.,,36-1-145,,,1,pending_extraction_qa,general_answer_authority,current,,1900-01-01,,true,QA signoff required; high-risk legal domain; high_risk=adoption|termination of parental rights,Adopt with revision,Corpus administrator,Blocks production display until signed off,"Current law, source authority, or high-risk status cannot be confirmed",chunk_count=2; chunk_types=black_letter_text:1|history:1; high_risk_domains=adoption|termination of parental rights
qa_signoff_required_version,High,statute,tca_title_36,36_1_101_36_3_302.pdf,a6b1c6cff6bb307f3a639c10092c82a25e738e587f1b374a6317441324525720,Benchbook.ai Database Files/Title 36/36_1_101_36_3_302.pdf,,b39fdd92-f92b-5fea-bc17-d76f12a8ae8f,4ebbde63-d2b7-5b2b-b172-8e1e5555d905,Tenn. Code Ann. Sec. 36-1-150,tenncodeann361150,36-1-150. Alternative voluntary surrender of parental rights.,,36-1-150,,,1,pending_extraction_qa,general_answer_authority,current,,1900-01-01,,true,QA signoff required; high-risk legal domain; warnings=unusually_large_chunk; high_risk=surrender|termination of parental rights,Adopt with revision,Corpus administrator,Blocks production display until signed off,"Current law, source authority, or high-risk status cannot be confirmed",chunk_count=3; chunk_types=annotation_candidate:1|black_letter_text:1|history:1; warning_counts=unusually_large_chunk:1; high_risk_domains=surrender|termination of parental rights
qa_signoff_required_version,High,statute,tca_title_37,37_1_202_37_2_202.pdf,9cd08fcaae4176f55dd74ead07e414a9d249a0777f0f7249175756d29833d45c,Benchbook.ai Database Files/Title 37/37_1_202_37_2_202.pdf,,b7627fbf-b713-5363-9fac-81c4e63bc62c,4faf0d5a-2417-5107-8dfd-a697453c0461,Tenn. Code Ann. Sec. 37-1-702,tenncodeann371702,37-1-702. Authority to establish teen court  -  Procedure for participation  -  Determining factors for participation  -  Authority of teen court.,,37-1-702,,,1,pending_extraction_qa,general_answer_authority,current,,1900-01-01,,true,QA signoff required; high-risk legal domain; high_risk=juvenile-court procedure,Adopt with revision,Corpus administrator,Blocks production display until signed off,"Current law, source authority, or high-risk status cannot be confirmed",chunk_count=3; chunk_types=annotation_candidate:1|black_letter_text:1|history:1; high_risk_domains=juvenile-court procedure
qa_signoff_required_version,High,statute,tca_title_37,37_2_203_37_3_405.pdf,4505a32368dd82bcc6408f4fe16b2513cc23b2c810ae9254e0e21bc9d17153f5,Benchbook.ai Database Files/Title 37/37_2_203_37_3_405.pdf,,617bd69a-da5b-55b7-8c24-efa1316daf05,50492f15-d228-51b0-9479-7f27b52b91fc,Tenn. Code Ann. Sec. 37-2-708,tenncodeann372708,37-2-708. Return of custody. [Effective when contingency met. See Compiler's Notes.],,37-2-708,,,2,pending_extraction_qa,general_answer_authority,unknown_effectivity,Effective when contingency met. See Compiler's Notes.,,,true,unknown-effective-date issue; QA signoff required; high-risk legal domain; warnings=effective_dated_version_unit; high_risk=custody,Adopt with revision,Corpus administrator,Blocks production display until signed off,"Current law, source authority, or high-risk status cannot be confirmed",chunk_count=3; chunk_types=annotation_candidate:1|black_letter_text:1|history:1; warning_counts=effective_dated_version_unit:3; high_risk_domains=custody
qa_signoff_required_version,High,statute,tca_title_37,37_2_203_37_3_405.pdf,4505a32368dd82bcc6408f4fe16b2513cc23b2c810ae9254e0e21bc9d17153f5,Benchbook.ai Database Files/Title 37/37_2_203_37_3_405.pdf,,2d6b2d73-5d7d-57cb-9715-4c490644667b,50cf93f6-894c-5437-8559-fdd8ec19d086,Tenn. Code Ann. Sec. 37-2-604,tenncodeann372604,37-2-604. Preparing foster children for independent living  -  Extension of foster care services.,,37-2-604,,,2,pending_extraction_qa,general_answer_authority,current,,1900-01-01,,true,QA signoff required; high-risk legal domain; high_risk=dependency and neglect,Adopt with revision,Corpus administrator,Blocks production display until signed off,"Current law, source authority, or high-risk status cannot be confirmed",chunk_count=4; chunk_types=advisory_comment:1|annotation_candidate:1|black_letter_text:1|history:1; high_risk_domains=dependency and neglect
qa_signoff_required_version,High,statute,tca_title_36,36_1_101_36_3_302.pdf,a6b1c6cff6bb307f3a639c10092c82a25e738e587f1b374a6317441324525720,Benchbook.ai Database Files/Title 36/36_1_101_36_3_302.pdf,,eb4b6e59-fcec-51f3-8d29-b2e1a12ab4b3,517c0a07-3988-500f-a388-675eab29a352,Tenn. Code Ann. Sec. 36-1-113,tenncodeann361113,"36-1-113. Termination of parental or guardianship rights. [Effective on July 1, 2026. See the version effective until July 1, 2026.]",,36-1-113,,,1,pending_extraction_qa,general_answer_authority,future_effective,"Effective on July 1, 2026. See the version effective until July 1, 2026.",2026-07-01,,true,future-effective issue; QA signoff required; high-risk legal domain; warnings=effective_dated_version_unit|unusually_large_chunk; high_risk=termination of parental rights,Adopt with revision,Corpus administrator,Blocks production display until signed off,"Current law, source authority, or high-risk status cannot be confirmed",chunk_count=40; chunk_types=annotation_candidate:4|black_letter_text:1|case_note_candidate:34|history:1; warning_counts=effective_dated_version_unit:40|unusually_large_chunk:7; high_risk_domains=termination of parental rights
qa_signoff_required_version,High,dcs_policy,dcs_policies_procedures,614_Protocol_Protocol_for_Kinship_Exception_Request.pdf,7bf5559da7c460ea8e6aa39eee647818b25fde6fa2dbaa45c7f2d40a3d678cce,Benchbook.ai Database Files/DCS P&P/TN_DCS_Policies/Ch31_Field_Services/614_Protocol_Protocol_for_Kinship_Exception_Request.pdf,,e2b08e48-a929-572c-811f-ab3a06fbebd7,5206abd8-6a1e-5b0f-ad73-4db2a64b4ab2,Document header (application/authority/dates),documentheaderapplicationauthoritydates,Protocol Protocol for Kinship Exception Request,,Document header (application/authority/dates),,Ch31_Field_Services,protocol,pending_extraction_qa,guardrail_reference_only,current,,1900-01-01,,true,QA signoff required; high-risk legal domain; high_risk=juvenile-court procedure,Adopt with revision,Corpus administrator,Blocks production display until signed off,"Current law, source authority, or high-risk status cannot be confirmed",chunk_count=2; chunk_types=metadata:1|protocol:1; high_risk_domains=juvenile-court procedure
qa_signoff_required_version,High,statute,tca_title_36,36_1_101_36_3_302.pdf,a6b1c6cff6bb307f3a639c10092c82a25e738e587f1b374a6317441324525720,Benchbook.ai Database Files/Title 36/36_1_101_36_3_302.pdf,,1862ee78-ebb2-5a9e-b772-c30d97527f70,526bd1bc-9b9f-5d50-9fa6-a67509dc0eab,Tenn. Code Ann. Sec. 36-1-117,tenncodeann361117,36-1-117. Parties to proceedings  -  Termination of rights of putative father  -  Consent of parent or guardian  -  Service of process.,,36-1-117,,,1,pending_extraction_qa,general_answer_authority,current,,1900-01-01,,true,QA signoff required; high-risk legal domain; warnings=unusually_large_chunk; high_risk=termination of parental rights,Adopt with revision,Corpus administrator,Blocks production display until signed off,"Current law, source authority, or high-risk status cannot be confirmed",chunk_count=7; chunk_types=annotation_candidate:3|black_letter_text:1|case_note_candidate:2|history:1; warning_counts=unusually_large_chunk:1; high_risk_domains=termination of parental rights
qa_signoff_required_version,High,dcs_policy,dcs_policies_procedures,199_Manual_Tennessee_Family_Advocacy_and_Support_Tool_Manual_2.1.pdf,5c17d09673d7583132de498458755255e37b212778266ff75ca68008a311d04e,Benchbook.ai Database Files/DCS P&P/TN_DCS_Policies/Ch14_CPS/199_Manual_Tennessee_Family_Advocacy_and_Support_Tool_Manual_2.1.pdf,,5e518ee3-6362-5f01-8376-1c4dd72aba19,52a7bdc9-fbe6-56cb-8b81-2452e0d15bfa,Document header (application/authority/dates),documentheaderapplicationauthoritydates,Manual Tennessee Family Advocacy and Support Tool Manual 2.1,,Document header (application/authority/dates),,Ch14_CPS,manual,pending_extraction_qa,guardrail_reference_only,current,,1900-01-01,,true,QA signoff required; high-risk legal domain; high_risk=juvenile-court procedure,Adopt with revision,Corpus administrator,Blocks production display until signed off,"Current law, source authority, or high-risk status cannot be confirmed",chunk_count=100; chunk_types=manual:99|metadata:1; warning_counts=unusually_large_chunk:1; high_risk_domains=juvenile-court procedure
qa_signoff_required_version,High,dcs_policy,dcs_policies_procedures,630_Attachment_Transportation_Resource_List.pdf,2927b64e58cc1a9ba9a0ad00f0dae71090297a0a3e9f99b7aaf35273104c16e1,Benchbook.ai Database Files/DCS P&P/TN_DCS_Policies/Ch31_Field_Services/630_Attachment_Transportation_Resource_List.pdf,,13ade3d2-e179-598b-8a23-3b5d166a8e9a,52b909fc-73bb-5280-8048-d1064a9d3411,Document header (application/authority/dates),documentheaderapplicationauthoritydates,Attachment Transportation Resource List,,Document header (application/authority/dates),,Ch31_Field_Services,unknown,pending_extraction_qa,guardrail_reference_only,current,,1900-01-01,,true,QA signoff required; high-risk legal domain; high_risk=juvenile-court procedure,Adopt with revision,Corpus administrator,Blocks production display until signed off,"Current law, source authority, or high-risk status cannot be confirmed",chunk_count=1; chunk_types=metadata:1; high_risk_domains=juvenile-court procedure
qa_signoff_required_version,High,dcs_policy,dcs_policies_procedures,347_Protocol_Protocol_for_Statewide_Custodial_Relative_Kinship_Placement.pdf,586e3a19fbe152ce7c25937074a8609c3325796d0658a22d5bcd8496142c3073,Benchbook.ai Database Files/DCS P&P/TN_DCS_Policies/Ch16B_Foster_Homes/347_Protocol_Protocol_for_Statewide_Custodial_Relative_Kinship_Placement.pdf,,8f10b088-eed7-59de-941f-4a07146041c3,52d4028c-8493-5485-b963-69403d9deab9,Document header (application/authority/dates),documentheaderapplicationauthoritydates,Protocol Protocol for Statewide Custodial Relative Kinship Placement,,Document header (application/authority/dates),,Ch16B_Foster_Homes,protocol,pending_extraction_qa,guardrail_reference_only,current,,1900-01-01,,true,QA signoff required; high-risk legal domain; high_risk=juvenile-court procedure,Adopt with revision,Corpus administrator,Blocks production display until signed off,"Current law, source authority, or high-risk status cannot be confirmed",chunk_count=11; chunk_types=metadata:1|protocol:10; high_risk_domains=juvenile-court procedure
qa_signoff_required_version,High,statute,tca_title_37,37_5_208_37_11_102.pdf,671e49bb1997d77bd0554e6c8d9ea6603947e3c8da80994b9ccd250b7f399378,Benchbook.ai Database Files/Title 37/37_5_208_37_11_102.pdf,,ea1765bf-3eef-5d3c-be71-aaf5b705b161,52e0ffd9-93b4-5a79-a1b4-3ede5f62071a,Tenn. Code Ann. Sec. 37-5-601,tenncodeann375601,"37-5-601. Part definitions. [Effective on January 1, 2027. See the version effective until January 1, 2027.]",,37-5-601,,,5,pending_extraction_qa,general_answer_authority,future_effective,"Effective on January 1, 2027. See the version effective until January 1, 2027.",2027-01-01,,true,future-effective issue; QA signoff required; warnings=effective_dated_version_unit,Adopt with revision,Corpus administrator,Blocks production display until signed off,"Current law, source authority, or high-risk status cannot be confirmed",chunk_count=4; chunk_types=annotation_candidate:2|black_letter_text:1|history:1; warning_counts=effective_dated_version_unit:4
qa_signoff_required_version,High,statute,tca_title_36,36_5_2309_36_6_203.pdf,2353abc408f0bcc640f4833f32d51ba2862b0c1e75a9aa2dde8ab576e5b23853,Benchbook.ai Database Files/Title 36/36_5_2309_36_6_203.pdf,,ef4e55eb-6142-5903-befe-c214cc5d507f,52f9acaa-d5db-554a-9148-ede2b8f541f2,Tenn. Code Ann. Sec. 36-5-2602,tenncodeann3652602,36-5-2602. Procedure to register order for enforcement.,,36-5-2602,,,5,pending_extraction_qa,general_answer_authority,current,,1900-01-01,,true,QA signoff required; high-risk legal domain; high_risk=juvenile-court procedure,Adopt with revision,Corpus administrator,Blocks production display until signed off,"Current law, source authority, or high-risk status cannot be confirmed",chunk_count=5; chunk_types=advisory_comment:1|annotation_candidate:1|black_letter_text:1|case_note_candidate:1|history:1; high_risk_domains=juvenile-court procedure
qa_signoff_required_version,High,dcs_policy,dcs_policies_procedures,228_14.30_Relative_Caregiver_Program.pdf,e61306224261359ce9d97e1004e8692aa554ae3fc46b9f3e55f59d26fac49273,Benchbook.ai Database Files/DCS P&P/TN_DCS_Policies/Ch14_CPS/228_14.30_Relative_Caregiver_Program.pdf,,29512a69-4009-55d0-8c33-776472e45016,530d33ad-098a-500f-81af-6e540e9c0172,DCS Policy 14.30,dcspolicy1430,Relative Caregiver Program,,Document header (application/authority/dates),14.30,Ch14_CPS,policy,pending_extraction_qa,guardrail_reference_only,current,,1900-01-01,,true,QA signoff required; high-risk legal domain; high_risk=juvenile-court procedure|termination of parental rights,Adopt with revision,Corpus administrator,Blocks production display until signed off,"Current law, source authority, or high-risk status cannot be confirmed",chunk_count=16; chunk_types=metadata:1|policy_text:15; high_risk_domains=juvenile-court procedure|termination of parental rights
qa_signoff_required_version,High,dcs_policy,dcs_policies_procedures,266_16.1_International_and_Immigration_Affairs_and_Special_Immigrant.pdf,e2064e2dd290c3fd11fc009eb6f1fd7dad91aa939fbabe71b359a3a96720a5e2,Benchbook.ai Database Files/DCS P&P/TN_DCS_Policies/Ch16A_Foster_Care/266_16.1_International_and_Immigration_Affairs_and_Special_Immigrant.pdf,,796f98a4-850e-513b-9666-a6ccd4487f31,53173c31-a36f-540c-9abe-bedb7094c9bc,DCS Policy 16.1,dcspolicy161,International and Immigration Affairs and Special Immigrant Juvenile Status,,Document header (application/authority/dates),16.1,Ch16A_Foster_Care,policy,pending_extraction_qa,guardrail_reference_only,current,,1900-01-01,,true,QA signoff required; high-risk legal domain; high_risk=juvenile-court procedure,Adopt with revision,Corpus administrator,Blocks production display until signed off,"Current law, source authority, or high-risk status cannot be confirmed",chunk_count=10; chunk_types=metadata:1|policy_text:9; high_risk_domains=juvenile-court procedure
qa_signoff_required_version,High,statute,tca_title_37,37_2_203_37_3_405.pdf,4505a32368dd82bcc6408f4fe16b2513cc23b2c810ae9254e0e21bc9d17153f5,Benchbook.ai Database Files/Title 37/37_2_203_37_3_405.pdf,,b6c9c960-a4e7-512e-b873-8aa472588b1e,543655d3-5a8b-5aad-b2da-28b6d7a85255,Tenn. Code Ann. Sec. 37-2-715,tenncodeann372715,37-2-715. Severability. [Effective when contingency met. See Compiler's Notes.],,37-2-715,,,2,pending_extraction_qa,general_answer_authority,unknown_effectivity,Effective when contingency met. See Compiler's Notes.,,,true,unknown-effective-date issue; QA signoff required; warnings=effective_dated_version_unit,Adopt with revision,Corpus administrator,Blocks production display until signed off,"Current law, source authority, or high-risk status cannot be confirmed",chunk_count=3; chunk_types=annotation_candidate:1|black_letter_text:1|history:1; warning_counts=effective_dated_version_unit:3
qa_signoff_required_version,High,rule,tenn_rules_juvenile_practice_procedure,Tenn. R. Juv. P. Rules.pdf,896900cf9175f11a38df986da4af09e62632abd8aa865b24d35b3e5a8beee541,Benchbook.ai Database Files/Tenn. R. Juv. P. Rules.pdf,,14fe5405-88d3-5814-a1fd-655f5299f1ba,5480c6d9-bcd8-5476-a783-00a821f3f9d8,Tenn. R. Juv. P. 213,tennrjuvp213,Rule 213. Modification of or relief from judgments or orders.,213,,,,,pending_extraction_qa,general_answer_authority,current,,1900-01-01,,true,QA signoff required; high-risk legal domain; high_risk=juvenile-court procedure,Adopt with revision,Corpus administrator,Blocks production display until signed off,"Current law, source authority, or high-risk status cannot be confirmed",chunk_count=4; chunk_types=advisory_comment:1|annotation_candidate:1|black_letter_text:1|history:1; high_risk_domains=juvenile-court procedure
qa_signoff_required_version,High,statute,tca_title_36,36_6_204_36_7_203.pdf,b3eb20c2869ce0b1df79f8f8113ebd6f96eb14a6621569c447c3f6f073f38e9b,Benchbook.ai Database Files/Title 36/36_6_204_36_7_203.pdf,,1418176a-98f2-5ea2-9d62-b05210eb9a5f,54a124d0-ca3b-5479-b323-e9d213744cfb,Tenn. Code Ann. Sec. 36-6-404,tenncodeann366404,"36-6-404. Permanent parenting plan. [Effective on July 1, 2026. See the version effective until July 1, 2026.]",,36-6-404,,,6,pending_extraction_qa,general_answer_authority,future_effective,"Effective on July 1, 2026. See the version effective until July 1, 2026.",2026-07-01,,true,future-effective issue; QA signoff required; warnings=effective_dated_version_unit,Adopt with revision,Corpus administrator,Blocks production display until signed off,"Current law, source authority, or high-risk status cannot be confirmed",chunk_count=6; chunk_types=annotation_candidate:2|black_letter_text:1|case_note_candidate:2|history:1; warning_counts=effective_dated_version_unit:6
qa_signoff_required_version,High,dcs_policy,dcs_policies_procedures,360_N_A_Documentation_of_the_Foster_Family_Home_Study.pdf,f0ad7e0faadfa2d03dd0900cee99fe72a9785a0ac6c7c5d3981333a5b08567a7,Benchbook.ai Database Files/DCS P&P/TN_DCS_Policies/Ch16B_Foster_Homes/360_N_A_Documentation_of_the_Foster_Family_Home_Study.pdf,,3ae28b90-c0ff-59f7-a877-59297690e9d0,550f6d00-93d0-5c99-89b2-bf8087ce7ba5,Document header (application/authority/dates),documentheaderapplicationauthoritydates,N A Documentation of the Foster Family Home Study,,Document header (application/authority/dates),,Ch16B_Foster_Homes,n_a,pending_extraction_qa,guardrail_reference_only,current,,1900-01-01,,true,QA signoff required; high-risk legal domain; high_risk=juvenile-court procedure,Adopt with revision,Corpus administrator,Blocks production display until signed off,"Current law, source authority, or high-risk status cannot be confirmed",chunk_count=15; chunk_types=metadata:1|unknown:14; high_risk_domains=juvenile-court procedure
qa_signoff_required_version,High,dcs_policy,dcs_policies_procedures,136_9.4_Confidential_Client-Specific_Information.pdf,64b09d81aea9b2e6f40c9d8fae5c8d2de4242c901edc98d0a2aead39243ea01f,Benchbook.ai Database Files/DCS P&P/TN_DCS_Policies/Ch09_Child_Records/136_9.4_Confidential_Client-Specific_Information.pdf,,ee973aa9-70ad-544a-acf0-142d9b51ef29,5548f873-14f7-5bcf-b7b3-29a47ef9bbaf,DCS Policy 9.4,dcspolicy94,Confidential Client-Specific Information,,Document header (application/authority/dates),9.4,Ch09_Child_Records,policy,pending_extraction_qa,guardrail_reference_only,current,,1900-01-01,,true,QA signoff required; high-risk legal domain; high_risk=juvenile-court procedure,Adopt with revision,Corpus administrator,Blocks production display until signed off,"Current law, source authority, or high-risk status cannot be confirmed",chunk_count=13; chunk_types=metadata:1|policy_text:12; high_risk_domains=juvenile-court procedure
qa_signoff_required_version,High,dcs_policy,dcs_policies_procedures,316_16.3_Desired_Characteristics_of_Foster_Parents.pdf,636a705c206a9b881e6fb599a895fcbea8e34c9e5d35cf55c2b581b8c266ce0d,Benchbook.ai Database Files/DCS P&P/TN_DCS_Policies/Ch16B_Foster_Homes/316_16.3_Desired_Characteristics_of_Foster_Parents.pdf,,aa900952-8e76-5a52-902b-7519d21601fb,55497e4f-d55e-5bd2-8f7c-e8e8aa25edc3,DCS Policy 16.3,dcspolicy163,Desired Characteristics of Foster Parents,,Document header (application/authority/dates),16.3,Ch16B_Foster_Homes,policy,pending_extraction_qa,guardrail_reference_only,current,,1900-01-01,,true,QA signoff required; high-risk legal domain; high_risk=juvenile-court procedure,Adopt with revision,Corpus administrator,Blocks production display until signed off,"Current law, source authority, or high-risk status cannot be confirmed",chunk_count=18; chunk_types=metadata:1|policy_text:17; high_risk_domains=juvenile-court procedure
qa_signoff_required_version,High,dcs_policy,dcs_policies_procedures,214_14.11_Child_Protective_Services_Case_File_Organization_Documentati.pdf,cba08fbd94129e456a41608056a6545908bfc2a3d3365c07e5179a706b5324ee,Benchbook.ai Database Files/DCS P&P/TN_DCS_Policies/Ch14_CPS/214_14.11_Child_Protective_Services_Case_File_Organization_Documentati.pdf,,b065b516-b535-5617-8804-19a10a452d4c,55a6b478-3752-5216-9212-9c6e0209c462,DCS Policy 14.11,dcspolicy1411,"Child Protective Services Case File Organization, Documentation and",,Document header (application/authority/dates),14.11,Ch14_CPS,policy,pending_extraction_qa,guardrail_reference_only,current,,1900-01-01,,true,QA signoff required; high-risk legal domain; high_risk=juvenile-court procedure,Adopt with revision,Corpus administrator,Blocks production display until signed off,"Current law, source authority, or high-risk status cannot be confirmed",chunk_count=17; chunk_types=metadata:1|policy_text:16; high_risk_domains=juvenile-court procedure
qa_signoff_required_version,High,dcs_policy,dcs_policies_procedures,314_N_A_Independent_Living_Handbook.pdf,671b8ebeb8d0e5a4392065b5f22835c3eebd69fa31cc17422b1d281388b0e76a,Benchbook.ai Database Files/DCS P&P/TN_DCS_Policies/Ch16A_Foster_Care/314_N_A_Independent_Living_Handbook.pdf,,d831b1a6-1df7-5578-ad67-2ff44b34c04a,56586d05-eaa2-5b61-9fd6-30a73542aa49,Document header (application/authority/dates),documentheaderapplicationauthoritydates,N A Independent Living Handbook,,Document header (application/authority/dates),,Ch16A_Foster_Care,n_a,pending_extraction_qa,guardrail_reference_only,current,,1900-01-01,,true,QA signoff required; high-risk legal domain; high_risk=dependency and neglect|juvenile-court procedure,Adopt with revision,Corpus administrator,Blocks production display until signed off,"Current law, source authority, or high-risk status cannot be confirmed",chunk_count=7; chunk_types=metadata:1|unknown:6; warning_counts=unusually_large_chunk:1; high_risk_domains=dependency and neglect|juvenile-court procedure
qa_signoff_required_version,High,statute,tca_title_37,37_5_208_37_11_102.pdf,671e49bb1997d77bd0554e6c8d9ea6603947e3c8da80994b9ccd250b7f399378,Benchbook.ai Database Files/Title 37/37_5_208_37_11_102.pdf,,95123cb6-7a08-54eb-bb92-8fbae20c3150,565c7bce-09fe-5f53-9ae7-eb7f7539f53d,Tenn. Code Ann. Sec. 37-5-507,tenncodeann375507,37-5-507. Unlicensed placement of children for care or adoption.,,37-5-507,,,5,pending_extraction_qa,general_answer_authority,current,,1900-01-01,,true,QA signoff required; high-risk legal domain; high_risk=adoption,Adopt with revision,Corpus administrator,Blocks production display until signed off,"Current law, source authority, or high-risk status cannot be confirmed",chunk_count=3; chunk_types=annotation_candidate:1|black_letter_text:1|history:1; high_risk_domains=adoption
qa_signoff_required_version,High,dcs_policy,dcs_policies_procedures,282_16.36_Title_IV-E_Foster_Care_Funds.pdf,90bd8c47cf92bab664cefcf6b80e38b20c7b76ce7673f6a54e3822f585faec9d,Benchbook.ai Database Files/DCS P&P/TN_DCS_Policies/Ch16A_Foster_Care/282_16.36_Title_IV-E_Foster_Care_Funds.pdf,,0fe45295-991d-547f-9ca6-0cb35105fdb0,572e85af-ae5e-5504-8d84-7879785fe241,DCS Policy 16.36,dcspolicy1636,Title IV-E Foster Care Funds,,Document header (application/authority/dates),16.36,Ch16A_Foster_Care,policy,pending_extraction_qa,guardrail_reference_only,current,,1900-01-01,,true,QA signoff required; high-risk legal domain; high_risk=juvenile-court procedure|termination of parental rights,Adopt with revision,Corpus administrator,Blocks production display until signed off,"Current law, source authority, or high-risk status cannot be confirmed",chunk_count=16; chunk_types=metadata:1|policy_text:15; high_risk_domains=juvenile-court procedure|termination of parental rights
qa_signoff_required_version,High,statute,tca_title_37,37_5_208_37_11_102.pdf,671e49bb1997d77bd0554e6c8d9ea6603947e3c8da80994b9ccd250b7f399378,Benchbook.ai Database Files/Title 37/37_5_208_37_11_102.pdf,,efaf515f-4d32-5e81-87d9-d1d9c59e3b53,574755a1-8a7e-55a4-abc9-d5c737cfbd23,Tenn. Code Ann. Sec. 37-5-309,tenncodeann375309,37-5-309. Contracts for healthcare  -  Termination.,,37-5-309,,,5,pending_extraction_qa,general_answer_authority,current,,1900-01-01,,true,QA signoff required; high-risk legal domain; high_risk=termination of parental rights,Adopt with revision,Corpus administrator,Blocks production display until signed off,"Current law, source authority, or high-risk status cannot be confirmed",chunk_count=2; chunk_types=black_letter_text:1|history:1; high_risk_domains=termination of parental rights
qa_signoff_required_version,High,statute,tca_title_37,37_2_203_37_3_405.pdf,4505a32368dd82bcc6408f4fe16b2513cc23b2c810ae9254e0e21bc9d17153f5,Benchbook.ai Database Files/Title 37/37_2_203_37_3_405.pdf,,bef2d489-0367-5313-80ec-ef147a22d537,575887f3-b1fd-5940-9037-718c075f696c,Tenn. Code Ann. Sec. 37-2-706,tenncodeann372706,37-2-706. Petition to court of competent jurisdiction to invalidate action upon showing of certain violations. [Effective when contingency met. See Compiler's Notes.],,37-2-706,,,2,pending_extraction_qa,general_answer_authority,unknown_effectivity,Effective when contingency met. See Compiler's Notes.,,,true,unknown-effective-date issue; QA signoff required; warnings=effective_dated_version_unit,Adopt with revision,Corpus administrator,Blocks production display until signed off,"Current law, source authority, or high-risk status cannot be confirmed",chunk_count=3; chunk_types=annotation_candidate:1|black_letter_text:1|history:1; warning_counts=effective_dated_version_unit:3
qa_signoff_required_version,High,dcs_policy,dcs_policies_procedures,218_14.15_Confidentiality_of_Child_Protective_Services_Cases.pdf,6d3df5507c6aff373c3d8a56c7e61d177d6fce08e11c6df4ee52d439f3cab6e6,Benchbook.ai Database Files/DCS P&P/TN_DCS_Policies/Ch14_CPS/218_14.15_Confidentiality_of_Child_Protective_Services_Cases.pdf,,f6338796-ba65-57e1-8788-bc266a2bd5ac,57ba33cd-dd02-585f-b708-5d5e3adf8df6,DCS Policy 14.15,dcspolicy1415,Confidentiality of Child Protective Services Cases,,Document header (application/authority/dates),14.15,Ch14_CPS,policy,pending_extraction_qa,guardrail_reference_only,current,,1900-01-01,,true,QA signoff required; high-risk legal domain; high_risk=juvenile-court procedure,Adopt with revision,Corpus administrator,Blocks production display until signed off,"Current law, source authority, or high-risk status cannot be confirmed",chunk_count=5; chunk_types=metadata:1|policy_text:4; high_risk_domains=juvenile-court procedure
qa_signoff_required_version,High,statute,tca_title_37,37_1_101_37_1_201.pdf,423871eb310b5359f8fb18b9ddd970c37fdcfea65392db9e3fddae5531ca5d99,Benchbook.ai Database Files/Title 37/37_1_101_37_1_201.pdf,,93fca553-7277-5b85-b2d8-d2eaa447a634,5848c4ea-6ee4-5a1e-8379-39f0060aa554,Tenn. Code Ann. Sec. 37-1-194,tenncodeann371194,"37-1-194. Parent education seminar in juvenile cases. [Effective July 1, 2026.]",,37-1-194,,,1,pending_extraction_qa,general_answer_authority,future_effective,"Effective July 1, 2026.",2026-07-01,,true,future-effective issue; QA signoff required; warnings=effective_dated_version_unit,Adopt with revision,Corpus administrator,Blocks production display until signed off,"Current law, source authority, or high-risk status cannot be confirmed",chunk_count=3; chunk_types=annotation_candidate:1|black_letter_text:1|history:1; warning_counts=effective_dated_version_unit:3
qa_signoff_required_version,High,dcs_policy,dcs_policies_procedures,336_Attachment_Guidelines_for_Foster_Care_Associations.pdf,6d2f8b8bf3dc41aeb1c81c3bbfa67e2a677aa4199de7cf9bfdfe45aa36657645,Benchbook.ai Database Files/DCS P&P/TN_DCS_Policies/Ch16B_Foster_Homes/336_Attachment_Guidelines_for_Foster_Care_Associations.pdf,,7ae59268-f195-5caa-99ff-8e2dde1618aa,58fd31ca-6b57-5204-bc04-48ebb83551ac,Document header (application/authority/dates),documentheaderapplicationauthoritydates,Attachment Guidelines for Foster Care Associations,,Document header (application/authority/dates),,Ch16B_Foster_Homes,unknown,pending_extraction_qa,guardrail_reference_only,current,,1900-01-01,,true,QA signoff required; high-risk legal domain; high_risk=juvenile-court procedure,Adopt with revision,Corpus administrator,Blocks production display until signed off,"Current law, source authority, or high-risk status cannot be confirmed",chunk_count=1; chunk_types=metadata:1; high_risk_domains=juvenile-court procedure
qa_signoff_required_version,High,dcs_policy,dcs_policies_procedures,225_14.20_Orders_of_Reference.pdf,80049b7d0ab1ca5253512e30c552a59dba95cf67bf13990f4dc4153b020d5326,Benchbook.ai Database Files/DCS P&P/TN_DCS_Policies/Ch14_CPS/225_14.20_Orders_of_Reference.pdf,,21b7f379-6138-5cac-8de2-282268033f4d,59480182-ff09-5fe5-a3d6-a6dcf62806ab,DCS Policy 14.20,dcspolicy1420,Orders of Reference,,Document header (application/authority/dates),14.20,Ch14_CPS,policy,pending_extraction_qa,guardrail_reference_only,current,,1900-01-01,,true,QA signoff required; high-risk legal domain; high_risk=dependency and neglect|juvenile-court procedure,Adopt with revision,Corpus administrator,Blocks production display until signed off,"Current law, source authority, or high-risk status cannot be confirmed",chunk_count=8; chunk_types=metadata:1|policy_text:7; high_risk_domains=dependency and neglect|juvenile-court procedure
qa_signoff_required_version,High,statute,tca_title_37,37_2_203_37_3_405.pdf,4505a32368dd82bcc6408f4fe16b2513cc23b2c810ae9254e0e21bc9d17153f5,Benchbook.ai Database Files/Title 37/37_2_203_37_3_405.pdf,,a89c3b8e-bbd4-5cea-b087-962306315a76,5a3a092a-122a-5a20-9b0a-e5e8807bbc23,Tenn. Code Ann. Sec. 37-2-709,tenncodeann372709,37-2-709. Tribal affiliation information and other information for protection of rights from tribal relationship  -  Application of subject of adoptive,,37-2-709,,,2,pending_extraction_qa,general_answer_authority,unknown_effectivity,Effective when contingency met. See Compiler's Notes.,,,true,unknown-effective-date issue; QA signoff required; warnings=effective_dated_version_text,Adopt with revision,Corpus administrator,Blocks production display until signed off,"Current law, source authority, or high-risk status cannot be confirmed",chunk_count=1; chunk_types=black_letter_text:1; warning_counts=effective_dated_version_text:1
qa_signoff_required_version,High,dcs_policy,dcs_policies_procedures,354_Protocol_Protocol_for_DCS_and_Contract_Agency_Employees_as_Foster_Par.pdf,11643994757d8f03972cac935fc10872d71ed81e938a435fdf65e2ca36a7ac51,Benchbook.ai Database Files/DCS P&P/TN_DCS_Policies/Ch16B_Foster_Homes/354_Protocol_Protocol_for_DCS_and_Contract_Agency_Employees_as_Foster_Par.pdf,,6deba078-4cf5-5101-8fac-ca7617178c05,5b13a333-2739-588e-947d-e414446509fa,Document header (application/authority/dates),documentheaderapplicationauthoritydates,Protocol Protocol for DCS and Contract Agency Employees as Foster Par,,Document header (application/authority/dates),,Ch16B_Foster_Homes,protocol,pending_extraction_qa,guardrail_reference_only,current,,1900-01-01,,true,QA signoff required; high-risk legal domain; high_risk=juvenile-court procedure,Adopt with revision,Corpus administrator,Blocks production display until signed off,"Current law, source authority, or high-risk status cannot be confirmed",chunk_count=5; chunk_types=metadata:1|protocol:4; high_risk_domains=juvenile-court procedure
qa_signoff_required_version,High,dcs_policy,dcs_policies_procedures,638_Handbook_Clients_Rights_Handbook_-_Spanish.pdf,5364fcd6734987ae918f2f0f34c499dc4074e423523e500ebb6e5bf9d1c31ee4,Benchbook.ai Database Files/DCS P&P/TN_DCS_Policies/Ch31_Field_Services/638_Handbook_Clients_Rights_Handbook_-_Spanish.pdf,,08377a8f-eec0-58b7-9fa1-46645af60f4d,5b7aab8c-04f7-5138-a045-7dace3ab16ce,Document header (application/authority/dates),documentheaderapplicationauthoritydates,Handbook Clients Rights Handbook Spanish,,Document header (application/authority/dates),,Ch31_Field_Services,handbook,pending_extraction_qa,guardrail_reference_only,current,,1900-01-01,,true,QA signoff required; high-risk legal domain; high_risk=juvenile-court procedure,Adopt with revision,Corpus administrator,Blocks production display until signed off,"Current law, source authority, or high-risk status cannot be confirmed",chunk_count=22; chunk_types=metadata:1|unknown:21; high_risk_domains=juvenile-court procedure
qa_signoff_required_version,High,rule,tenn_rules_juvenile_practice_procedure,Tenn. R. Juv. P. Rules.pdf,896900cf9175f11a38df986da4af09e62632abd8aa865b24d35b3e5a8beee541,Benchbook.ai Database Files/Tenn. R. Juv. P. Rules.pdf,,425b336b-ab7d-59a7-8f24-3b43917a2a39,5b800232-d317-599d-a4d6-5bb4d76e4221,Tenn. R. Juv. P. 307,tennrjuvp307,Rule 307. Adjudicatory hearings.,307,,,,,pending_extraction_qa,general_answer_authority,current,,1900-01-01,,true,QA signoff required; high-risk legal domain; high_risk=juvenile-court procedure,Adopt with revision,Corpus administrator,Blocks production display until signed off,"Current law, source authority, or high-risk status cannot be confirmed",chunk_count=7; chunk_types=advisory_comment:1|annotation_candidate:2|black_letter_text:1|case_note_candidate:2|history:1; high_risk_domains=juvenile-court procedure
qa_signoff_required_version,High,statute,tca_title_37,37_5_208_37_11_102.pdf,671e49bb1997d77bd0554e6c8d9ea6603947e3c8da80994b9ccd250b7f399378,Benchbook.ai Database Files/Title 37/37_5_208_37_11_102.pdf,,352f4001-854d-5824-a77a-0e7b9b00b886,5c4ae64c-0a48-531b-939a-920aac1243b3,Tenn. Code Ann. Sec. 37-5-604,tenncodeann375604,"37-5-604. Screening instrument  -  Assessment  -  Determination of level of intervention  -  Investigation of reports of harm or sexual abuse. [Effective until January 1, 2027. See the version effective on January 1, 2027.]",,37-5-604,,,5,pending_extraction_qa,general_answer_authority,current,"Effective until January 1, 2027. See the version effective on January 1, 2027.",1900-01-01,2027-01-01,true,current-law confidence issue; QA signoff required; high-risk legal domain; warnings=effective_dated_version_unit; high_risk=termination of parental rights,Adopt with revision,Corpus administrator,Blocks production display until signed off,"Current law, source authority, or high-risk status cannot be confirmed",chunk_count=4; chunk_types=annotation_candidate:2|black_letter_text:1|history:1; warning_counts=effective_dated_version_unit:4; high_risk_domains=termination of parental rights
qa_signoff_required_version,High,dcs_policy,dcs_policies_procedures,220_14.17_Resource_Linkage_Services.pdf,c324a4eb915c353a94c94f0b559ff5c7f503fb517de703e70befbb3d013b4254,Benchbook.ai Database Files/DCS P&P/TN_DCS_Policies/Ch14_CPS/220_14.17_Resource_Linkage_Services.pdf,,ec154b75-ab89-542c-bedc-373c38b6caa0,5caf3d6c-78ba-5764-a61a-08a1d763fad5,DCS Policy 14.17,dcspolicy1417,Resource Linkage Services,,Document header (application/authority/dates),14.17,Ch14_CPS,policy,pending_extraction_qa,guardrail_reference_only,current,,1900-01-01,,true,QA signoff required; high-risk legal domain; high_risk=juvenile-court procedure,Adopt with revision,Corpus administrator,Blocks production display until signed off,"Current law, source authority, or high-risk status cannot be confirmed",chunk_count=5; chunk_types=metadata:1|policy_text:4; high_risk_domains=juvenile-court procedure
qa_signoff_required_version,High,statute,tca_title_36,36_1_101_36_3_302.pdf,a6b1c6cff6bb307f3a639c10092c82a25e738e587f1b374a6317441324525720,Benchbook.ai Database Files/Title 36/36_1_101_36_3_302.pdf,,32123333-3f56-5622-ad1d-4ceba748a3c4,5ccc95f5-b9a1-5544-abf1-1d5146408cdc,Tenn. Code Ann. Sec. 36-1-120,tenncodeann361120,36-1-120. Final order of adoption  -  Contents  -  Report of foreign birth.,,36-1-120,,,1,pending_extraction_qa,general_answer_authority,current,,1900-01-01,,true,QA signoff required; high-risk legal domain; high_risk=adoption,Adopt with revision,Corpus administrator,Blocks production display until signed off,"Current law, source authority, or high-risk status cannot be confirmed",chunk_count=6; chunk_types=annotation_candidate:2|black_letter_text:1|case_note_candidate:2|history:1; high_risk_domains=adoption
qa_signoff_required_version,High,dcs_policy,dcs_policies_procedures,275_Work_Aid_Work_Aid_for_Permanency_and_Service_Planning_for_Children_Yo.pdf,1d435924400f878d39ba763201e38b09a2149bb4786104589bc94c39ad053f3d,Benchbook.ai Database Files/DCS P&P/TN_DCS_Policies/Ch16A_Foster_Care/275_Work_Aid_Work_Aid_for_Permanency_and_Service_Planning_for_Children_Yo.pdf,,66c73efd-93eb-5d56-801f-6dc1c44c852d,5e83b39d-76c5-509a-adef-096a88a79c43,Document header (application/authority/dates),documentheaderapplicationauthoritydates,Work Aid Work Aid for Permanency and Service Planning for Children Yo,,Document header (application/authority/dates),,Ch16A_Foster_Care,work_aid,pending_extraction_qa,guardrail_reference_only,current,,1900-01-01,,true,QA signoff required; high-risk legal domain; high_risk=juvenile-court procedure,Adopt with revision,Corpus administrator,Blocks production display until signed off,"Current law, source authority, or high-risk status cannot be confirmed",chunk_count=2; chunk_types=metadata:1|work_aid:1; high_risk_domains=juvenile-court procedure
qa_signoff_required_version,High,statute,tca_title_36,36_6_204_36_7_203.pdf,b3eb20c2869ce0b1df79f8f8113ebd6f96eb14a6621569c447c3f6f073f38e9b,Benchbook.ai Database Files/Title 36/36_6_204_36_7_203.pdf,,a6300790-79b9-568f-9ea8-6ea41caff283,60f965fa-974f-5f8e-b0ae-dcf4a4a89a16,Tenn. Code Ann. Sec. 36-6-235,tenncodeann366235,36-6-235. Warrant for physical custody  -  Conditional placement.,,36-6-235,,,6,pending_extraction_qa,general_answer_authority,current,,1900-01-01,,true,QA signoff required; high-risk legal domain; high_risk=custody,Adopt with revision,Corpus administrator,Blocks production display until signed off,"Current law, source authority, or high-risk status cannot be confirmed",chunk_count=5; chunk_types=advisory_comment:1|annotation_candidate:2|black_letter_text:1|history:1; high_risk_domains=custody
qa_signoff_required_version,High,statute,tca_title_36,36_6_204_36_7_203.pdf,b3eb20c2869ce0b1df79f8f8113ebd6f96eb14a6621569c447c3f6f073f38e9b,Benchbook.ai Database Files/Title 36/36_6_204_36_7_203.pdf,,ca42c4a7-4059-5e1c-a8b2-7d7b7463ac72,629f55f1-5d84-5c27-a123-c5b3eefd82fc,Tenn. Code Ann. Sec. 36-6-609,tenncodeann366609,36-6-609. Warrant to take physical custody of child.,,36-6-609,,,6,pending_extraction_qa,general_answer_authority,current,,1900-01-01,,true,QA signoff required; high-risk legal domain; high_risk=custody,Adopt with revision,Corpus administrator,Blocks production display until signed off,"Current law, source authority, or high-risk status cannot be confirmed",chunk_count=2; chunk_types=black_letter_text:1|history:1; high_risk_domains=custody
qa_signoff_required_version,High,rule,tenn_rules_juvenile_practice_procedure,Tenn. R. Juv. P. Rules.pdf,896900cf9175f11a38df986da4af09e62632abd8aa865b24d35b3e5a8beee541,Benchbook.ai Database Files/Tenn. R. Juv. P. Rules.pdf,,b5bec095-06f2-5e32-99e1-21add5a0faad,62dc500a-1fe0-5a51-91ed-3e37fa9b1a5a,Tenn. R. Juv. P. 114,tennrjuvp114,Rule 114. Confidentiality of proceedings.,114,,,,,pending_extraction_qa,general_answer_authority,current,,1900-01-01,,true,QA signoff required; high-risk legal domain; high_risk=juvenile-court procedure,Adopt with revision,Corpus administrator,Blocks production display until signed off,"Current law, source authority, or high-risk status cannot be confirmed",chunk_count=6; chunk_types=advisory_comment:1|annotation_candidate:1|black_letter_text:1|case_note_candidate:2|history:1; high_risk_domains=juvenile-court procedure
qa_signoff_required_version,High,dcs_policy,dcs_policies_procedures,285_Protocol_Protocol_for_Foster_Care_Case_Management.pdf,a6562627ffd8efe432592e77444e075b2a18950f4da1f6b4e211af880e3b0c35,Benchbook.ai Database Files/DCS P&P/TN_DCS_Policies/Ch16A_Foster_Care/285_Protocol_Protocol_for_Foster_Care_Case_Management.pdf,,87420d85-bf9f-5ff4-8899-0b110d6a602b,63406627-a4a1-5b59-9672-4706c066c6b5,Document header (application/authority/dates),documentheaderapplicationauthoritydates,Protocol Protocol for Foster Care Case Management,,Document header (application/authority/dates),,Ch16A_Foster_Care,protocol,pending_extraction_qa,guardrail_reference_only,current,,1900-01-01,,true,QA signoff required; high-risk legal domain; high_risk=juvenile-court procedure,Adopt with revision,Corpus administrator,Blocks production display until signed off,"Current law, source authority, or high-risk status cannot be confirmed",chunk_count=3; chunk_types=metadata:1|protocol:2; warning_counts=unusually_large_chunk:1; high_risk_domains=juvenile-court procedure
qa_signoff_required_version,High,statute,tca_title_36,36_1_101_36_3_302.pdf,a6b1c6cff6bb307f3a639c10092c82a25e738e587f1b374a6317441324525720,Benchbook.ai Database Files/Title 36/36_1_101_36_3_302.pdf,,225a7f8d-8e26-5ac3-9b8b-533403ecc3c7,638690cd-d1d4-5891-8812-e8b9e76d48b6,Tenn. Code Ann. Sec. 36-1-104,tenncodeann361104,"36-1-104. Withholding of material information concerning the status of the parents or guardian of a child subject to surrender, termination of parental",,36-1-104,,,1,pending_extraction_qa,general_answer_authority,current,,1900-01-01,,true,QA signoff required; high-risk legal domain; high_risk=surrender|termination of parental rights,Adopt with revision,Corpus administrator,Blocks production display until signed off,"Current law, source authority, or high-risk status cannot be confirmed",chunk_count=4; chunk_types=annotation_candidate:2|black_letter_text:1|history:1; high_risk_domains=surrender|termination of parental rights
qa_signoff_required_version,High,statute,tca_title_36,36_5_2309_36_6_203.pdf,2353abc408f0bcc640f4833f32d51ba2862b0c1e75a9aa2dde8ab576e5b23853,Benchbook.ai Database Files/Title 36/36_5_2309_36_6_203.pdf,,9f94e3c3-c0e0-5745-a687-14d9ecc926f8,63c0b39c-534a-5b85-b009-c4b3ae492360,Tenn. Code Ann. Sec. 36-6-108,tenncodeann366108,36-6-108. Parental relocation.,,36-6-108,,,5,pending_extraction_qa,general_answer_authority,current,,1900-01-01,,true,QA signoff required; high-risk legal domain; high_risk=termination of parental rights,Adopt with revision,Corpus administrator,Blocks production display until signed off,"Current law, source authority, or high-risk status cannot be confirmed",chunk_count=15; chunk_types=annotation_candidate:2|black_letter_text:1|case_note_candidate:11|history:1; high_risk_domains=termination of parental rights
qa_signoff_required_version,High,dcs_policy,dcs_policies_procedures,308_N_A_Foster_Child_Youth_Bill_of_Rights_and_Acknowledgement.pdf,32bc394cebccad7c59c1ab92a9750cdcf2a766ed8bb5c06c3d7ab5829a4492e6,Benchbook.ai Database Files/DCS P&P/TN_DCS_Policies/Ch16A_Foster_Care/308_N_A_Foster_Child_Youth_Bill_of_Rights_and_Acknowledgement.pdf,,1035d4c5-5c77-55cb-8ffc-b2b9992fca0c,647a5188-7ff9-5fdd-8705-feb286a0a6fe,Document header (application/authority/dates),documentheaderapplicationauthoritydates,N A Foster Child Youth Bill of Rights and Acknowledgement,,Document header (application/authority/dates),,Ch16A_Foster_Care,n_a,pending_extraction_qa,guardrail_reference_only,current,,1900-01-01,,true,QA signoff required; high-risk legal domain; high_risk=juvenile-court procedure,Adopt with revision,Corpus administrator,Blocks production display until signed off,"Current law, source authority, or high-risk status cannot be confirmed",chunk_count=2; chunk_types=metadata:1|unknown:1; high_risk_domains=juvenile-court procedure
qa_signoff_required_version,High,statute,tca_title_37,37_2_203_37_3_405.pdf,4505a32368dd82bcc6408f4fe16b2513cc23b2c810ae9254e0e21bc9d17153f5,Benchbook.ai Database Files/Title 37/37_2_203_37_3_405.pdf,,b42897b6-fb56-51ea-8dad-7297d0fe4e5d,64cf3aac-661c-512a-91ed-d4ed116095f4,Tenn. Code Ann. Sec. 37-2-417,tenncodeann372417,37-2-417. Rights and protections for foster children in state custody.,,37-2-417,,,2,pending_extraction_qa,general_answer_authority,current,,1900-01-01,,true,QA signoff required; high-risk legal domain; high_risk=custody,Adopt with revision,Corpus administrator,Blocks production display until signed off,"Current law, source authority, or high-risk status cannot be confirmed",chunk_count=3; chunk_types=annotation_candidate:1|black_letter_text:1|history:1; high_risk_domains=custody
qa_signoff_required_version,High,statute,tca_title_36,36_1_101_36_3_302.pdf,a6b1c6cff6bb307f3a639c10092c82a25e738e587f1b374a6317441324525720,Benchbook.ai Database Files/Title 36/36_1_101_36_3_302.pdf,,0bc08a19-c359-5a2d-b9dd-992f125171e2,6766f018-d12b-5541-bb4a-34da9cc3a9eb,Tenn. Code Ann. Sec. 36-1-142,tenncodeann361142,36-1-142. Voluntary delivery of infant  -  Notifications  -  Revocation of voluntary delivery  -  Termination of parental rights.,,36-1-142,,,1,pending_extraction_qa,general_answer_authority,current,,1900-01-01,,true,QA signoff required; high-risk legal domain; high_risk=termination of parental rights,Adopt with revision,Corpus administrator,Blocks production display until signed off,"Current law, source authority, or high-risk status cannot be confirmed",chunk_count=4; chunk_types=annotation_candidate:2|black_letter_text:1|history:1; high_risk_domains=termination of parental rights
qa_signoff_required_version,High,statute,tca_title_37,37_1_202_37_2_202.pdf,9cd08fcaae4176f55dd74ead07e414a9d249a0777f0f7249175756d29833d45c,Benchbook.ai Database Files/Title 37/37_1_202_37_2_202.pdf,,145486b0-fd9c-5743-8e03-7614c31946bf,67c02603-c647-528d-8e4b-75f76395c8dc,Tenn. Code Ann. Sec. 37-1-803,tenncodeann371803,"37-1-803. Permanent guardianship not a termination of parent child relationship  -  Visitation, contact and sharing of information.",,37-1-803,,,1,pending_extraction_qa,general_answer_authority,current,,1900-01-01,,true,QA signoff required; high-risk legal domain; high_risk=termination of parental rights,Adopt with revision,Corpus administrator,Blocks production display until signed off,"Current law, source authority, or high-risk status cannot be confirmed",chunk_count=2; chunk_types=black_letter_text:1|history:1; high_risk_domains=termination of parental rights
qa_signoff_required_version,High,dcs_policy,dcs_policies_procedures,178_Work_Aid_2_Work_Aid_2_Child_Abuse_Hotline.pdf,fadcda37329d69718524fbaec658680d323c6f6238b503ad3b23146ea54364cc,Benchbook.ai Database Files/DCS P&P/TN_DCS_Policies/Ch14_CPS/178_Work_Aid_2_Work_Aid_2_Child_Abuse_Hotline.pdf,,0249ba51-d277-5f95-b490-3c7e471d28bf,67f9229c-3e39-5ab5-8ec6-d7163883f014,Document header (application/authority/dates),documentheaderapplicationauthoritydates,Work Aid 2 Work Aid 2 Child Abuse Hotline,,Document header (application/authority/dates),,Ch14_CPS,work_aid,pending_extraction_qa,guardrail_reference_only,current,,1900-01-01,,true,QA signoff required; high-risk legal domain; high_risk=juvenile-court procedure,Adopt with revision,Corpus administrator,Blocks production display until signed off,"Current law, source authority, or high-risk status cannot be confirmed",chunk_count=9; chunk_types=metadata:1|work_aid:8; high_risk_domains=juvenile-court procedure
qa_signoff_required_version,High,rule,tenn_rules_juvenile_practice_procedure,Tenn. R. Juv. P. Rules.pdf,896900cf9175f11a38df986da4af09e62632abd8aa865b24d35b3e5a8beee541,Benchbook.ai Database Files/Tenn. R. Juv. P. Rules.pdf,,7f266548-726e-5b7d-a56d-d15a87b2f862,67f93dd6-0fb5-5c79-9262-649fdc677115,Tenn. R. Juv. P. 103,tennrjuvp103,Rule 103. Service of process and summons.,103,,,,,pending_extraction_qa,general_answer_authority,current,,1900-01-01,,true,QA signoff required; high-risk legal domain; high_risk=juvenile-court procedure,Adopt with revision,Corpus administrator,Blocks production display until signed off,"Current law, source authority, or high-risk status cannot be confirmed",chunk_count=6; chunk_types=advisory_comment:1|annotation_candidate:1|black_letter_text:1|case_note_candidate:2|history:1; high_risk_domains=juvenile-court procedure
qa_signoff_required_version,High,dcs_policy,dcs_policies_procedures,300_16.53_Eligibility_for_Independent_Living_Services.pdf,d2f670e606526a2592c117d5991719d63459e6fc5cd0ea1515d3f935c1d727a8,Benchbook.ai Database Files/DCS P&P/TN_DCS_Policies/Ch16A_Foster_Care/300_16.53_Eligibility_for_Independent_Living_Services.pdf,,66643662-d787-5793-9880-ceb95390e80f,680a12b9-5300-5666-9831-48fbf238773b,DCS Policy 16.53,dcspolicy1653,Eligibility for Independent Living Services,,Document header (application/authority/dates),16.53,Ch16A_Foster_Care,policy,pending_extraction_qa,guardrail_reference_only,current,,1900-01-01,,true,QA signoff required; high-risk legal domain; high_risk=dependency and neglect|juvenile-court procedure,Adopt with revision,Corpus administrator,Blocks production display until signed off,"Current law, source authority, or high-risk status cannot be confirmed",chunk_count=15; chunk_types=metadata:1|policy_text:14; high_risk_domains=dependency and neglect|juvenile-court procedure
qa_signoff_required_version,High,dcs_policy,dcs_policies_procedures,206_Tip_Sheet_Waiver_Tip_Sheet_for_Employment_Volunteering_and_Custodial_P.pdf,a1809dc91bfce8fa459013f183691f3dc2de9de386855f2751083574ec811701,Benchbook.ai Database Files/DCS P&P/TN_DCS_Policies/Ch14_CPS/206_Tip_Sheet_Waiver_Tip_Sheet_for_Employment_Volunteering_and_Custodial_P.pdf,,ec284020-13b5-5b10-86a3-a222b654c492,68eefbd5-57a2-562c-8e20-225a55c28209,Document header (application/authority/dates),documentheaderapplicationauthoritydates,Tip Sheet Waiver Tip Sheet for Employment Volunteering and Custodial P,,Document header (application/authority/dates),,Ch14_CPS,tip_sheet,pending_extraction_qa,guardrail_reference_only,current,,1900-01-01,,true,QA signoff required; high-risk legal domain; high_risk=juvenile-court procedure,Adopt with revision,Corpus administrator,Blocks production display until signed off,"Current law, source authority, or high-risk status cannot be confirmed",chunk_count=3; chunk_types=metadata:1|unknown:2; high_risk_domains=juvenile-court procedure
qa_signoff_required_version,High,rule,tenn_rules_juvenile_practice_procedure,Tenn. R. Juv. P. Rules.pdf,896900cf9175f11a38df986da4af09e62632abd8aa865b24d35b3e5a8beee541,Benchbook.ai Database Files/Tenn. R. Juv. P. Rules.pdf,,4398ba70-5a6d-538b-94ed-5bd41f354633,692f4e89-ff70-510f-91e2-37f09b458f58,Tenn. R. Juv. P. 108,tennrjuvp108,Rule 108. Injunctive relief.,108,,,,,pending_extraction_qa,general_answer_authority,current,,1900-01-01,,true,QA signoff required; high-risk legal domain; high_risk=juvenile-court procedure,Adopt with revision,Corpus administrator,Blocks production display until signed off,"Current law, source authority, or high-risk status cannot be confirmed",chunk_count=4; chunk_types=advisory_comment:1|annotation_candidate:1|black_letter_text:1|history:1; high_risk_domains=juvenile-court procedure
qa_signoff_required_version,High,dcs_policy,dcs_policies_procedures,623_Work_Aid_Work_Aid_Drug_Screening_for_Individuals_Receiving_Services_f.pdf,998b71f952b7309da061a5d9189f323e6e998aabdc768ce199f72d9e3ae6165a,Benchbook.ai Database Files/DCS P&P/TN_DCS_Policies/Ch31_Field_Services/623_Work_Aid_Work_Aid_Drug_Screening_for_Individuals_Receiving_Services_f.pdf,,4dbc5978-2251-5ae9-99cb-e49db0c5ac8b,6bf65c90-5526-57fe-b533-7051511b23d0,Document header (application/authority/dates),documentheaderapplicationauthoritydates,Work Aid Work Aid Drug Screening for Individuals Receiving Services f,,Document header (application/authority/dates),,Ch31_Field_Services,work_aid,pending_extraction_qa,guardrail_reference_only,current,,1900-01-01,,true,QA signoff required; high-risk legal domain; high_risk=juvenile-court procedure,Adopt with revision,Corpus administrator,Blocks production display until signed off,"Current law, source authority, or high-risk status cannot be confirmed",chunk_count=7; chunk_types=metadata:1|work_aid:6; high_risk_domains=juvenile-court procedure
qa_signoff_required_version,High,dcs_policy,dcs_policies_procedures,598_Guide_Child_and_Family_Team_Facilitator_Certification_Guide.pdf,d9df01b75fe05e836adb2a33ebab377cea5d6d52d535a8d116c496ec9465eb17,Benchbook.ai Database Files/DCS P&P/TN_DCS_Policies/Ch31_Field_Services/598_Guide_Child_and_Family_Team_Facilitator_Certification_Guide.pdf,,c8c2d8a7-7817-5bb4-8f89-93894cfe5753,6c4406ef-6356-5d93-9196-66577e39aad5,Document header (application/authority/dates),documentheaderapplicationauthoritydates,Guide Child and Family Team Facilitator Certification Guide,,Document header (application/authority/dates),,Ch31_Field_Services,guide,pending_extraction_qa,guardrail_reference_only,current,,1900-01-01,,true,QA signoff required; high-risk legal domain; high_risk=juvenile-court procedure,Adopt with revision,Corpus administrator,Blocks production display until signed off,"Current law, source authority, or high-risk status cannot be confirmed",chunk_count=2; chunk_types=guide:1|metadata:1; high_risk_domains=juvenile-court procedure
qa_signoff_required_version,High,rule,tenn_rules_juvenile_practice_procedure,Tenn. R. Juv. P. Rules.pdf,896900cf9175f11a38df986da4af09e62632abd8aa865b24d35b3e5a8beee541,Benchbook.ai Database Files/Tenn. R. Juv. P. Rules.pdf,,bc1aafb3-8e64-5094-ae31-f6d0a13dde42,6c8acd6f-da55-5938-b42a-4517a8fad4c8,Tenn. R. Juv. P. 210,tennrjuvp210,Rule 210. Adjudicatory hearings.,210,,,,,pending_extraction_qa,general_answer_authority,current,,1900-01-01,,true,QA signoff required; high-risk legal domain; high_risk=juvenile-court procedure,Adopt with revision,Corpus administrator,Blocks production display until signed off,"Current law, source authority, or high-risk status cannot be confirmed",chunk_count=5; chunk_types=advisory_comment:1|annotation_candidate:2|black_letter_text:1|history:1; high_risk_domains=juvenile-court procedure
qa_signoff_required_version,High,dcs_policy,dcs_policies_procedures,615_Protocol_Parent_Engagement_and_Support_Work_Aid.pdf,b85fa21b3d72609767573798ebf8a3c43e27af8139480c6a617d6e6ff8e8e0c7,Benchbook.ai Database Files/DCS P&P/TN_DCS_Policies/Ch31_Field_Services/615_Protocol_Parent_Engagement_and_Support_Work_Aid.pdf,,f0d4f5bd-a205-5b89-abf4-084102cc9f21,6cdcceb4-5a75-5e9c-8ada-62422486c158,Document header (application/authority/dates),documentheaderapplicationauthoritydates,Protocol Parent Engagement and Support Work Aid,,Document header (application/authority/dates),,Ch31_Field_Services,protocol,pending_extraction_qa,guardrail_reference_only,current,,1900-01-01,,true,QA signoff required; high-risk legal domain; high_risk=juvenile-court procedure,Adopt with revision,Corpus administrator,Blocks production display until signed off,"Current law, source authority, or high-risk status cannot be confirmed",chunk_count=2; chunk_types=metadata:1|protocol:1; high_risk_domains=juvenile-court procedure
qa_signoff_required_version,High,statute,tca_title_37,37_1_202_37_2_202.pdf,9cd08fcaae4176f55dd74ead07e414a9d249a0777f0f7249175756d29833d45c,Benchbook.ai Database Files/Title 37/37_1_202_37_2_202.pdf,,8ec44ff1-be4c-556e-8911-010415d5c1b6,6ce35ea3-861b-5f28-8568-c54b0c7635b1,Tenn. Code Ann. Sec. 37-1-403,tenncodeann371403,"37-1-403. Reporting of brutality, abuse, neglect or child sexual abuse  -  Notification to parents of abuse on school grounds or under school",,37-1-403,,,1,pending_extraction_qa,general_answer_authority,current,,1900-01-01,,true,QA signoff required; high-risk legal domain; high_risk=dependency and neglect,Adopt with revision,Corpus administrator,Blocks production display until signed off,"Current law, source authority, or high-risk status cannot be confirmed",chunk_count=7; chunk_types=annotation_candidate:3|black_letter_text:1|case_note_candidate:2|history:1; high_risk_domains=dependency and neglect
qa_signoff_required_version,High,dcs_policy,dcs_policies_procedures,320_Protocol_911_Landline_Protocol.pdf,c415a96b59249f50d503d290d9b3c53333c2d8f8011f3bf90d23fb35d726783d,Benchbook.ai Database Files/DCS P&P/TN_DCS_Policies/Ch16B_Foster_Homes/320_Protocol_911_Landline_Protocol.pdf,,69277af2-a682-5164-bc5e-d7aac5bb064d,6d17daed-b246-5c3d-9032-d9ee69b00c0c,Document header (application/authority/dates),documentheaderapplicationauthoritydates,Protocol 911 Landline Protocol,,Document header (application/authority/dates),,Ch16B_Foster_Homes,protocol,pending_extraction_qa,guardrail_reference_only,current,,1900-01-01,,true,QA signoff required; high-risk legal domain; high_risk=juvenile-court procedure,Adopt with revision,Corpus administrator,Blocks production display until signed off,"Current law, source authority, or high-risk status cannot be confirmed",chunk_count=2; chunk_types=metadata:1|protocol:1; high_risk_domains=juvenile-court procedure
qa_signoff_required_version,High,statute,tca_title_37,37_1_202_37_2_202.pdf,9cd08fcaae4176f55dd74ead07e414a9d249a0777f0f7249175756d29833d45c,Benchbook.ai Database Files/Title 37/37_1_202_37_2_202.pdf,,64b9f4c1-1a38-57df-bd6b-bdfba6afcf12,6d609dd2-9263-522d-8e12-9a16f0ceb902,Tenn. Code Ann. Sec. 37-1-802,tenncodeann371802,37-1-802. Who may be appointed permanent guardian  -  Criteria for children and permanent guardian  -  Best interests determination.,,37-1-802,,,1,pending_extraction_qa,general_answer_authority,current,,1900-01-01,,true,QA signoff required; high-risk legal domain; high_risk=termination of parental rights,Adopt with revision,Corpus administrator,Blocks production display until signed off,"Current law, source authority, or high-risk status cannot be confirmed",chunk_count=3; chunk_types=annotation_candidate:1|black_letter_text:1|history:1; high_risk_domains=termination of parental rights
qa_signoff_required_version,High,dcs_policy,dcs_policies_procedures,325_Protocol_Protocol_for_Developing_and_Utilizing_the_Archeological_Dig.pdf,426df9ba51e025f1bf779a8bf7e3153bfafab597adff17fa02cb16f466b31235,Benchbook.ai Database Files/DCS P&P/TN_DCS_Policies/Ch16B_Foster_Homes/325_Protocol_Protocol_for_Developing_and_Utilizing_the_Archeological_Dig.pdf,,0c67ffc7-388c-52c3-ba87-f8823a6b2532,6ea046ae-85c2-5256-bb2b-10482c9640b7,Document header (application/authority/dates),documentheaderapplicationauthoritydates,Protocol Protocol for Developing and Utilizing the Archeological Dig,,Document header (application/authority/dates),,Ch16B_Foster_Homes,protocol,pending_extraction_qa,guardrail_reference_only,current,,1900-01-01,,true,QA signoff required; high-risk legal domain; high_risk=juvenile-court procedure,Adopt with revision,Corpus administrator,Blocks production display until signed off,"Current law, source authority, or high-risk status cannot be confirmed",chunk_count=2; chunk_types=metadata:1|protocol:1; high_risk_domains=juvenile-court procedure
qa_signoff_required_version,High,statute,tca_title_36,36_6_204_36_7_203.pdf,b3eb20c2869ce0b1df79f8f8113ebd6f96eb14a6621569c447c3f6f073f38e9b,Benchbook.ai Database Files/Title 36/36_6_204_36_7_203.pdf,,1c644443-7aa7-5599-99e6-202516ea245d,6ec60c76-8da7-590e-bfaa-1ea2bf077214,Tenn. Code Ann. Sec. 36-6-413,tenncodeann366413,"36-6-413. Funding. [Effective until January 1, 2027. See the version effective on January 1, 2027.]",,36-6-413,,,6,pending_extraction_qa,general_answer_authority,current,"Effective until January 1, 2027. See the version effective on January 1, 2027.",1900-01-01,2027-01-01,true,current-law confidence issue; QA signoff required; warnings=effective_dated_version_unit,Adopt with revision,Corpus administrator,Blocks production display until signed off,"Current law, source authority, or high-risk status cannot be confirmed",chunk_count=6; chunk_types=annotation_candidate:4|black_letter_text:1|history:1; warning_counts=effective_dated_version_unit:6
qa_signoff_required_version,High,dcs_policy,dcs_policies_procedures,594_Policy_Protocol_for_Search_Procedures.pdf,c31b4b1e5dc86dd583caac7073b090b146d59b4905f5ff3f7a74ca5d9bc8c2e0,Benchbook.ai Database Files/DCS P&P/TN_DCS_Policies/Ch31_Field_Services/594_Policy_Protocol_for_Search_Procedures.pdf,,1fa54048-99f6-5376-9380-3c27c2248934,6eeb104d-fe67-50c8-8d93-25a43ea7c65d,Document header (application/authority/dates),documentheaderapplicationauthoritydates,Policy Protocol for Search Procedures,,Document header (application/authority/dates),,Ch31_Field_Services,unknown,pending_extraction_qa,guardrail_reference_only,current,,1900-01-01,,true,QA signoff required; high-risk legal domain; high_risk=juvenile-court procedure,Adopt with revision,Corpus administrator,Blocks production display until signed off,"Current law, source authority, or high-risk status cannot be confirmed",chunk_count=1; chunk_types=metadata:1; high_risk_domains=juvenile-court procedure
qa_signoff_required_version,High,statute,tca_title_37,37_1_101_37_1_201.pdf,423871eb310b5359f8fb18b9ddd970c37fdcfea65392db9e3fddae5531ca5d99,Benchbook.ai Database Files/Title 37/37_1_101_37_1_201.pdf,,4559cbf2-1926-53ea-8cb0-3b7ec3432299,6f7ec63b-0232-51ee-8698-2fb4ee363a2c,Tenn. Code Ann. Sec. 37-1-130,tenncodeann371130,37-1-130. Dependent or neglected child  -  Disposition.,,37-1-130,,,1,pending_extraction_qa,general_answer_authority,current,,1900-01-01,,true,QA signoff required; high-risk legal domain; high_risk=dependency and neglect,Adopt with revision,Corpus administrator,Blocks production display until signed off,"Current law, source authority, or high-risk status cannot be confirmed",chunk_count=8; chunk_types=annotation_candidate:4|black_letter_text:1|case_note_candidate:2|history:1; high_risk_domains=dependency and neglect
qa_signoff_required_version,High,statute,tca_title_37,37_1_202_37_2_202.pdf,9cd08fcaae4176f55dd74ead07e414a9d249a0777f0f7249175756d29833d45c,Benchbook.ai Database Files/Title 37/37_1_202_37_2_202.pdf,,7de9441e-a549-5c2c-aabb-61d0461c98a4,70b54167-8513-54d5-8fd4-eeb83e6acfb0,Tenn. Code Ann. Sec. 37-1-322,tenncodeann371322,37-1-322. Promulgation of rules by supreme court  -  Release of petitioner on bail or temporary custody.,,37-1-322,,,1,pending_extraction_qa,general_answer_authority,current,,1900-01-01,,true,QA signoff required; high-risk legal domain; high_risk=custody,Adopt with revision,Corpus administrator,Blocks production display until signed off,"Current law, source authority, or high-risk status cannot be confirmed",chunk_count=2; chunk_types=black_letter_text:1|history:1; high_risk_domains=custody
qa_signoff_required_version,High,statute,tca_title_37,37_2_203_37_3_405.pdf,4505a32368dd82bcc6408f4fe16b2513cc23b2c810ae9254e0e21bc9d17153f5,Benchbook.ai Database Files/Title 37/37_2_203_37_3_405.pdf,,08df0530-fe8e-5531-9ae8-050e1f426434,7151c5f3-a80f-5dab-8d7a-c54ca57f948a,Tenn. Code Ann. Sec. 37-2-704,tenncodeann372704,37-2-704. Pending court proceedings. [Effective when contingency met. See Compiler's Notes.],,37-2-704,,,2,pending_extraction_qa,general_answer_authority,unknown_effectivity,Effective when contingency met. See Compiler's Notes.,,,true,unknown-effective-date issue; QA signoff required; warnings=effective_dated_version_unit,Adopt with revision,Corpus administrator,Blocks production display until signed off,"Current law, source authority, or high-risk status cannot be confirmed",chunk_count=3; chunk_types=annotation_candidate:1|black_letter_text:1|history:1; warning_counts=effective_dated_version_unit:3
qa_signoff_required_version,High,statute,tca_title_37,37_5_208_37_11_102.pdf,671e49bb1997d77bd0554e6c8d9ea6603947e3c8da80994b9ccd250b7f399378,Benchbook.ai Database Files/Title 37/37_5_208_37_11_102.pdf,,ea1765bf-3eef-5d3c-be71-aaf5b705b161,71809479-dc48-5311-9cd3-eba6c5fb14c7,Tenn. Code Ann. Sec. 37-5-601,tenncodeann375601,"37-5-601. Part definitions. [Effective until January 1, 2027. See the version effective on January 1, 2027.]",,37-5-601,,,5,pending_extraction_qa,general_answer_authority,current,"Effective until January 1, 2027. See the version effective on January 1, 2027.",1900-01-01,2027-01-01,true,current-law confidence issue; QA signoff required; warnings=effective_dated_version_unit,Adopt with revision,Corpus administrator,Blocks production display until signed off,"Current law, source authority, or high-risk status cannot be confirmed",chunk_count=3; chunk_types=annotation_candidate:1|black_letter_text:1|history:1; warning_counts=effective_dated_version_unit:3
qa_signoff_required_version,High,dcs_policy,dcs_policies_procedures,229_N_A_Family_Support_Services_Decision_Tree.pdf,add8020c515d01ff5c9ade0cf9f8ec5545274846f8d7bfb60c4c483baffb99b0,Benchbook.ai Database Files/DCS P&P/TN_DCS_Policies/Ch14_CPS/229_N_A_Family_Support_Services_Decision_Tree.pdf,,393bd2a8-37ed-5bde-95df-e47882d5cc9f,71862669-145d-5843-a65e-6bcc0e62f56a,Document header (application/authority/dates),documentheaderapplicationauthoritydates,N A Family Support Services Decision Tree,,Document header (application/authority/dates),,Ch14_CPS,n_a,pending_extraction_qa,guardrail_reference_only,current,,1900-01-01,,true,QA signoff required; high-risk legal domain; high_risk=juvenile-court procedure,Adopt with revision,Corpus administrator,Blocks production display until signed off,"Current law, source authority, or high-risk status cannot be confirmed",chunk_count=1; chunk_types=metadata:1; high_risk_domains=juvenile-court procedure
qa_signoff_required_version,High,statute,tca_title_37,37_1_101_37_1_201.pdf,423871eb310b5359f8fb18b9ddd970c37fdcfea65392db9e3fddae5531ca5d99,Benchbook.ai Database Files/Title 37/37_1_101_37_1_201.pdf,,44c1cb06-f269-5c50-80f5-6a8ad648e2b5,72c955c5-2f3e-5d2a-a173-52effa369040,Tenn. Code Ann. Sec. 37-1-179,tenncodeann371179,37-1-179. Reporting status of child who no longer meets commitment standards  -  Retention of custody.,,37-1-179,,,1,pending_extraction_qa,general_answer_authority,current,,1900-01-01,,true,QA signoff required; high-risk legal domain; high_risk=custody,Adopt with revision,Corpus administrator,Blocks production display until signed off,"Current law, source authority, or high-risk status cannot be confirmed",chunk_count=2; chunk_types=black_letter_text:1|history:1; high_risk_domains=custody
qa_signoff_required_version,High,rule,tenn_rules_juvenile_practice_procedure,Tenn. R. Juv. P. Rules.pdf,896900cf9175f11a38df986da4af09e62632abd8aa865b24d35b3e5a8beee541,Benchbook.ai Database Files/Tenn. R. Juv. P. Rules.pdf,,9b878a79-c410-5671-8464-987df3b24223,738b5a76-90f5-5cf4-9dc1-0e984d8b736c,Tenn. R. Juv. P. 404,tennrjuvp404,Rule 404. Permanency hearings.,404,,,,,pending_extraction_qa,general_answer_authority,current,,1900-01-01,,true,QA signoff required; high-risk legal domain; high_risk=juvenile-court procedure,Adopt with revision,Corpus administrator,Blocks production display until signed off,"Current law, source authority, or high-risk status cannot be confirmed",chunk_count=4; chunk_types=advisory_comment:1|annotation_candidate:1|black_letter_text:1|history:1; high_risk_domains=juvenile-court procedure
qa_signoff_required_version,High,dcs_policy,dcs_policies_procedures,296_16.50_Concurrent_Eligibility_for_Supplemental_Security_Income_SSI.pdf,08f14e75557dec3250afb1643f543d2542075e425ed4cd5eb00b346ec945c6a3,Benchbook.ai Database Files/DCS P&P/TN_DCS_Policies/Ch16A_Foster_Care/296_16.50_Concurrent_Eligibility_for_Supplemental_Security_Income_SSI.pdf,,2c4a95d5-7de2-5a48-aa2e-41a7394570cd,73e4ac4f-462c-5108-a9b0-7a9a63b06c85,DCS Policy 16.50,dcspolicy1650,Concurrent Eligibility for Supplemental Security Income (SSI) and Title IV-E,,Document header (application/authority/dates),16.50,Ch16A_Foster_Care,policy,pending_extraction_qa,guardrail_reference_only,current,,1900-01-01,,true,QA signoff required; high-risk legal domain; high_risk=juvenile-court procedure|termination of parental rights,Adopt with revision,Corpus administrator,Blocks production display until signed off,"Current law, source authority, or high-risk status cannot be confirmed",chunk_count=9; chunk_types=metadata:1|policy_text:8; high_risk_domains=juvenile-court procedure|termination of parental rights
qa_signoff_required_version,High,dcs_policy,dcs_policies_procedures,602_Work_Aid_Work_Aid_CFTM_Tool_-_Preparing_the_Facilitator_for_the_Meeti.pdf,895f9f5910632b2c6902603642649db394f88c335c0288aa20648b80366647ec,Benchbook.ai Database Files/DCS P&P/TN_DCS_Policies/Ch31_Field_Services/602_Work_Aid_Work_Aid_CFTM_Tool_-_Preparing_the_Facilitator_for_the_Meeti.pdf,,0a7364c2-0077-5862-84e9-0184ec8b0c37,746f358c-44b6-5362-b516-0f7b0d46ee04,Document header (application/authority/dates),documentheaderapplicationauthoritydates,Work Aid Work Aid CFTM Tool Preparing the Facilitator for the Meeti,,Document header (application/authority/dates),,Ch31_Field_Services,work_aid,pending_extraction_qa,guardrail_reference_only,current,,1900-01-01,,true,QA signoff required; high-risk legal domain; high_risk=juvenile-court procedure,Adopt with revision,Corpus administrator,Blocks production display until signed off,"Current law, source authority, or high-risk status cannot be confirmed",chunk_count=2; chunk_types=metadata:1|work_aid:1; high_risk_domains=juvenile-court procedure
qa_signoff_required_version,High,rule,tenn_rules_juvenile_practice_procedure,Tenn. R. Juv. P. Rules.pdf,896900cf9175f11a38df986da4af09e62632abd8aa865b24d35b3e5a8beee541,Benchbook.ai Database Files/Tenn. R. Juv. P. Rules.pdf,,84815857-9687-5504-8e7b-3421d3edb4c3,74a6ca8d-bd85-5da6-aa3b-e5c3e0508849,Tenn. R. Juv. P. 305,tennrjuvp305,Rule 305. Discovery.,305,,,,,pending_extraction_qa,general_answer_authority,current,,1900-01-01,,true,QA signoff required; high-risk legal domain; high_risk=juvenile-court procedure,Adopt with revision,Corpus administrator,Blocks production display until signed off,"Current law, source authority, or high-risk status cannot be confirmed",chunk_count=4; chunk_types=advisory_comment:1|annotation_candidate:1|black_letter_text:1|history:1; high_risk_domains=juvenile-court procedure
qa_signoff_required_version,High,rule,tenn_rules_juvenile_practice_procedure,Tenn. R. Juv. P. Rules.pdf,896900cf9175f11a38df986da4af09e62632abd8aa865b24d35b3e5a8beee541,Benchbook.ai Database Files/Tenn. R. Juv. P. Rules.pdf,,8d790723-ef2d-5354-8e2c-4be6f05d5d63,74d8249a-2f08-53ae-8c35-bbb3acc93588,Tenn. R. Juv. P. 101,tennrjuvp101,Rule 101. Title of Rules -- Scope -- Purpose and Construction.,101,,,,,pending_extraction_qa,general_answer_authority,current,,1900-01-01,,true,QA signoff required; high-risk legal domain; high_risk=juvenile-court procedure,Adopt with revision,Corpus administrator,Blocks production display until signed off,"Current law, source authority, or high-risk status cannot be confirmed",chunk_count=5; chunk_types=advisory_comment:1|annotation_candidate:2|black_letter_text:1|history:1; high_risk_domains=juvenile-court procedure
qa_signoff_required_version,High,statute,tca_title_36,36_5_2309_36_6_203.pdf,2353abc408f0bcc640f4833f32d51ba2862b0c1e75a9aa2dde8ab576e5b23853,Benchbook.ai Database Files/Title 36/36_5_2309_36_6_203.pdf,,6a1cfbf0-77ef-557a-94c1-c51e624e7e87,75b0c290-6fcf-52b7-bf1c-fd7820ed70f8,Tenn. Code Ann. Sec. 36-6-106,tenncodeann366106,"36-6-106. Child custody. [Effective until July 1, 2026. See the version effective on July 1, 2026.]",,36-6-106,,,5,pending_extraction_qa,general_answer_authority,current,"Effective until July 1, 2026. See the version effective on July 1, 2026.",1900-01-01,2026-07-01,true,current-law confidence issue; QA signoff required; high-risk legal domain; warnings=effective_dated_version_unit; high_risk=custody,Adopt with revision,Corpus administrator,Blocks production display until signed off,"Current law, source authority, or high-risk status cannot be confirmed",chunk_count=18; chunk_types=annotation_candidate:4|black_letter_text:1|case_note_candidate:12|history:1; warning_counts=effective_dated_version_unit:18|unusually_large_chunk:1; high_risk_domains=custody
qa_signoff_required_version,High,statute,tca_title_37,37_1_101_37_1_201.pdf,423871eb310b5359f8fb18b9ddd970c37fdcfea65392db9e3fddae5531ca5d99,Benchbook.ai Database Files/Title 37/37_1_101_37_1_201.pdf,,aa31760f-fd5a-56df-81e4-c2d0a117a03f,762b1f3b-73cc-5865-9233-892a13f23276,Tenn. Code Ann. Sec. 37-1-128,tenncodeann371128,37-1-128. Investigations  -  Custody of child  -  Evaluation and commitment for mental illness or developmental disability.,,37-1-128,,,1,pending_extraction_qa,general_answer_authority,current,,1900-01-01,,true,QA signoff required; high-risk legal domain; high_risk=custody,Adopt with revision,Corpus administrator,Blocks production display until signed off,"Current law, source authority, or high-risk status cannot be confirmed",chunk_count=7; chunk_types=advisory_comment:1|annotation_candidate:4|black_letter_text:1|history:1; high_risk_domains=custody
qa_signoff_required_version,High,dcs_policy,dcs_policies_procedures,588_31.2_Responsibilities_Regarding_Runaways_Absconders_and_Escapees.pdf,6f05a3852a6b631c3213720a53a11ce0fe07f8a5ea9bcfc2418ddc626c063abc,Benchbook.ai Database Files/DCS P&P/TN_DCS_Policies/Ch31_Field_Services/588_31.2_Responsibilities_Regarding_Runaways_Absconders_and_Escapees.pdf,,3185c3ad-ab84-5863-a1d9-2003443fd5aa,766947e6-8b53-5422-8722-c89f6e20bf50,DCS Policy 31.2,dcspolicy312,"Responsibilities Regarding Runaways, Absconders and Escapees",,Document header (application/authority/dates),31.2,Ch31_Field_Services,policy,pending_extraction_qa,guardrail_reference_only,current,,1900-01-01,,true,QA signoff required; high-risk legal domain; high_risk=juvenile-court procedure,Adopt with revision,Corpus administrator,Blocks production display until signed off,"Current law, source authority, or high-risk status cannot be confirmed",chunk_count=11; chunk_types=metadata:1|policy_text:10; high_risk_domains=juvenile-court procedure
qa_signoff_required_version,High,rule,tenn_rules_juvenile_practice_procedure,Tenn. R. Juv. P. Rules.pdf,896900cf9175f11a38df986da4af09e62632abd8aa865b24d35b3e5a8beee541,Benchbook.ai Database Files/Tenn. R. Juv. P. Rules.pdf,,ca6ac71e-dec1-5089-8ec3-f2527c1b3853,768b842a-cb48-5ce2-9ef2-0d2567fe48ba,Tenn. R. Juv. P. 211,tennrjuvp211,Rule 211. Dispositional hearings.,211,,,,,pending_extraction_qa,general_answer_authority,current,,1900-01-01,,true,QA signoff required; high-risk legal domain; high_risk=juvenile-court procedure,Adopt with revision,Corpus administrator,Blocks production display until signed off,"Current law, source authority, or high-risk status cannot be confirmed",chunk_count=5; chunk_types=advisory_comment:1|annotation_candidate:2|black_letter_text:1|history:1; high_risk_domains=juvenile-court procedure
qa_signoff_required_version,High,statute,tca_title_37,37_1_101_37_1_201.pdf,423871eb310b5359f8fb18b9ddd970c37fdcfea65392db9e3fddae5531ca5d99,Benchbook.ai Database Files/Title 37/37_1_101_37_1_201.pdf,,368456bb-2e8f-5bb7-81aa-7f70d9f0816e,7849fd5e-cdeb-5b43-abdd-71fe5bc62af4,Tenn. Code Ann. Sec. 37-1-113,tenncodeann371113,37-1-113. Taking into custody  -  Grounds.,,37-1-113,,,1,pending_extraction_qa,general_answer_authority,current,,1900-01-01,,true,QA signoff required; high-risk legal domain; high_risk=custody,Adopt with revision,Corpus administrator,Blocks production display until signed off,"Current law, source authority, or high-risk status cannot be confirmed",chunk_count=5; chunk_types=annotation_candidate:1|black_letter_text:1|case_note_candidate:2|history:1; high_risk_domains=custody
qa_signoff_required_version,High,statute,tca_title_36,36_5_2309_36_6_203.pdf,2353abc408f0bcc640f4833f32d51ba2862b0c1e75a9aa2dde8ab576e5b23853,Benchbook.ai Database Files/Title 36/36_5_2309_36_6_203.pdf,,2f657678-b089-5e20-850f-d279bb260cd5,7a0e0c5b-015e-5f70-b803-ae03a90364c5,Tenn. Code Ann. Sec. 36-6-105,tenncodeann366105,36-6-105. Schools or day care centers  -  Change in physical custody of child.,,36-6-105,,,5,pending_extraction_qa,general_answer_authority,current,,1900-01-01,,true,QA signoff required; high-risk legal domain; high_risk=custody,Adopt with revision,Corpus administrator,Blocks production display until signed off,"Current law, source authority, or high-risk status cannot be confirmed",chunk_count=4; chunk_types=annotation_candidate:2|black_letter_text:1|history:1; high_risk_domains=custody
qa_signoff_required_version,High,dcs_policy,dcs_policies_procedures,629_Protocol_Protocol_for_Cross-Regional_Social_Services_Transportation.pdf,eae3f89db2ab27c3ea89822961902abc60e32e028d30cf79cd129441cb6dc173,Benchbook.ai Database Files/DCS P&P/TN_DCS_Policies/Ch31_Field_Services/629_Protocol_Protocol_for_Cross-Regional_Social_Services_Transportation.pdf,,5927dbb2-82af-5720-be73-d174aeda1ff6,7a74a975-ede9-5d7d-9126-acc6949226f1,Document header (application/authority/dates),documentheaderapplicationauthoritydates,Protocol Protocol for Cross Regional Social Services Transportation,,Document header (application/authority/dates),,Ch31_Field_Services,protocol,pending_extraction_qa,guardrail_reference_only,current,,1900-01-01,,true,QA signoff required; high-risk legal domain; high_risk=juvenile-court procedure,Adopt with revision,Corpus administrator,Blocks production display until signed off,"Current law, source authority, or high-risk status cannot be confirmed",chunk_count=4; chunk_types=metadata:1|protocol:3; high_risk_domains=juvenile-court procedure
qa_signoff_required_version,High,statute,tca_title_37,37_1_101_37_1_201.pdf,423871eb310b5359f8fb18b9ddd970c37fdcfea65392db9e3fddae5531ca5d99,Benchbook.ai Database Files/Title 37/37_1_101_37_1_201.pdf,,b5ae80eb-d4ff-57a1-baa4-b7c0073171ae,7b44555f-4d90-5bc0-9f7e-b6374a6bb83f,Tenn. Code Ann. Sec. 37-1-187,tenncodeann371187,"37-1-187. Quality statewide data collection. [Effective on January 1, 2027. See the version effective until January 1, 2027.]",,37-1-187,,,1,pending_extraction_qa,general_answer_authority,future_effective,"Effective on January 1, 2027. See the version effective until January 1, 2027.",2027-01-01,,true,future-effective issue; QA signoff required; warnings=effective_dated_version_unit,Adopt with revision,Corpus administrator,Blocks production display until signed off,"Current law, source authority, or high-risk status cannot be confirmed",chunk_count=3; chunk_types=annotation_candidate:1|black_letter_text:1|history:1; warning_counts=effective_dated_version_unit:3
qa_signoff_required_version,High,statute,tca_title_36,36_5_121_36_5_2308.pdf,4a4ad35f21e2dd2c2023d13074bce9fd8ae80600d4caaa551c629027c01ac952,Benchbook.ai Database Files/Title 36/36_5_121_36_5_2308.pdf,,60d2fe30-bf87-5fd1-a749-c82bc65e5687,7b8549d2-6bf2-5a3c-a19b-c6d647529152,Tenn. Code Ann. Sec. 36-5-2207,tenncodeann3652207,36-5-2207. Determination of controlling child support order.,,36-5-2207,,,5,pending_extraction_qa,general_answer_authority,current,,1900-01-01,,true,QA signoff required; high-risk legal domain; high_risk=termination of parental rights,Adopt with revision,Corpus administrator,Blocks production display until signed off,"Current law, source authority, or high-risk status cannot be confirmed",chunk_count=4; chunk_types=advisory_comment:1|annotation_candidate:1|black_letter_text:1|history:1; high_risk_domains=termination of parental rights
qa_signoff_required_version,High,dcs_policy,dcs_policies_procedures,208_14.10_Special_Investigations_Unit.pdf,f9658fb7fa16fb7e6fde5a1c1433aaa0f0df07777db36b6eb46561433db6f6e4,Benchbook.ai Database Files/DCS P&P/TN_DCS_Policies/Ch14_CPS/208_14.10_Special_Investigations_Unit.pdf,,19249d36-210e-563c-9bdb-54f2da000050,7b9b41a9-6308-5017-b56d-d65aab9d569c,DCS Policy 14.10,dcspolicy1410,Special Investigations Unit,,Document header (application/authority/dates),14.10,Ch14_CPS,policy,pending_extraction_qa,guardrail_reference_only,current,,1900-01-01,,true,QA signoff required; high-risk legal domain; high_risk=juvenile-court procedure,Adopt with revision,Corpus administrator,Blocks production display until signed off,"Current law, source authority, or high-risk status cannot be confirmed",chunk_count=10; chunk_types=metadata:1|policy_text:9; high_risk_domains=juvenile-court procedure
qa_signoff_required_version,High,rule,tenn_rules_juvenile_practice_procedure,Tenn. R. Juv. P. Rules.pdf,896900cf9175f11a38df986da4af09e62632abd8aa865b24d35b3e5a8beee541,Benchbook.ai Database Files/Tenn. R. Juv. P. Rules.pdf,,2a6db7e6-c9b0-52f4-b16a-cb092dd2965c,7ba14ebf-84bb-53c4-9cb0-09e61015fbd3,Tenn. R. Juv. P. 401,tennrjuvp401,Rule 401. Ratification hearings.,401,,,,,pending_extraction_qa,general_answer_authority,current,,1900-01-01,,true,QA signoff required; high-risk legal domain; high_risk=juvenile-court procedure,Adopt with revision,Corpus administrator,Blocks production display until signed off,"Current law, source authority, or high-risk status cannot be confirmed",chunk_count=4; chunk_types=advisory_comment:1|annotation_candidate:1|black_letter_text:1|history:1; high_risk_domains=juvenile-court procedure
qa_signoff_required_version,High,dcs_policy,dcs_policies_procedures,272_Protocol_Protocol_for_Work_with_Children_of_Indian_Heritage.pdf,c9b9adcd57fd44ed613a2552bb0f7d603564cc60c46d16e5aceb69023368ee8d,Benchbook.ai Database Files/DCS P&P/TN_DCS_Policies/Ch16A_Foster_Care/272_Protocol_Protocol_for_Work_with_Children_of_Indian_Heritage.pdf,,0d95048b-cf5d-51df-a501-6c660ab5b6c0,7c53f2b4-bbdd-59cf-92e8-5cab9c451d35,Document header (application/authority/dates),documentheaderapplicationauthoritydates,Protocol Protocol for Work with Children of Indian Heritage,,Document header (application/authority/dates),,Ch16A_Foster_Care,protocol,pending_extraction_qa,guardrail_reference_only,current,,1900-01-01,,true,QA signoff required; high-risk legal domain; high_risk=juvenile-court procedure|removal|termination of parental rights,Adopt with revision,Corpus administrator,Blocks production display until signed off,"Current law, source authority, or high-risk status cannot be confirmed",chunk_count=13; chunk_types=metadata:1|protocol:12; high_risk_domains=juvenile-court procedure|removal|termination of parental rights
qa_signoff_required_version,High,rule,tenn_rules_juvenile_practice_procedure,Tenn. R. Juv. P. Rules.pdf,896900cf9175f11a38df986da4af09e62632abd8aa865b24d35b3e5a8beee541,Benchbook.ai Database Files/Tenn. R. Juv. P. Rules.pdf,,d9246fbc-4d26-586b-84a9-c3bf1c96da28,7c675310-4500-5a0c-b2b2-5fcd54dae8d2,Tenn. R. Juv. P. 201,tennrjuvp201,Rule 201. Preliminary inquiry and informal adjustment.,201,,,,,pending_extraction_qa,general_answer_authority,current,,1900-01-01,,true,QA signoff required; high-risk legal domain; high_risk=juvenile-court procedure,Adopt with revision,Corpus administrator,Blocks production display until signed off,"Current law, source authority, or high-risk status cannot be confirmed",chunk_count=4; chunk_types=advisory_comment:1|annotation_candidate:1|black_letter_text:1|history:1; high_risk_domains=juvenile-court procedure
qa_signoff_required_version,High,dcs_policy,dcs_policies_procedures,180_Work_Aid_13_Work_Aid_13_DCS_Cases_Involving_Domestic_Violence.pdf,baac18e4cdc9ac5aeb18fc9e3d0a155541551157e9ad2611db1069974fb81c4d,Benchbook.ai Database Files/DCS P&P/TN_DCS_Policies/Ch14_CPS/180_Work_Aid_13_Work_Aid_13_DCS_Cases_Involving_Domestic_Violence.pdf,,e35f02fb-8948-519b-a34d-31f4c663b71d,7cc79873-1017-5383-b00e-ef09cc608197,Document header (application/authority/dates),documentheaderapplicationauthoritydates,Work Aid 13 Work Aid 13 DCS Cases Involving Domestic Violence,,Document header (application/authority/dates),,Ch14_CPS,work_aid,pending_extraction_qa,guardrail_reference_only,current,,1900-01-01,,true,QA signoff required; high-risk legal domain; high_risk=juvenile-court procedure,Adopt with revision,Corpus administrator,Blocks production display until signed off,"Current law, source authority, or high-risk status cannot be confirmed",chunk_count=8; chunk_types=metadata:1|work_aid:7; high_risk_domains=juvenile-court procedure
qa_signoff_required_version,High,dcs_policy,dcs_policies_procedures,329_Protocol_Support_to_DCS_Foster_Parents_Protocol.pdf,79d4f10e5f25fd5b8f83c28c47051e06778d64a3c47f0b5a4fa95a4d8288b769,Benchbook.ai Database Files/DCS P&P/TN_DCS_Policies/Ch16B_Foster_Homes/329_Protocol_Support_to_DCS_Foster_Parents_Protocol.pdf,,f39103d5-44fb-51eb-9d6c-2418fcdba8df,7cffe610-1fec-5126-8fea-75ceac4c4644,Document header (application/authority/dates),documentheaderapplicationauthoritydates,Protocol Support to DCS Foster Parents Protocol,,Document header (application/authority/dates),,Ch16B_Foster_Homes,protocol,pending_extraction_qa,guardrail_reference_only,current,,1900-01-01,,true,QA signoff required; high-risk legal domain; high_risk=juvenile-court procedure,Adopt with revision,Corpus administrator,Blocks production display until signed off,"Current law, source authority, or high-risk status cannot be confirmed",chunk_count=2; chunk_types=metadata:1|protocol:1; high_risk_domains=juvenile-court procedure
qa_signoff_required_version,High,dcs_policy,dcs_policies_procedures,230_Guide_Family_Support_Services_Practice_Guide.pdf,800c1626e39ac7eddeeb623e0f119e2ffa4a81f4c864e7dc1a16e694fcac9ff8,Benchbook.ai Database Files/DCS P&P/TN_DCS_Policies/Ch14_CPS/230_Guide_Family_Support_Services_Practice_Guide.pdf,,039d2bac-bb32-5e46-9278-df741a760792,7d574726-bc9e-5f15-862b-94fddd82e027,Document header (application/authority/dates),documentheaderapplicationauthoritydates,Guide Family Support Services Practice Guide,,Document header (application/authority/dates),,Ch14_CPS,guide,pending_extraction_qa,guardrail_reference_only,current,,1900-01-01,,true,QA signoff required; high-risk legal domain; high_risk=juvenile-court procedure,Adopt with revision,Corpus administrator,Blocks production display until signed off,"Current law, source authority, or high-risk status cannot be confirmed",chunk_count=6; chunk_types=guide:5|metadata:1; warning_counts=unusually_large_chunk:1; high_risk_domains=juvenile-court procedure
qa_signoff_required_version,High,dcs_policy,dcs_policies_procedures,332_Protocol_Protocol_for_Reasonable_and_Prudent_Parenting.pdf,9f33381737c6550509bf5c7327dde986f66a9d740424b2deab03351c37f1e817,Benchbook.ai Database Files/DCS P&P/TN_DCS_Policies/Ch16B_Foster_Homes/332_Protocol_Protocol_for_Reasonable_and_Prudent_Parenting.pdf,,c92501cc-e897-5608-8800-9b3fa2b6caee,7d8f5ef7-eed6-54dd-9a53-7e8563f7ac67,DCS Policy 16.8,dcspolicy168,Responsibilities of Approved Foster Homes,,Document header (application/authority/dates),16.8,Ch16B_Foster_Homes,protocol,pending_extraction_qa,guardrail_reference_only,current,,1900-01-01,,true,QA signoff required; high-risk legal domain; high_risk=juvenile-court procedure,Adopt with revision,Corpus administrator,Blocks production display until signed off,"Current law, source authority, or high-risk status cannot be confirmed",chunk_count=10; chunk_types=metadata:1|protocol:9; high_risk_domains=juvenile-court procedure
qa_signoff_required_version,High,statute,tca_title_37,37_1_101_37_1_201.pdf,423871eb310b5359f8fb18b9ddd970c37fdcfea65392db9e3fddae5531ca5d99,Benchbook.ai Database Files/Title 37/37_1_101_37_1_201.pdf,,1da43329-090c-51d9-8495-60edffec51ae,7dae09fb-3580-5080-af16-efcc450bb386,Tenn. Code Ann. Sec. 37-1-188,tenncodeann371188,37-1-188. Eli's law  -  Presumption that subsequent child may be dependent or neglected  -  Notice  -  Hearing.,,37-1-188,,,1,pending_extraction_qa,general_answer_authority,current,,1900-01-01,,true,QA signoff required; high-risk legal domain; high_risk=dependency and neglect,Adopt with revision,Corpus administrator,Blocks production display until signed off,"Current law, source authority, or high-risk status cannot be confirmed",chunk_count=2; chunk_types=black_letter_text:1|history:1; high_risk_domains=dependency and neglect
qa_signoff_required_version,High,statute,tca_title_37,37_1_202_37_2_202.pdf,9cd08fcaae4176f55dd74ead07e414a9d249a0777f0f7249175756d29833d45c,Benchbook.ai Database Files/Title 37/37_1_202_37_2_202.pdf,,1bcd49d3-7c54-5303-a9c5-e53b038a4fd6,7dc4ef66-55f1-54f6-8647-ce179c219b4b,Tenn. Code Ann. Sec. 37-1-610,tenncodeann371610,37-1-610. Guardian ad litem  -  Parental reimbursement of costs and expenses.,,37-1-610,,,1,pending_extraction_qa,general_answer_authority,current,,1900-01-01,,true,QA signoff required; high-risk legal domain; high_risk=termination of parental rights,Adopt with revision,Corpus administrator,Blocks production display until signed off,"Current law, source authority, or high-risk status cannot be confirmed",chunk_count=3; chunk_types=annotation_candidate:1|black_letter_text:1|history:1; high_risk_domains=termination of parental rights
qa_signoff_required_version,High,dcs_policy,dcs_policies_procedures,640_Guide_Guide_to_Commonly_Used_DCS_QR_Service_Codes.pdf,b82beb51ffbfa942202bdcc5f5e28996c68e80f5454ef512ef825bd72addc002,Benchbook.ai Database Files/DCS P&P/TN_DCS_Policies/Ch31_Field_Services/640_Guide_Guide_to_Commonly_Used_DCS_QR_Service_Codes.pdf,,6502e99f-c308-5c61-b0ae-78737c13fb06,7e291916-9493-5e7d-9413-5dc8badc7422,Document header (application/authority/dates),documentheaderapplicationauthoritydates,Guide Guide to Commonly Used DCS QR Service Codes,,Document header (application/authority/dates),,Ch31_Field_Services,guide,pending_extraction_qa,guardrail_reference_only,current,,1900-01-01,,true,QA signoff required; high-risk legal domain; high_risk=juvenile-court procedure,Adopt with revision,Corpus administrator,Blocks production display until signed off,"Current law, source authority, or high-risk status cannot be confirmed",chunk_count=2; chunk_types=guide:1|metadata:1; high_risk_domains=juvenile-court procedure
qa_signoff_required_version,High,dcs_policy,dcs_policies_procedures,187_Protocol_Protocol_for_Reporting_Runaways_Absconders_and_Escapees.pdf,f97fa22f84d1615225e18af6a7100ca151c18f026794ae10360bedcab8ae8261,Benchbook.ai Database Files/DCS P&P/TN_DCS_Policies/Ch14_CPS/187_Protocol_Protocol_for_Reporting_Runaways_Absconders_and_Escapees.pdf,,1cc5111c-1e82-567a-abf6-894ea3eb3409,7e6dcc9b-8506-51f6-99dd-1e7b5f373bb5,Document header (application/authority/dates),documentheaderapplicationauthoritydates,Protocol Protocol for Reporting Runaways Absconders and Escapees,,Document header (application/authority/dates),,Ch14_CPS,protocol,pending_extraction_qa,guardrail_reference_only,current,,1900-01-01,,true,QA signoff required; high-risk legal domain; high_risk=juvenile-court procedure,Adopt with revision,Corpus administrator,Blocks production display until signed off,"Current law, source authority, or high-risk status cannot be confirmed",chunk_count=9; chunk_types=metadata:1|protocol:8; high_risk_domains=juvenile-court procedure
qa_signoff_required_version,High,statute,tca_title_37,37_1_202_37_2_202.pdf,9cd08fcaae4176f55dd74ead07e414a9d249a0777f0f7249175756d29833d45c,Benchbook.ai Database Files/Title 37/37_1_202_37_2_202.pdf,,c97d4b2e-1181-5a19-be21-f870d5d6c635,7e7338b6-ec47-5956-b329-60b20c6b302b,Tenn. Code Ann. Sec. 37-1-804,tenncodeann371804,37-1-804. Custody  -  Rights and responsibilities of permanent guardian  -  Liability.,,37-1-804,,,1,pending_extraction_qa,general_answer_authority,current,,1900-01-01,,true,QA signoff required; high-risk legal domain; high_risk=custody,Adopt with revision,Corpus administrator,Blocks production display until signed off,"Current law, source authority, or high-risk status cannot be confirmed",chunk_count=2; chunk_types=black_letter_text:1|history:1; high_risk_domains=custody
qa_signoff_required_version,High,dcs_policy,dcs_policies_procedures,191_14.4_CPS_Locating_the_Child_and_Family.pdf,6ccfb262f8ee18be72b2728b6e785b426f6c92e14b702eec0ce1f2c9b8c2115d,Benchbook.ai Database Files/DCS P&P/TN_DCS_Policies/Ch14_CPS/191_14.4_CPS_Locating_the_Child_and_Family.pdf,,bb840d57-42db-5568-8191-a7dffdb10bfb,7ec6c94a-e6d5-5790-bf37-3660afb463aa,DCS Policy 14.4,dcspolicy144,CPS: Locating the Child and Family,,Document header (application/authority/dates),14.4,Ch14_CPS,policy,pending_extraction_qa,guardrail_reference_only,current,,1900-01-01,,true,QA signoff required; high-risk legal domain; high_risk=juvenile-court procedure,Adopt with revision,Corpus administrator,Blocks production display until signed off,"Current law, source authority, or high-risk status cannot be confirmed",chunk_count=10; chunk_types=metadata:1|policy_text:9; high_risk_domains=juvenile-court procedure
qa_signoff_required_version,High,dcs_policy,dcs_policies_procedures,336_Attachment_Guidelines_for_Foster_Care_Associations.pdf,6d2f8b8bf3dc41aeb1c81c3bbfa67e2a677aa4199de7cf9bfdfe45aa36657645,Benchbook.ai Database Files/DCS P&P/TN_DCS_Policies/Ch16B_Foster_Homes/336_Attachment_Guidelines_for_Foster_Care_Associations.pdf,,9e178fc4-3991-56ac-b783-d14d3865558b,7eead509-4be6-542c-8b00-fd404f506766,,,Attachment Guidelines for Foster Care Associations,,,,Ch16B_Foster_Homes,unknown,pending_extraction_qa,guardrail_reference_only,current,,1900-01-01,,true,QA signoff required; high-risk legal domain; high_risk=juvenile-court procedure,Adopt with revision,Corpus administrator,Blocks production display until signed off,"Current law, source authority, or high-risk status cannot be confirmed",chunk_count=1; chunk_types=unknown:1; high_risk_domains=juvenile-court procedure
qa_signoff_required_version,High,dcs_policy,dcs_policies_procedures,328_16.8_Responsibilities_of_Approved_Foster_Homes.pdf,fd05ecb2565653001638ab796f5aa2d5f87ffaed00cff733e38744c31a26fbc4,Benchbook.ai Database Files/DCS P&P/TN_DCS_Policies/Ch16B_Foster_Homes/328_16.8_Responsibilities_of_Approved_Foster_Homes.pdf,,c92501cc-e897-5608-8800-9b3fa2b6caee,7f396279-9da8-575f-9114-eb284988b54b,DCS Policy 16.8,dcspolicy168,Responsibilities of Approved Foster Homes,,Document header (application/authority/dates),16.8,Ch16B_Foster_Homes,policy,pending_extraction_qa,guardrail_reference_only,current,,1900-01-01,,true,QA signoff required; high-risk legal domain; high_risk=juvenile-court procedure,Adopt with revision,Corpus administrator,Blocks production display until signed off,"Current law, source authority, or high-risk status cannot be confirmed",chunk_count=23; chunk_types=metadata:1|policy_text:22; high_risk_domains=juvenile-court procedure
qa_signoff_required_version,High,statute,tca_title_37,37_1_101_37_1_201.pdf,423871eb310b5359f8fb18b9ddd970c37fdcfea65392db9e3fddae5531ca5d99,Benchbook.ai Database Files/Title 37/37_1_101_37_1_201.pdf,,969890bc-f7d4-567f-92f5-5abd08362f17,810f2739-e109-52a9-a9ad-7fc2c578d5b4,Tenn. Code Ann. Sec. 37-1-103,tenncodeann371103,"37-1-103. Exclusive original jurisdiction. [Effective until July 1, 2026. See the version effective on July 1, 2026.]",,37-1-103,,,1,pending_extraction_qa,general_answer_authority,current,"Effective until July 1, 2026. See the version effective on July 1, 2026.",1900-01-01,2026-07-01,true,current-law confidence issue; QA signoff required; warnings=effective_dated_version_unit,Adopt with revision,Corpus administrator,Blocks production display until signed off,"Current law, source authority, or high-risk status cannot be confirmed",chunk_count=13; chunk_types=annotation_candidate:4|black_letter_text:1|case_note_candidate:7|history:1; warning_counts=effective_dated_version_unit:13
qa_signoff_required_version,High,rule,tenn_rules_juvenile_practice_procedure,Tenn. R. Juv. P. Rules.pdf,896900cf9175f11a38df986da4af09e62632abd8aa865b24d35b3e5a8beee541,Benchbook.ai Database Files/Tenn. R. Juv. P. Rules.pdf,,5a5dfbaa-2e00-5329-a693-389151832006,819ba56c-f619-5db2-bd06-bc5697067da8,Tenn. R. Juv. P. 106,tennrjuvp106,Rule 106. Filing and service of pleadings and other papers.,106,,,,,pending_extraction_qa,general_answer_authority,current,,1900-01-01,,true,QA signoff required; high-risk legal domain; high_risk=juvenile-court procedure,Adopt with revision,Corpus administrator,Blocks production display until signed off,"Current law, source authority, or high-risk status cannot be confirmed",chunk_count=4; chunk_types=advisory_comment:1|annotation_candidate:1|black_letter_text:1|history:1; high_risk_domains=juvenile-court procedure
qa_signoff_required_version,High,dcs_policy,dcs_policies_procedures,309_Guide_Guide_to_Full_Disclosure_of_Permanency_Options.pdf,eed0e88eb6456c7aec1c57dd561d7e259d2054bb1a09a387d3b3e7583364f590,Benchbook.ai Database Files/DCS P&P/TN_DCS_Policies/Ch16A_Foster_Care/309_Guide_Guide_to_Full_Disclosure_of_Permanency_Options.pdf,,3acefc8b-9191-5ad5-a89a-89f3864c94f8,820a8703-e897-5078-a22c-c355a2bec772,Document header (application/authority/dates),documentheaderapplicationauthoritydates,Guide Guide to Full Disclosure of Permanency Options,,Document header (application/authority/dates),,Ch16A_Foster_Care,guide,pending_extraction_qa,guardrail_reference_only,current,,1900-01-01,,true,QA signoff required; high-risk legal domain; high_risk=juvenile-court procedure,Adopt with revision,Corpus administrator,Blocks production display until signed off,"Current law, source authority, or high-risk status cannot be confirmed",chunk_count=10; chunk_types=guide:9|metadata:1; high_risk_domains=juvenile-court procedure
qa_signoff_required_version,High,dcs_policy,dcs_policies_procedures,626_Guide_Case_Service_Request_Guide.pdf,91c946c8ef29f27e54b930bba503993d6757af2211e68732d2176ca96d20e253,Benchbook.ai Database Files/DCS P&P/TN_DCS_Policies/Ch31_Field_Services/626_Guide_Case_Service_Request_Guide.pdf,,1a64647f-563e-5bdd-90e1-63917c3ce5b8,82d11335-f577-5d0b-bcef-c42b20e13c90,Document header (application/authority/dates),documentheaderapplicationauthoritydates,Guide Case Service Request Guide,,Document header (application/authority/dates),,Ch31_Field_Services,guide,pending_extraction_qa,guardrail_reference_only,current,,1900-01-01,,true,QA signoff required; high-risk legal domain; high_risk=juvenile-court procedure,Adopt with revision,Corpus administrator,Blocks production display until signed off,"Current law, source authority, or high-risk status cannot be confirmed",chunk_count=9; chunk_types=guide:8|metadata:1; high_risk_domains=juvenile-court procedure
qa_signoff_required_version,High,dcs_policy,dcs_policies_procedures,595_31.5_Organization_of_Family_Case_Files.pdf,fb4588966910abaaf4197e5281f611bb86c71214cdb4f7e6f3d623615508c467,Benchbook.ai Database Files/DCS P&P/TN_DCS_Policies/Ch31_Field_Services/595_31.5_Organization_of_Family_Case_Files.pdf,,5f29962f-4400-5fd6-ab81-01288fe2a33e,838698ec-01d9-508c-85ec-9e212b17ac13,DCS Policy 31.5,dcspolicy315,Organization of Family Case Files,,Document header (application/authority/dates),31.5,Ch31_Field_Services,policy,pending_extraction_qa,guardrail_reference_only,current,,1900-01-01,,true,QA signoff required; high-risk legal domain; high_risk=juvenile-court procedure,Adopt with revision,Corpus administrator,Blocks production display until signed off,"Current law, source authority, or high-risk status cannot be confirmed",chunk_count=14; chunk_types=metadata:1|policy_text:13; high_risk_domains=juvenile-court procedure
qa_signoff_required_version,High,dcs_policy,dcs_policies_procedures,591_31.3_Case_Transfer_Guidelines_Between_Regions_Agencies_and_Facili.pdf,a238f8bb77dcca901f7ec78562cb3fe14bd6bf1056748ea9bd8f5c54723c3aee,Benchbook.ai Database Files/DCS P&P/TN_DCS_Policies/Ch31_Field_Services/591_31.3_Case_Transfer_Guidelines_Between_Regions_Agencies_and_Facili.pdf,,75f7f0aa-a153-54a8-bb08-e9e9734c3455,841cdbe0-6bf3-50bc-a3cd-c44d8f8c162d,DCS Policy 31.3,dcspolicy313,"Case Transfer Guidelines Between Regions, Agencies, and Facilities",,Document header (application/authority/dates),31.3,Ch31_Field_Services,policy,pending_extraction_qa,guardrail_reference_only,current,,1900-01-01,,true,QA signoff required; high-risk legal domain; high_risk=juvenile-court procedure,Adopt with revision,Corpus administrator,Blocks production display until signed off,"Current law, source authority, or high-risk status cannot be confirmed",chunk_count=13; chunk_types=metadata:1|policy_text:12; high_risk_domains=juvenile-court procedure
qa_signoff_required_version,High,rule,tenn_rules_juvenile_practice_procedure,Tenn. R. Juv. P. Rules.pdf,896900cf9175f11a38df986da4af09e62632abd8aa865b24d35b3e5a8beee541,Benchbook.ai Database Files/Tenn. R. Juv. P. Rules.pdf,,29c04a35-2fa5-5a2a-a284-751f38c14976,848ed2bf-d8ce-539e-b163-3686d2ce36d0,Tenn. R. Juv. P. 205,tennrjuvp205,Rule 205. Notification and waiver of rights of children.,205,,,,,pending_extraction_qa,general_answer_authority,current,,1900-01-01,,true,QA signoff required; high-risk legal domain; high_risk=juvenile-court procedure,Adopt with revision,Corpus administrator,Blocks production display until signed off,"Current law, source authority, or high-risk status cannot be confirmed",chunk_count=4; chunk_types=advisory_comment:1|annotation_candidate:1|black_letter_text:1|history:1; high_risk_domains=juvenile-court procedure
qa_signoff_required_version,High,statute,tca_title_37,37_5_208_37_11_102.pdf,671e49bb1997d77bd0554e6c8d9ea6603947e3c8da80994b9ccd250b7f399378,Benchbook.ai Database Files/Title 37/37_5_208_37_11_102.pdf,,168e29a6-9bb2-5611-afd5-145556d46355,86cf5c0d-9a1d-5ad2-86d5-5327a38194ee,Tenn. Code Ann. Sec. 37-5-208,tenncodeann375208,37-5-208. Procedure for commitment  -  Form.,,37-5-208,,,5,pending_extraction_qa,general_answer_authority,current,,1900-01-01,,true,QA signoff required; high-risk legal domain; high_risk=juvenile-court procedure,Adopt with revision,Corpus administrator,Blocks production display until signed off,"Current law, source authority, or high-risk status cannot be confirmed",chunk_count=3; chunk_types=annotation_candidate:1|black_letter_text:1|history:1; high_risk_domains=juvenile-court procedure
qa_signoff_required_version,High,statute,tca_title_37,37_2_203_37_3_405.pdf,4505a32368dd82bcc6408f4fe16b2513cc23b2c810ae9254e0e21bc9d17153f5,Benchbook.ai Database Files/Title 37/37_2_203_37_3_405.pdf,,f088da58-e424-5c96-8725-4cd8f1891317,8856fe6e-1b5b-5e94-9f77-ce329abed644,Tenn. Code Ann. Sec. 37-2-602,tenncodeann372602,37-2-602. Determination of whether youth applicants for assistance were formerly in state custody  -  Identification by state agencies on agency forms,,37-2-602,,,2,pending_extraction_qa,general_answer_authority,current,,1900-01-01,,true,QA signoff required; high-risk legal domain; high_risk=custody|termination of parental rights,Adopt with revision,Corpus administrator,Blocks production display until signed off,"Current law, source authority, or high-risk status cannot be confirmed",chunk_count=3; chunk_types=advisory_comment:1|black_letter_text:1|history:1; high_risk_domains=custody|termination of parental rights
qa_signoff_required_version,High,rule,tenn_rules_juvenile_practice_procedure,Tenn. R. Juv. P. Rules.pdf,896900cf9175f11a38df986da4af09e62632abd8aa865b24d35b3e5a8beee541,Benchbook.ai Database Files/Tenn. R. Juv. P. Rules.pdf,,b79f34e6-37c6-54b6-adb6-d8d7611a8da2,88ca877b-480e-579f-ba3e-bdee0a547b5e,Tenn. R. Juv. P. 117,tennrjuvp117,Rule 117. Entry of order.,117,,,,,pending_extraction_qa,general_answer_authority,current,,1900-01-01,,true,QA signoff required; high-risk legal domain; high_risk=juvenile-court procedure,Adopt with revision,Corpus administrator,Blocks production display until signed off,"Current law, source authority, or high-risk status cannot be confirmed",chunk_count=5; chunk_types=advisory_comment:2|annotation_candidate:1|black_letter_text:1|history:1; high_risk_domains=juvenile-court procedure
qa_signoff_required_version,High,statute,tca_title_36,36_6_204_36_7_203.pdf,b3eb20c2869ce0b1df79f8f8113ebd6f96eb14a6621569c447c3f6f073f38e9b,Benchbook.ai Database Files/Title 36/36_6_204_36_7_203.pdf,,8576d341-9ea2-5d04-adb5-8583f9aba1e1,88f2a75d-3ed2-54c7-b016-db86ee22ae77,Tenn. Code Ann. Sec. 36-6-216,tenncodeann366216,36-6-216. Jurisdiction to make custody determination.,,36-6-216,,,6,pending_extraction_qa,general_answer_authority,current,,1900-01-01,,true,QA signoff required; high-risk legal domain; high_risk=custody|termination of parental rights,Adopt with revision,Corpus administrator,Blocks production display until signed off,"Current law, source authority, or high-risk status cannot be confirmed",chunk_count=6; chunk_types=advisory_comment:1|annotation_candidate:1|black_letter_text:1|case_note_candidate:2|history:1; high_risk_domains=custody|termination of parental rights
qa_signoff_required_version,High,dcs_policy,dcs_policies_procedures,233_Protocol_Protocol_for_Child_Protective_Investigative_Team_CPIT_Presen.pdf,445760ad7f7b343e1e72db0e439ac6e166689769e5600dd8896ed609d194d831,Benchbook.ai Database Files/DCS P&P/TN_DCS_Policies/Ch14_CPS/233_Protocol_Protocol_for_Child_Protective_Investigative_Team_CPIT_Presen.pdf,,a62ed8b2-dfa1-52dc-ad9e-3de7a6e56f2d,89257cb9-bd48-53f6-8e06-720625576145,Document header (application/authority/dates),documentheaderapplicationauthoritydates,Protocol Protocol for Child Protective Investigative Team CPIT Presen,,Document header (application/authority/dates),,Ch14_CPS,protocol,pending_extraction_qa,guardrail_reference_only,current,,1900-01-01,,true,QA signoff required; high-risk legal domain; high_risk=juvenile-court procedure,Adopt with revision,Corpus administrator,Blocks production display until signed off,"Current law, source authority, or high-risk status cannot be confirmed",chunk_count=2; chunk_types=metadata:1|protocol:1; high_risk_domains=juvenile-court procedure
qa_signoff_required_version,High,statute,tca_title_36,36_5_121_36_5_2308.pdf,4a4ad35f21e2dd2c2023d13074bce9fd8ae80600d4caaa551c629027c01ac952,Benchbook.ai Database Files/Title 36/36_5_121_36_5_2308.pdf,,b9fd04a8-7e62-5b17-975e-3e973708e90b,8a0ad9d2-417c-5676-9ebe-74ceaa79aa3a,Tenn. Code Ann. Sec. 36-5-402,tenncodeann365402,36-5-402. Commencement and termination of hearings and actions  -  Magistrates.,,36-5-402,,,5,pending_extraction_qa,general_answer_authority,current,,1900-01-01,,true,QA signoff required; high-risk legal domain; high_risk=termination of parental rights,Adopt with revision,Corpus administrator,Blocks production display until signed off,"Current law, source authority, or high-risk status cannot be confirmed",chunk_count=5; chunk_types=annotation_candidate:3|black_letter_text:1|history:1; high_risk_domains=termination of parental rights
qa_signoff_required_version,High,statute,tca_title_37,37_3_406_37_5_207.pdf,f5988b3eb095354fc6f06654c4c4612f78f6bb3e04958bec4ce0bc16234b83ad,Benchbook.ai Database Files/Title 37/37_3_406_37_5_207.pdf,,6c44454c-7a45-5759-b71d-f572c8d89031,8a15a433-c1c8-538b-a24f-a6cadfd5c3ae,Tenn. Code Ann. Sec. 37-5-124,tenncodeann375124,37-5-124. Disclosure of the death or near fatality of persons in the custody of the department of children's services.,,37-5-124,,,3,pending_extraction_qa,general_answer_authority,current,,1900-01-01,,true,QA signoff required; high-risk legal domain; high_risk=custody,Adopt with revision,Corpus administrator,Blocks production display until signed off,"Current law, source authority, or high-risk status cannot be confirmed",chunk_count=4; chunk_types=annotation_candidate:2|black_letter_text:1|history:1; high_risk_domains=custody
qa_signoff_required_version,High,dcs_policy,dcs_policies_procedures,643_31.21_Immediate_Notification_of_Serious_Incidents_to_a_Deputy_Comm.pdf,b48d34beef792fc5534bcfb90ef10338d09300269f801e08f9f5ad792dc7e72d,Benchbook.ai Database Files/DCS P&P/TN_DCS_Policies/Ch31_Field_Services/643_31.21_Immediate_Notification_of_Serious_Incidents_to_a_Deputy_Comm.pdf,,f2a2d361-d49f-52ec-bd8c-80c7ba56aff0,8ab3d960-3bf6-5dd4-8025-378f82034f82,DCS Policy 31.21,dcspolicy3121,Immediate Notification of Serious Incidents to a Deputy Commissioner (DC),,Document header (application/authority/dates),31.21,Ch31_Field_Services,policy,pending_extraction_qa,guardrail_reference_only,current,,1900-01-01,,true,QA signoff required; high-risk legal domain; high_risk=juvenile-court procedure,Adopt with revision,Corpus administrator,Blocks production display until signed off,"Current law, source authority, or high-risk status cannot be confirmed",chunk_count=6; chunk_types=metadata:1|policy_text:5; high_risk_domains=juvenile-court procedure
qa_signoff_required_version,High,statute,tca_title_37,37_2_203_37_3_405.pdf,4505a32368dd82bcc6408f4fe16b2513cc23b2c810ae9254e0e21bc9d17153f5,Benchbook.ai Database Files/Title 37/37_2_203_37_3_405.pdf,,b849cf55-a9a7-519f-a401-fb2d26bffa24,8b1306e6-2f72-598f-817b-753fb152ea3c,Tenn. Code Ann. Sec. 37-2-405,tenncodeann372405,37-2-405. Adoption of guidelines.,,37-2-405,,,2,pending_extraction_qa,general_answer_authority,current,,1900-01-01,,true,QA signoff required; high-risk legal domain; high_risk=adoption,Adopt with revision,Corpus administrator,Blocks production display until signed off,"Current law, source authority, or high-risk status cannot be confirmed",chunk_count=4; chunk_types=advisory_comment:1|annotation_candidate:1|black_letter_text:1|history:1; high_risk_domains=adoption
qa_signoff_required_version,High,dcs_policy,dcs_policies_procedures,231_Protocol_Protocol_for_Safe_Sleep_Education_and_Delivery_of_Safe_Sleep.pdf,e0306d905fd730a4c76123f9440b1a31f06d3386571b72d6a68808c92001c0b4,Benchbook.ai Database Files/DCS P&P/TN_DCS_Policies/Ch14_CPS/231_Protocol_Protocol_for_Safe_Sleep_Education_and_Delivery_of_Safe_Sleep.pdf,,d11775fe-cdd3-5f58-bf46-a8a6db2209ce,8d5e27b2-4122-5783-afa3-b42d71528e74,DCS Policy 16.46,dcspolicy1646,20.8,,Document header (application/authority/dates),16.46,Ch14_CPS,protocol,pending_extraction_qa,guardrail_reference_only,current,,1900-01-01,,true,QA signoff required; high-risk legal domain; high_risk=juvenile-court procedure,Adopt with revision,Corpus administrator,Blocks production display until signed off,"Current law, source authority, or high-risk status cannot be confirmed",chunk_count=2; chunk_types=metadata:1|protocol:1; high_risk_domains=juvenile-court procedure
qa_signoff_required_version,High,dcs_policy,dcs_policies_procedures,590_Protocol_Protocol_Amber_Alert_Endangered_Child_Alert_ECA_Procedures.pdf,e4655740e640445fabbd4a8a65106561c79e0b9e8d18db5ede2ff3c64d9871c5,Benchbook.ai Database Files/DCS P&P/TN_DCS_Policies/Ch31_Field_Services/590_Protocol_Protocol_Amber_Alert_Endangered_Child_Alert_ECA_Procedures.pdf,,acbf4a65-82c4-5e86-871d-ba1de9d62eaa,8df503c2-979d-5ac5-8955-1249df6af758,Document header (application/authority/dates),documentheaderapplicationauthoritydates,Protocol Protocol Amber Alert Endangered Child Alert ECA Procedures,,Document header (application/authority/dates),,Ch31_Field_Services,protocol,pending_extraction_qa,guardrail_reference_only,current,,1900-01-01,,true,QA signoff required; high-risk legal domain; high_risk=juvenile-court procedure,Adopt with revision,Corpus administrator,Blocks production display until signed off,"Current law, source authority, or high-risk status cannot be confirmed",chunk_count=2; chunk_types=metadata:1|protocol:1; high_risk_domains=juvenile-court procedure
qa_signoff_required_version,High,dcs_policy,dcs_policies_procedures,197_Memo_Exigent_Circumstances_Memo.pdf,7d9c623d63c9188eed2daee3111363a205a8140b15191bbdd2ec9d5354f19506,Benchbook.ai Database Files/DCS P&P/TN_DCS_Policies/Ch14_CPS/197_Memo_Exigent_Circumstances_Memo.pdf,,ca4ac663-0eed-58e7-a5ae-8a1b7fc08326,8df805b5-d8ef-5491-8bca-7bab0337e28b,,,Memo Exigent Circumstances Memo,,,,Ch14_CPS,unknown,pending_extraction_qa,guardrail_reference_only,current,,1900-01-01,,true,QA signoff required; high-risk legal domain; high_risk=juvenile-court procedure,Adopt with revision,Corpus administrator,Blocks production display until signed off,"Current law, source authority, or high-risk status cannot be confirmed",chunk_count=1; chunk_types=unknown:1; high_risk_domains=juvenile-court procedure
qa_signoff_required_version,High,rule,tenn_rules_juvenile_practice_procedure,Tenn. R. Juv. P. Rules.pdf,896900cf9175f11a38df986da4af09e62632abd8aa865b24d35b3e5a8beee541,Benchbook.ai Database Files/Tenn. R. Juv. P. Rules.pdf,,aa7c54e4-cc04-526d-99b4-2d1454568989,8e695785-5c6c-544f-8068-4a729d6ae783,Tenn. R. Juv. P. 104,tennrjuvp104,Rule 104. Appearance of attorney.,104,,,,,pending_extraction_qa,general_answer_authority,current,,1900-01-01,,true,QA signoff required; high-risk legal domain; high_risk=juvenile-court procedure,Adopt with revision,Corpus administrator,Blocks production display until signed off,"Current law, source authority, or high-risk status cannot be confirmed",chunk_count=4; chunk_types=advisory_comment:1|annotation_candidate:1|black_letter_text:1|history:1; high_risk_domains=juvenile-court procedure
qa_signoff_required_version,High,dcs_policy,dcs_policies_procedures,583_31.1_Family_Permanency_Plans.pdf,2a7c94d77b48e5ed7e8a2dbedeb5805efea829574ba069106dc42341c5332c93,Benchbook.ai Database Files/DCS P&P/TN_DCS_Policies/Ch31_Field_Services/583_31.1_Family_Permanency_Plans.pdf,,079a303f-4708-5e8f-bba9-110eae136c89,8f3531e2-d8a1-5f92-a920-8bed92be0b44,DCS Policy 31.1,dcspolicy311,Family Permanency Plans,,Document header (application/authority/dates),31.1,Ch31_Field_Services,policy,pending_extraction_qa,guardrail_reference_only,current,,1900-01-01,,true,QA signoff required; high-risk legal domain; high_risk=juvenile-court procedure,Adopt with revision,Corpus administrator,Blocks production display until signed off,"Current law, source authority, or high-risk status cannot be confirmed",chunk_count=12; chunk_types=metadata:1|policy_text:11; high_risk_domains=juvenile-court procedure
qa_signoff_required_version,High,rule,tenn_rules_juvenile_practice_procedure,Tenn. R. Juv. P. Rules.pdf,896900cf9175f11a38df986da4af09e62632abd8aa865b24d35b3e5a8beee541,Benchbook.ai Database Files/Tenn. R. Juv. P. Rules.pdf,,864712c7-7bf0-5825-876d-68e78d856ae5,8f6e50df-80ee-5717-9d2b-4507eeb9e41d,Tenn. R. Juv. P. 301,tennrjuvp301,Rule 301. Initiation of cases.,301,,,,,pending_extraction_qa,general_answer_authority,current,,1900-01-01,,true,QA signoff required; high-risk legal domain; high_risk=juvenile-court procedure,Adopt with revision,Corpus administrator,Blocks production display until signed off,"Current law, source authority, or high-risk status cannot be confirmed",chunk_count=5; chunk_types=advisory_comment:2|annotation_candidate:1|black_letter_text:1|history:1; high_risk_domains=juvenile-court procedure
qa_signoff_required_version,High,dcs_policy,dcs_policies_procedures,215_14.12_Family_Permanency_Planning_for_Child_Protective_Services_Non.pdf,0c1e663f7a888a85fc897ba08b0838c31949f71ee8ae46ed2b793c4843949ce3,Benchbook.ai Database Files/DCS P&P/TN_DCS_Policies/Ch14_CPS/215_14.12_Family_Permanency_Planning_for_Child_Protective_Services_Non.pdf,,8aae39ba-e2b3-5212-b384-ae064a8878a3,8f7ed527-62fc-51df-8ee9-729918c9fe82,DCS Policy 14.12,dcspolicy1412,Family Permanency Planning for Child Protective Services Non-Custodial,,Document header (application/authority/dates),14.12,Ch14_CPS,policy,pending_extraction_qa,guardrail_reference_only,current,,1900-01-01,,true,QA signoff required; high-risk legal domain; high_risk=juvenile-court procedure,Adopt with revision,Corpus administrator,Blocks production display until signed off,"Current law, source authority, or high-risk status cannot be confirmed",chunk_count=14; chunk_types=metadata:1|policy_text:13; high_risk_domains=juvenile-court procedure
qa_signoff_required_version,High,dcs_policy,dcs_policies_procedures,138_9.5_Access_and_Release_of_Confidential_Child-Specific_Informatio.pdf,5eb3af25077eefd19da5b2e2a73dc00ffe0ab3799074bff6816f652fa70c28e0,Benchbook.ai Database Files/DCS P&P/TN_DCS_Policies/Ch09_Child_Records/138_9.5_Access_and_Release_of_Confidential_Child-Specific_Informatio.pdf,,47c51fb2-787f-5b4e-bf9f-5d454eafb44a,8f9f7aa7-d8d3-5222-943c-90bc6b6efeab,DCS Policy 9.5,dcspolicy95,Access and Release of Confidential Child-Specific Information,,Document header (application/authority/dates),9.5,Ch09_Child_Records,policy,pending_extraction_qa,guardrail_reference_only,current,,1900-01-01,,true,QA signoff required; high-risk legal domain; high_risk=juvenile-court procedure,Adopt with revision,Corpus administrator,Blocks production display until signed off,"Current law, source authority, or high-risk status cannot be confirmed",chunk_count=11; chunk_types=metadata:1|policy_text:10; high_risk_domains=juvenile-court procedure
qa_signoff_required_version,High,dcs_policy,dcs_policies_procedures,274_16.31_Permanency_Planning_for_Children_Youth_in_the_Department_of.pdf,9ff439ad5518841a25c426bfb94e8082cace74778c30e8478dfc3203b9dd84d4,Benchbook.ai Database Files/DCS P&P/TN_DCS_Policies/Ch16A_Foster_Care/274_16.31_Permanency_Planning_for_Children_Youth_in_the_Department_of.pdf,,16ccb250-d8ea-5669-9b53-6e61cf4a41eb,90575225-0ae2-54f4-a651-db59fb1a8002,DCS Policy 16.31,dcspolicy1631,Permanency Planning for Children/Youth in the Department of Children's,,Document header (application/authority/dates),16.31,Ch16A_Foster_Care,policy,pending_extraction_qa,guardrail_reference_only,current,,1900-01-01,,true,QA signoff required; high-risk legal domain; high_risk=juvenile-court procedure,Adopt with revision,Corpus administrator,Blocks production display until signed off,"Current law, source authority, or high-risk status cannot be confirmed",chunk_count=13; chunk_types=metadata:1|policy_text:12; high_risk_domains=juvenile-court procedure
qa_signoff_required_version,High,statute,tca_title_36,36_1_101_36_3_302.pdf,a6b1c6cff6bb307f3a639c10092c82a25e738e587f1b374a6317441324525720,Benchbook.ai Database Files/Title 36/36_1_101_36_3_302.pdf,,0a620a01-4b71-5116-ba6a-9af033572ce3,90baf83f-44f0-51ab-9692-92aabba5250d,Tenn. Code Ann. Sec. 36-1-112,tenncodeann361112,36-1-112. Revocation of surrender or parental consent  -  Form.,,36-1-112,,,1,pending_extraction_qa,general_answer_authority,current,,1900-01-01,,true,QA signoff required; high-risk legal domain; warnings=unusually_large_chunk; high_risk=surrender|termination of parental rights,Adopt with revision,Corpus administrator,Blocks production display until signed off,"Current law, source authority, or high-risk status cannot be confirmed",chunk_count=6; chunk_types=annotation_candidate:2|black_letter_text:1|case_note_candidate:2|history:1; warning_counts=unusually_large_chunk:1; high_risk_domains=surrender|termination of parental rights
qa_signoff_required_version,High,dcs_policy,dcs_policies_procedures,630_Attachment_Transportation_Resource_List.pdf,2927b64e58cc1a9ba9a0ad00f0dae71090297a0a3e9f99b7aaf35273104c16e1,Benchbook.ai Database Files/DCS P&P/TN_DCS_Policies/Ch31_Field_Services/630_Attachment_Transportation_Resource_List.pdf,,819cb09b-2cad-512c-aebb-bcfcab38e6ac,9129d358-5661-5b3e-abd5-011ee663be95,,,Attachment Transportation Resource List,,,,Ch31_Field_Services,unknown,pending_extraction_qa,guardrail_reference_only,current,,1900-01-01,,true,QA signoff required; high-risk legal domain; high_risk=juvenile-court procedure,Adopt with revision,Corpus administrator,Blocks production display until signed off,"Current law, source authority, or high-risk status cannot be confirmed",chunk_count=1; chunk_types=unknown:1; high_risk_domains=juvenile-court procedure
qa_signoff_required_version,High,dcs_policy,dcs_policies_procedures,627_31.15_Guidelines_for_Transportation_of_Children_Youth_by_Regional.pdf,7d00bf84d1103ef88a0ed984ee4ad80b11e037202dba14d7f9efd5c8955f7ffa,Benchbook.ai Database Files/DCS P&P/TN_DCS_Policies/Ch31_Field_Services/627_31.15_Guidelines_for_Transportation_of_Children_Youth_by_Regional.pdf,,c252fbc2-7e48-58fa-8168-922793cd3101,916e788c-84a0-54e4-9f75-ba724707a544,DCS Policy 31.15,dcspolicy3115,Guidelines for Transportation of Children/Youth by Regional Employees,,Document header (application/authority/dates),31.15,Ch31_Field_Services,policy,pending_extraction_qa,guardrail_reference_only,current,,1900-01-01,,true,QA signoff required; high-risk legal domain; high_risk=juvenile-court procedure,Adopt with revision,Corpus administrator,Blocks production display until signed off,"Current law, source authority, or high-risk status cannot be confirmed",chunk_count=7; chunk_types=metadata:1|policy_text:6; high_risk_domains=juvenile-court procedure
qa_signoff_required_version,High,dcs_policy,dcs_policies_procedures,306_16.59_Disclosure_of_Legal_Options_and_Available_Services_for_Relat.pdf,4e42223a147583ab6a456390f94fa1c37540e12d1763448c1f1d522d8cebf8c7,Benchbook.ai Database Files/DCS P&P/TN_DCS_Policies/Ch16A_Foster_Care/306_16.59_Disclosure_of_Legal_Options_and_Available_Services_for_Relat.pdf,,4664dbe8-246a-5486-931b-fd59bd8bbec6,91b9426c-a3ad-59ef-9ad1-2ccfea951955,DCS Policy 16.59,dcspolicy1659,Disclosure of Legal Options and Available Services for Relative or Kin,,Document header (application/authority/dates),16.59,Ch16A_Foster_Care,policy,pending_extraction_qa,guardrail_reference_only,current,,1900-01-01,,true,QA signoff required; high-risk legal domain; high_risk=juvenile-court procedure,Adopt with revision,Corpus administrator,Blocks production display until signed off,"Current law, source authority, or high-risk status cannot be confirmed",chunk_count=10; chunk_types=metadata:1|policy_text:9; high_risk_domains=juvenile-court procedure
qa_signoff_required_version,High,statute,tca_title_36,36_7_204_36_8_104.pdf,48b043f0038b786c6484b6bfa2f6c00f194f620ce2e7dca863080830d67879e4,Benchbook.ai Database Files/Title 36/36_7_204_36_8_104.pdf,,65ee10e7-b727-5310-b1db-041dce461ea3,9307f6ff-2ed8-5531-b879-d2da5ed5d035,Tenn. Code Ann. Sec. 36-7-307,tenncodeann367307,36-7-307. Nature of authority created by temporary custody order.,,36-7-307,,,7,pending_extraction_qa,general_answer_authority,current,,1900-01-01,,true,QA signoff required; high-risk legal domain; high_risk=custody,Adopt with revision,Corpus administrator,Blocks production display until signed off,"Current law, source authority, or high-risk status cannot be confirmed",chunk_count=2; chunk_types=black_letter_text:1|history:1; high_risk_domains=custody
qa_signoff_required_version,High,rule,tenn_rules_juvenile_practice_procedure,Tenn. R. Juv. P. Rules.pdf,896900cf9175f11a38df986da4af09e62632abd8aa865b24d35b3e5a8beee541,Benchbook.ai Database Files/Tenn. R. Juv. P. Rules.pdf,,ec7c1e05-ce5a-5a99-b761-6c8649b1a945,93670a3a-9da7-5b69-a892-22a9b42702f6,Tenn. R. Juv. P. 309,tennrjuvp309,Rule 309. Agreed orders.,309,,,,,pending_extraction_qa,general_answer_authority,current,,1900-01-01,,true,QA signoff required; high-risk legal domain; high_risk=juvenile-court procedure,Adopt with revision,Corpus administrator,Blocks production display until signed off,"Current law, source authority, or high-risk status cannot be confirmed",chunk_count=5; chunk_types=advisory_comment:2|annotation_candidate:1|black_letter_text:1|history:1; high_risk_domains=juvenile-court procedure
qa_signoff_required_version,High,statute,tca_title_37,37_1_101_37_1_201.pdf,423871eb310b5359f8fb18b9ddd970c37fdcfea65392db9e3fddae5531ca5d99,Benchbook.ai Database Files/Title 37/37_1_101_37_1_201.pdf,,969890bc-f7d4-567f-92f5-5abd08362f17,9474af3c-eac4-5afe-ac10-cecd99eb8830,Tenn. Code Ann. Sec. 37-1-103,tenncodeann371103,"37-1-103. Exclusive original jurisdiction. [Effective on July 1, 2026. See the version effective until July 1, 2026.]",,37-1-103,,,1,pending_extraction_qa,general_answer_authority,future_effective,"Effective on July 1, 2026. See the version effective until July 1, 2026.",2026-07-01,,true,future-effective issue; QA signoff required; warnings=effective_dated_version_unit,Adopt with revision,Corpus administrator,Blocks production display until signed off,"Current law, source authority, or high-risk status cannot be confirmed",chunk_count=13; chunk_types=annotation_candidate:4|black_letter_text:1|case_note_candidate:7|history:1; warning_counts=effective_dated_version_unit:13
qa_signoff_required_version,High,dcs_policy,dcs_policies_procedures,326_16.7_Foster_Family_Recruitment_and_Retention.pdf,104be97e07412db0e7657497b145d5612c9d03e89e2bd136518c3890d9a9848c,Benchbook.ai Database Files/DCS P&P/TN_DCS_Policies/Ch16B_Foster_Homes/326_16.7_Foster_Family_Recruitment_and_Retention.pdf,,56cdce6b-f5cf-56f3-aff1-e6a1239517da,952173eb-8089-5f4a-8bba-0147ae5332ea,DCS Policy 16.7,dcspolicy167,Foster Family Recruitment and Retention,,Document header (application/authority/dates),16.7,Ch16B_Foster_Homes,policy,pending_extraction_qa,guardrail_reference_only,current,,1900-01-01,,true,QA signoff required; high-risk legal domain; high_risk=juvenile-court procedure,Adopt with revision,Corpus administrator,Blocks production display until signed off,"Current law, source authority, or high-risk status cannot be confirmed",chunk_count=7; chunk_types=metadata:1|policy_text:6; high_risk_domains=juvenile-court procedure
qa_signoff_required_version,High,dcs_policy,dcs_policies_procedures,270_Protocol_Case_Closure_Protocol.pdf,4d5059c570275d095649f2535bc9e2f9ef16e3554918ffcbeb2c70d1de93e474,Benchbook.ai Database Files/DCS P&P/TN_DCS_Policies/Ch16A_Foster_Care/270_Protocol_Case_Closure_Protocol.pdf,,6ff3e950-cd8b-5ee8-8465-0daae37d996a,9529d5a4-4d49-5a6c-98b9-d60c188823ee,Document header (application/authority/dates),documentheaderapplicationauthoritydates,Protocol Case Closure Protocol,,Document header (application/authority/dates),,Ch16A_Foster_Care,protocol,pending_extraction_qa,guardrail_reference_only,current,,1900-01-01,,true,QA signoff required; high-risk legal domain; high_risk=juvenile-court procedure,Adopt with revision,Corpus administrator,Blocks production display until signed off,"Current law, source authority, or high-risk status cannot be confirmed",chunk_count=2; chunk_types=metadata:1|protocol:1; high_risk_domains=juvenile-court procedure
qa_signoff_required_version,High,statute,tca_title_36,36_1_101_36_3_302.pdf,a6b1c6cff6bb307f3a639c10092c82a25e738e587f1b374a6317441324525720,Benchbook.ai Database Files/Title 36/36_1_101_36_3_302.pdf,,359fda05-2653-539e-a282-0e294a23b57f,9769b0f1-1044-5c0b-aded-3de2659025e5,Tenn. Code Ann. Sec. 36-1-148,tenncodeann361148,36-1-148. Immunization not condition of adoption  -  Exceptions.,,36-1-148,,,1,pending_extraction_qa,general_answer_authority,current,,1900-01-01,,true,QA signoff required; high-risk legal domain; high_risk=adoption,Adopt with revision,Corpus administrator,Blocks production display until signed off,"Current law, source authority, or high-risk status cannot be confirmed",chunk_count=2; chunk_types=black_letter_text:1|history:1; high_risk_domains=adoption
qa_signoff_required_version,High,dcs_policy,dcs_policies_procedures,342_Protocol_Protocol_for_Foster_Home_Quality_Team.pdf,21eabb7ef4713133011a89af7cf970086978631662085857457fc387e403d28d,Benchbook.ai Database Files/DCS P&P/TN_DCS_Policies/Ch16B_Foster_Homes/342_Protocol_Protocol_for_Foster_Home_Quality_Team.pdf,,fa51b77f-d345-58d0-9f2a-a916f5a60708,9788b210-bd82-52fb-a53d-d438dfb33ad5,Document header (application/authority/dates),documentheaderapplicationauthoritydates,Protocol Protocol for Foster Home Quality Team,,Document header (application/authority/dates),,Ch16B_Foster_Homes,protocol,pending_extraction_qa,guardrail_reference_only,current,,1900-01-01,,true,QA signoff required; high-risk legal domain; high_risk=juvenile-court procedure,Adopt with revision,Corpus administrator,Blocks production display until signed off,"Current law, source authority, or high-risk status cannot be confirmed",chunk_count=2; chunk_types=metadata:1|protocol:1; high_risk_domains=juvenile-court procedure
qa_signoff_required_version,High,dcs_policy,dcs_policies_procedures,284_Guide_Visitation_Guide.pdf,44ee1b72644215a7da6b8747a1b9f702e13ccda56bb22140f64d10024d8719f2,Benchbook.ai Database Files/DCS P&P/TN_DCS_Policies/Ch16A_Foster_Care/284_Guide_Visitation_Guide.pdf,,f73d0254-6e24-5313-b8c2-c65a27e99c56,97c6cf59-573e-5dbd-8474-59136c5d920b,Document header (application/authority/dates),documentheaderapplicationauthoritydates,Guide Visitation Guide,,Document header (application/authority/dates),,Ch16A_Foster_Care,guide,pending_extraction_qa,guardrail_reference_only,current,,1900-01-01,,true,QA signoff required; high-risk legal domain; high_risk=juvenile-court procedure,Adopt with revision,Corpus administrator,Blocks production display until signed off,"Current law, source authority, or high-risk status cannot be confirmed",chunk_count=3; chunk_types=guide:2|metadata:1; warning_counts=unusually_large_chunk:1; high_risk_domains=juvenile-court procedure
qa_signoff_required_version,High,dcs_policy,dcs_policies_procedures,182_Manual_Child_Abuse_Neglect_Intake_Assessment_Policy_and_Procedures.pdf,c07b7228d5929d898af6127b927029d3b2923450085006171f38e2eaded436e2,Benchbook.ai Database Files/DCS P&P/TN_DCS_Policies/Ch14_CPS/182_Manual_Child_Abuse_Neglect_Intake_Assessment_Policy_and_Procedures.pdf,,8e431e7e-3802-5256-bf48-6cd0a256b897,97dfd4a6-48fc-5439-af16-3ab31400478b,Document header (application/authority/dates),documentheaderapplicationauthoritydates,Manual Child Abuse Neglect Intake Assessment Policy and Procedures,,Document header (application/authority/dates),,Ch14_CPS,manual,pending_extraction_qa,guardrail_reference_only,current,,1900-01-01,,true,QA signoff required; high-risk legal domain; high_risk=dependency and neglect|juvenile-court procedure,Adopt with revision,Corpus administrator,Blocks production display until signed off,"Current law, source authority, or high-risk status cannot be confirmed",chunk_count=8; chunk_types=manual:7|metadata:1; warning_counts=unusually_large_chunk:2; high_risk_domains=dependency and neglect|juvenile-court procedure
qa_signoff_required_version,High,dcs_policy,dcs_policies_procedures,142_9.10_Closed_Youth_Case_File_Disposition_in_a_Youth_Development_Ce.pdf,1a57097779ab20bbf9a1500361ebf5935bfbb80618a965b0eda30a2bf5ad99b2,Benchbook.ai Database Files/DCS P&P/TN_DCS_Policies/Ch09_Child_Records/142_9.10_Closed_Youth_Case_File_Disposition_in_a_Youth_Development_Ce.pdf,,6d1c7b30-9b91-5531-ad15-e83374d258c8,98581bc5-f7c5-5796-b2c9-fef37c67259e,DCS Policy 9.10,dcspolicy910,Closed Youth Case File Disposition in a Youth Development Center,,Document header (application/authority/dates),9.10,Ch09_Child_Records,policy,pending_extraction_qa,guardrail_reference_only,current,,1900-01-01,,true,QA signoff required; high-risk legal domain; high_risk=juvenile-court procedure,Adopt with revision,Corpus administrator,Blocks production display until signed off,"Current law, source authority, or high-risk status cannot be confirmed",chunk_count=10; chunk_types=metadata:1|policy_text:9; high_risk_domains=juvenile-court procedure
qa_signoff_required_version,High,statute,tca_title_37,37_1_202_37_2_202.pdf,9cd08fcaae4176f55dd74ead07e414a9d249a0777f0f7249175756d29833d45c,Benchbook.ai Database Files/Title 37/37_1_202_37_2_202.pdf,,8e3e0a83-1698-57c1-a07b-e2951bd1a98c,98d4b0c3-7727-5e5e-86b6-ab43b7b7ac19,Tenn. Code Ann. Sec. 37-1-412,tenncodeann371412,37-1-412. Violation of duty to report  -  Power of juvenile court  -  Penalty.,,37-1-412,,,1,pending_extraction_qa,general_answer_authority,current,,1900-01-01,,true,QA signoff required; high-risk legal domain; high_risk=juvenile-court procedure,Adopt with revision,Corpus administrator,Blocks production display until signed off,"Current law, source authority, or high-risk status cannot be confirmed",chunk_count=3; chunk_types=annotation_candidate:1|black_letter_text:1|history:1; high_risk_domains=juvenile-court procedure
qa_signoff_required_version,High,rule,tenn_rules_juvenile_practice_procedure,Tenn. R. Juv. P. Rules.pdf,896900cf9175f11a38df986da4af09e62632abd8aa865b24d35b3e5a8beee541,Benchbook.ai Database Files/Tenn. R. Juv. P. Rules.pdf,,10be27ac-6508-548b-9155-29acc9ca42a7,9942bfc6-fa59-5f2b-886b-effab7e5d99c,Tenn. R. Juv. P. 308,tennrjuvp308,Rule 308. Dispositional hearings.,308,,,,,pending_extraction_qa,general_answer_authority,current,,1900-01-01,,true,QA signoff required; high-risk legal domain; high_risk=juvenile-court procedure,Adopt with revision,Corpus administrator,Blocks production display until signed off,"Current law, source authority, or high-risk status cannot be confirmed",chunk_count=7; chunk_types=advisory_comment:1|annotation_candidate:2|black_letter_text:1|case_note_candidate:2|history:1; high_risk_domains=juvenile-court procedure
qa_signoff_required_version,High,dcs_policy,dcs_policies_procedures,224_14.19_Family_Crisis_Intervention_Program.pdf,989395fec488e63e70225c76f856e51f1cfee7334ba024a9f6acd43a80bbe148,Benchbook.ai Database Files/DCS P&P/TN_DCS_Policies/Ch14_CPS/224_14.19_Family_Crisis_Intervention_Program.pdf,,dc89eda0-cf1c-506a-8e4c-63abe0ab84de,9a169c95-4616-558e-8f19-2c5245eb8934,DCS Policy 14.19,dcspolicy1419,Family Crisis Intervention Program,,Document header (application/authority/dates),14.19,Ch14_CPS,policy,pending_extraction_qa,guardrail_reference_only,current,,1900-01-01,,true,QA signoff required; high-risk legal domain; high_risk=juvenile-court procedure,Adopt with revision,Corpus administrator,Blocks production display until signed off,"Current law, source authority, or high-risk status cannot be confirmed",chunk_count=14; chunk_types=metadata:1|policy_text:13; high_risk_domains=juvenile-court procedure
qa_signoff_required_version,High,dcs_policy,dcs_policies_procedures,283_16.38_Face-to-Face_Visitation_with_Dependent_and_Neglected_and_Unr.pdf,6fd20e6ec247fb246eae3cbbdf8f52b2ec4b577aed4161662d0e392d39499d42,Benchbook.ai Database Files/DCS P&P/TN_DCS_Policies/Ch16A_Foster_Care/283_16.38_Face-to-Face_Visitation_with_Dependent_and_Neglected_and_Unr.pdf,,e8764aa0-edc2-5b3e-a5bf-1b5dea7e40b6,9ba08ee5-8299-5fd7-8476-d01268e94c58,DCS Policy 16.38,dcspolicy1638,Face-to-Face Visitation with Dependent and Neglected and Unruly Children in,,Document header (application/authority/dates),16.38,Ch16A_Foster_Care,policy,pending_extraction_qa,guardrail_reference_only,current,,1900-01-01,,true,QA signoff required; high-risk legal domain; high_risk=dependency and neglect|juvenile-court procedure,Adopt with revision,Corpus administrator,Blocks production display until signed off,"Current law, source authority, or high-risk status cannot be confirmed",chunk_count=8; chunk_types=metadata:1|policy_text:7; high_risk_domains=dependency and neglect|juvenile-court procedure
qa_signoff_required_version,High,dcs_policy,dcs_policies_procedures,234_Protocol_Protocol_for_Filing_Dependency_and_Neglect_Petitions_When_Mu.pdf,52e86c29b60fb7c317b6d403cb618af010c899224a4e40f1a95b72a89bda1ee6,Benchbook.ai Database Files/DCS P&P/TN_DCS_Policies/Ch14_CPS/234_Protocol_Protocol_for_Filing_Dependency_and_Neglect_Petitions_When_Mu.pdf,,06ce470e-3b1a-5d20-b8f0-d8f5d02e30a8,9bfb6012-e7d5-57fe-9194-8e821c65f09c,Document header (application/authority/dates),documentheaderapplicationauthoritydates,Protocol Protocol for Filing Dependency and Neglect Petitions When Mu,,Document header (application/authority/dates),,Ch14_CPS,protocol,pending_extraction_qa,guardrail_reference_only,current,,1900-01-01,,true,QA signoff required; high-risk legal domain; high_risk=dependency and neglect|juvenile-court procedure,Adopt with revision,Corpus administrator,Blocks production display until signed off,"Current law, source authority, or high-risk status cannot be confirmed",chunk_count=2; chunk_types=metadata:1|protocol:1; high_risk_domains=dependency and neglect|juvenile-court procedure
qa_signoff_required_version,High,statute,tca_title_37,37_5_208_37_11_102.pdf,671e49bb1997d77bd0554e6c8d9ea6603947e3c8da80994b9ccd250b7f399378,Benchbook.ai Database Files/Title 37/37_5_208_37_11_102.pdf,,e6adf248-6ee0-5091-a1aa-3882561e3855,9c98e736-f73a-565b-b99a-fab6671524f8,Tenn. Code Ann. Sec. 37-5-607,tenncodeann375607,37-5-607. Independent local advisory board.,,37-5-607,,,5,pending_extraction_qa,general_answer_authority,current,,1900-01-01,,true,QA signoff required; high-risk legal domain; high_risk=dependency and neglect,Adopt with revision,Corpus administrator,Blocks production display until signed off,"Current law, source authority, or high-risk status cannot be confirmed",chunk_count=3; chunk_types=annotation_candidate:1|black_letter_text:1|history:1; high_risk_domains=dependency and neglect
qa_signoff_required_version,High,dcs_policy,dcs_policies_procedures,140_9.6_Organization_and_Maintenance_of_DCS_File_Rooms.pdf,747b817a9d96cb9f76c4e024f3a07a771c6ca5ab38a53b242ce16b4ae978d0e8,Benchbook.ai Database Files/DCS P&P/TN_DCS_Policies/Ch09_Child_Records/140_9.6_Organization_and_Maintenance_of_DCS_File_Rooms.pdf,,1d2cb3d2-df4a-588f-abb2-2052e0096061,9cea635b-5d5e-5629-a1e2-dd9a878dac33,DCS Policy 9.6,dcspolicy96,Organization and Maintenance of DCS File Rooms,,Document header (application/authority/dates),9.6,Ch09_Child_Records,policy,pending_extraction_qa,guardrail_reference_only,current,,1900-01-01,,true,QA signoff required; high-risk legal domain; high_risk=juvenile-court procedure,Adopt with revision,Corpus administrator,Blocks production display until signed off,"Current law, source authority, or high-risk status cannot be confirmed",chunk_count=9; chunk_types=metadata:1|policy_text:8; high_risk_domains=juvenile-court procedure
qa_signoff_required_version,High,statute,tca_title_37,37_1_101_37_1_201.pdf,423871eb310b5359f8fb18b9ddd970c37fdcfea65392db9e3fddae5531ca5d99,Benchbook.ai Database Files/Title 37/37_1_101_37_1_201.pdf,,5afdc008-366a-59df-998d-13d5c3c9a64e,9d5a06ff-1704-5873-bbcb-5dab308e3863,Tenn. Code Ann. Sec. 37-1-147,tenncodeann371147,37-1-147. Termination of parental rights.,,37-1-147,,,1,pending_extraction_qa,general_answer_authority,current,,1900-01-01,,true,QA signoff required; high-risk legal domain; high_risk=termination of parental rights,Adopt with revision,Corpus administrator,Blocks production display until signed off,"Current law, source authority, or high-risk status cannot be confirmed",chunk_count=5; chunk_types=annotation_candidate:1|black_letter_text:1|case_note_candidate:2|history:1; high_risk_domains=termination of parental rights
qa_signoff_required_version,High,dcs_policy,dcs_policies_procedures,189_Protocol_Protocol_for_Medical_Evaluations_for_Runaways_and_or_Commerc.pdf,46341af7d42a16b1bfcd605f5247cff899eb55edf8bc69b3e2d1c49be8e4fdef,Benchbook.ai Database Files/DCS P&P/TN_DCS_Policies/Ch14_CPS/189_Protocol_Protocol_for_Medical_Evaluations_for_Runaways_and_or_Commerc.pdf,,d3ee18a0-7459-54ff-b23e-36fd4c432a41,9dccdf64-8cb0-5b56-8804-5eac8df51204,Document header (application/authority/dates),documentheaderapplicationauthoritydates,Protocol Protocol for Medical Evaluations for Runaways and or Commerc,,Document header (application/authority/dates),,Ch14_CPS,protocol,pending_extraction_qa,guardrail_reference_only,current,,1900-01-01,,true,QA signoff required; high-risk legal domain; high_risk=juvenile-court procedure,Adopt with revision,Corpus administrator,Blocks production display until signed off,"Current law, source authority, or high-risk status cannot be confirmed",chunk_count=2; chunk_types=metadata:1|protocol:1; high_risk_domains=juvenile-court procedure
qa_signoff_required_version,High,rule,tenn_rules_juvenile_practice_procedure,Tenn. R. Juv. P. Rules.pdf,896900cf9175f11a38df986da4af09e62632abd8aa865b24d35b3e5a8beee541,Benchbook.ai Database Files/Tenn. R. Juv. P. Rules.pdf,,4d63fc1b-d5eb-5582-b9f2-2d57cabaaf89,9e40b607-af9c-552c-bacd-59285e2dda87,Tenn. R. Juv. P. 109,tennrjuvp109,Rule 109. Orders for the attachment of children.,109,,,,,pending_extraction_qa,general_answer_authority,current,,1900-01-01,,true,QA signoff required; high-risk legal domain; high_risk=juvenile-court procedure,Adopt with revision,Corpus administrator,Blocks production display until signed off,"Current law, source authority, or high-risk status cannot be confirmed",chunk_count=4; chunk_types=advisory_comment:1|annotation_candidate:1|black_letter_text:1|history:1; high_risk_domains=juvenile-court procedure
qa_signoff_required_version,High,statute,tca_title_37,37_1_202_37_2_202.pdf,9cd08fcaae4176f55dd74ead07e414a9d249a0777f0f7249175756d29833d45c,Benchbook.ai Database Files/Title 37/37_1_202_37_2_202.pdf,,d0ce8489-c981-5104-bf55-eb0a00c6abe9,9eb60ee3-1436-5527-8e05-74ded6f6701f,Tenn. Code Ann. Sec. 37-1-607,tenncodeann371607,"37-1-607. Child protective teams  -  Investigations  -  Services. [Effective on July 1, 2026. See the version effective until July 1, 2026.]",,37-1-607,,,1,pending_extraction_qa,general_answer_authority,future_effective,"Effective on July 1, 2026. See the version effective until July 1, 2026.",2026-07-01,,true,future-effective issue; QA signoff required; warnings=effective_dated_version_unit,Adopt with revision,Corpus administrator,Blocks production display until signed off,"Current law, source authority, or high-risk status cannot be confirmed",chunk_count=5; chunk_types=annotation_candidate:3|black_letter_text:1|history:1; warning_counts=effective_dated_version_unit:5
qa_signoff_required_version,High,statute,tca_title_37,37_1_202_37_2_202.pdf,9cd08fcaae4176f55dd74ead07e414a9d249a0777f0f7249175756d29833d45c,Benchbook.ai Database Files/Title 37/37_1_202_37_2_202.pdf,,71e6db66-2e54-54be-a424-78f1bdd25ea0,9eb62060-f06c-55c6-ac89-45dc6f32ee01,Tenn. Code Ann. Sec. 37-1-806,tenncodeann371806,37-1-806. Modification or termination.,,37-1-806,,,1,pending_extraction_qa,general_answer_authority,current,,1900-01-01,,true,QA signoff required; high-risk legal domain; high_risk=termination of parental rights,Adopt with revision,Corpus administrator,Blocks production display until signed off,"Current law, source authority, or high-risk status cannot be confirmed",chunk_count=2; chunk_types=black_letter_text:1|history:1; high_risk_domains=termination of parental rights
qa_signoff_required_version,High,statute,tca_title_37,37_1_202_37_2_202.pdf,9cd08fcaae4176f55dd74ead07e414a9d249a0777f0f7249175756d29833d45c,Benchbook.ai Database Files/Title 37/37_1_202_37_2_202.pdf,,70c66716-7e3e-5026-a814-5b720b5b726a,9f920606-6f58-5bff-a32c-10bcbb0ef4db,Tenn. Code Ann. Sec. 37-1-908,tenncodeann371908,37-1-908. Termination of participation in safe baby court program.,,37-1-908,,,1,pending_extraction_qa,general_answer_authority,current,,1900-01-01,,true,QA signoff required; high-risk legal domain; high_risk=termination of parental rights,Adopt with revision,Corpus administrator,Blocks production display until signed off,"Current law, source authority, or high-risk status cannot be confirmed",chunk_count=2; chunk_types=black_letter_text:1|history:1; high_risk_domains=termination of parental rights
qa_signoff_required_version,High,statute,tca_title_37,37_1_202_37_2_202.pdf,9cd08fcaae4176f55dd74ead07e414a9d249a0777f0f7249175756d29833d45c,Benchbook.ai Database Files/Title 37/37_1_202_37_2_202.pdf,,ef8d3c0a-2f59-57c5-9a6d-b22c44cb880e,9fa2f2c1-5052-57d6-be8a-d8294a102959,Tenn. Code Ann. Sec. 37-1-906,tenncodeann371906,37-1-906. Referral of juvenile court matter to safe baby court program.,,37-1-906,,,1,pending_extraction_qa,general_answer_authority,current,,1900-01-01,,true,QA signoff required; high-risk legal domain; high_risk=juvenile-court procedure,Adopt with revision,Corpus administrator,Blocks production display until signed off,"Current law, source authority, or high-risk status cannot be confirmed",chunk_count=2; chunk_types=black_letter_text:1|history:1; high_risk_domains=juvenile-court procedure
qa_signoff_required_version,High,dcs_policy,dcs_policies_procedures,597_31.7_Caseload_Assignment_for_DCS_Employees.pdf,12f3896be37a23bb1f240f8175a9050312043ee0754da8d41ddc7ebb3f7baf87,Benchbook.ai Database Files/DCS P&P/TN_DCS_Policies/Ch31_Field_Services/597_31.7_Caseload_Assignment_for_DCS_Employees.pdf,,4ba0282d-4f14-571b-84dc-e9290543b8dd,a05748f2-6d9e-5865-806a-2870577eed3c,DCS Policy 31.7,dcspolicy317,Caseload Assignment for DCS Employees,,Document header (application/authority/dates),31.7,Ch31_Field_Services,policy,pending_extraction_qa,guardrail_reference_only,current,,1900-01-01,,true,QA signoff required; high-risk legal domain; high_risk=juvenile-court procedure,Adopt with revision,Corpus administrator,Blocks production display until signed off,"Current law, source authority, or high-risk status cannot be confirmed",chunk_count=6; chunk_types=metadata:1|policy_text:5; high_risk_domains=juvenile-court procedure
qa_signoff_required_version,High,dcs_policy,dcs_policies_procedures,348_Manual_Documentation_of_the_Relative_Kinship_Home_Study_Manual.pdf,a528232993cc71f1931409a25840290b3819ce4793fe888320e4a47c67e93a3b,Benchbook.ai Database Files/DCS P&P/TN_DCS_Policies/Ch16B_Foster_Homes/348_Manual_Documentation_of_the_Relative_Kinship_Home_Study_Manual.pdf,,6ebdec70-67f2-5260-9e25-2272098b7026,a11775f0-1d2a-5c8c-a283-6d9eda60d983,Document header (application/authority/dates),documentheaderapplicationauthoritydates,Manual Documentation of the Relative Kinship Home Study Manual,,Document header (application/authority/dates),,Ch16B_Foster_Homes,manual,pending_extraction_qa,guardrail_reference_only,current,,1900-01-01,,true,QA signoff required; high-risk legal domain; high_risk=juvenile-court procedure,Adopt with revision,Corpus administrator,Blocks production display until signed off,"Current law, source authority, or high-risk status cannot be confirmed",chunk_count=6; chunk_types=manual:5|metadata:1; high_risk_domains=juvenile-court procedure
qa_signoff_required_version,High,dcs_policy,dcs_policies_procedures,311_Guide_Relative_Caregiver_Program_Guide.pdf,25f733d1fe66fa1c21648207704c5c77729326d74ed4db44bf3b7b80a14584a2,Benchbook.ai Database Files/DCS P&P/TN_DCS_Policies/Ch16A_Foster_Care/311_Guide_Relative_Caregiver_Program_Guide.pdf,,684b26d3-79db-5af2-ad44-f1e9f7839f14,a145cfd6-9532-559f-a3ff-cf7de651cd92,Document header (application/authority/dates),documentheaderapplicationauthoritydates,Guide Relative Caregiver Program Guide,,Document header (application/authority/dates),,Ch16A_Foster_Care,guide,pending_extraction_qa,guardrail_reference_only,current,,1900-01-01,,true,QA signoff required; high-risk legal domain; high_risk=juvenile-court procedure,Adopt with revision,Corpus administrator,Blocks production display until signed off,"Current law, source authority, or high-risk status cannot be confirmed",chunk_count=4; chunk_types=guide:3|metadata:1; warning_counts=unusually_large_chunk:1; high_risk_domains=juvenile-court procedure
qa_signoff_required_version,High,dcs_policy,dcs_policies_procedures,301_N_A_Did_You_Age_Out_of_Foster_Care_in_Tennessee_or_Any_Other_Sta.pdf,32b84ba1b5741dd19fc3dea1d81eed04e03a948d6c766b3aa5d8012a92227915,Benchbook.ai Database Files/DCS P&P/TN_DCS_Policies/Ch16A_Foster_Care/301_N_A_Did_You_Age_Out_of_Foster_Care_in_Tennessee_or_Any_Other_Sta.pdf,,6bde6fae-06c2-5060-beda-799daf837046,a1935be0-3d10-5cf8-84c0-256f51f9b72b,Document header (application/authority/dates),documentheaderapplicationauthoritydates,N A Did You Age Out of Foster Care in Tennessee or Any Other Sta,,Document header (application/authority/dates),,Ch16A_Foster_Care,n_a,pending_extraction_qa,guardrail_reference_only,current,,1900-01-01,,true,QA signoff required; high-risk legal domain; high_risk=juvenile-court procedure,Adopt with revision,Corpus administrator,Blocks production display until signed off,"Current law, source authority, or high-risk status cannot be confirmed",chunk_count=2; chunk_types=metadata:1|unknown:1; high_risk_domains=juvenile-court procedure
qa_signoff_required_version,High,dcs_policy,dcs_policies_procedures,577_FAQ_Engaging_Parents_and_Other_Involved_Adults_Frequently_Asked.pdf,1d86a6e6e3e1866f3db9f7f37e41c97561727619a355a577e9befd77fd217f55,Benchbook.ai Database Files/DCS P&P/TN_DCS_Policies/Ch31_Field_Services/577_FAQ_Engaging_Parents_and_Other_Involved_Adults_Frequently_Asked.pdf,,5f29a252-7fd0-5311-8a5a-af51e5c26fd4,a19aa02e-93d4-5c65-861c-e3bfc94360ce,Document header (application/authority/dates),documentheaderapplicationauthoritydates,FAQ Engaging Parents and Other Involved Adults Frequently Asked,,Document header (application/authority/dates),,Ch31_Field_Services,faq,pending_extraction_qa,guardrail_reference_only,current,,1900-01-01,,true,QA signoff required; high-risk legal domain; high_risk=juvenile-court procedure,Adopt with revision,Corpus administrator,Blocks production display until signed off,"Current law, source authority, or high-risk status cannot be confirmed",chunk_count=14; chunk_types=metadata:1|unknown:13; high_risk_domains=juvenile-court procedure
qa_signoff_required_version,High,statute,tca_title_36,36_3_303_36_5_120.pdf,9586bae9d4eb3f6038c70e28a5ee073367d26c34a9e30f254f32eb744c66d121,Benchbook.ai Database Files/Title 36/36_3_303_36_5_120.pdf,,369e2c7e-137a-5a8d-877e-20282339f0e7,a206cc16-7f57-5c1b-b856-25ece6bfab97,Tenn. Code Ann. Sec. 36-4-132,tenncodeann364132,"36-4-132. Appointment of guardian ad litem. [Effective until July 1, 2026. See the version effective on July 1, 2026.]",,36-4-132,,,3,pending_extraction_qa,general_answer_authority,current,"Effective until July 1, 2026. See the version effective on July 1, 2026.",1900-01-01,2026-07-01,true,current-law confidence issue; QA signoff required; warnings=effective_dated_version_unit,Adopt with revision,Corpus administrator,Blocks production display until signed off,"Current law, source authority, or high-risk status cannot be confirmed",chunk_count=4; chunk_types=annotation_candidate:1|black_letter_text:1|case_note_candidate:1|history:1; warning_counts=effective_dated_version_unit:4
qa_signoff_required_version,High,rule,tenn_rules_juvenile_practice_procedure,Tenn. R. Juv. P. Rules.pdf,896900cf9175f11a38df986da4af09e62632abd8aa865b24d35b3e5a8beee541,Benchbook.ai Database Files/Tenn. R. Juv. P. Rules.pdf,,df28800f-0658-5102-b8e9-eeef478d89f7,a25beb26-4894-5fd3-af25-484636df9d9c,Tenn. R. Juv. P. 113,tennrjuvp113,Rule 113. [Reserved],113,,,,,pending_extraction_qa,general_answer_authority,current,,1900-01-01,,true,QA signoff required; high-risk legal domain; high_risk=juvenile-court procedure,Adopt with revision,Corpus administrator,Blocks production display until signed off,"Current law, source authority, or high-risk status cannot be confirmed",chunk_count=1; chunk_types=black_letter_text:1; high_risk_domains=juvenile-court procedure
qa_signoff_required_version,High,dcs_policy,dcs_policies_procedures,177_14.1_Child_Abuse_Hotline.pdf,7aed20794b6f0ade65cf4588b4eccdfd4a1ead2183fce978d2e8005f8f1eb19e,Benchbook.ai Database Files/DCS P&P/TN_DCS_Policies/Ch14_CPS/177_14.1_Child_Abuse_Hotline.pdf,,a0de3788-5652-5caa-beb9-904f7cb5f829,a268e150-1177-57eb-9b9f-6e3cfe5cf633,DCS Policy 14.1,dcspolicy141,Child Abuse Hotline,,Document header (application/authority/dates),14.1,Ch14_CPS,policy,pending_extraction_qa,guardrail_reference_only,current,,1900-01-01,,true,QA signoff required; high-risk legal domain; high_risk=juvenile-court procedure,Adopt with revision,Corpus administrator,Blocks production display until signed off,"Current law, source authority, or high-risk status cannot be confirmed",chunk_count=10; chunk_types=metadata:1|policy_text:9; high_risk_domains=juvenile-court procedure
qa_signoff_required_version,High,rule,tenn_rules_juvenile_practice_procedure,Tenn. R. Juv. P. Rules.pdf,896900cf9175f11a38df986da4af09e62632abd8aa865b24d35b3e5a8beee541,Benchbook.ai Database Files/Tenn. R. Juv. P. Rules.pdf,,fd24fe15-53d3-5cc0-b37a-dab4b2d04053,a2b7a50e-9c06-560d-81ce-53d566d5896e,Tenn. R. Juv. P. 204,tennrjuvp204,Rule 204. Use of restraints on children in the courtroom.,204,,,,,pending_extraction_qa,general_answer_authority,current,,1900-01-01,,true,QA signoff required; high-risk legal domain; high_risk=juvenile-court procedure,Adopt with revision,Corpus administrator,Blocks production display until signed off,"Current law, source authority, or high-risk status cannot be confirmed",chunk_count=4; chunk_types=advisory_comment:1|annotation_candidate:1|black_letter_text:1|history:1; high_risk_domains=juvenile-court procedure
qa_signoff_required_version,High,statute,tca_title_36,36_5_121_36_5_2308.pdf,4a4ad35f21e2dd2c2023d13074bce9fd8ae80600d4caaa551c629027c01ac952,Benchbook.ai Database Files/Title 36/36_5_121_36_5_2308.pdf,,4bb320e9-9f02-5487-92ab-608212920f5e,a37544b9-7908-5df2-9659-f0d7981b6ab5,Tenn. Code Ann. Sec. 36-5-503,tenncodeann365503,36-5-503. Termination of income assignment.,,36-5-503,,,5,pending_extraction_qa,general_answer_authority,current,,1900-01-01,,true,QA signoff required; high-risk legal domain; high_risk=termination of parental rights,Adopt with revision,Corpus administrator,Blocks production display until signed off,"Current law, source authority, or high-risk status cannot be confirmed",chunk_count=5; chunk_types=annotation_candidate:1|black_letter_text:2|case_note_candidate:1|history:1; high_risk_domains=termination of parental rights
qa_signoff_required_version,High,statute,tca_title_37,37_1_101_37_1_201.pdf,423871eb310b5359f8fb18b9ddd970c37fdcfea65392db9e3fddae5531ca5d99,Benchbook.ai Database Files/Title 37/37_1_101_37_1_201.pdf,,8cebcaec-f212-5743-89e8-5eae50797058,a385a376-ab59-5b52-91d9-614e0e41e933,Tenn. Code Ann. Sec. 37-1-143,tenncodeann371143,37-1-143. Out-of-state custody and supervision.,,37-1-143,,,1,pending_extraction_qa,general_answer_authority,current,,1900-01-01,,true,QA signoff required; high-risk legal domain; high_risk=custody,Adopt with revision,Corpus administrator,Blocks production display until signed off,"Current law, source authority, or high-risk status cannot be confirmed",chunk_count=3; chunk_types=annotation_candidate:1|black_letter_text:1|history:1; high_risk_domains=custody
qa_signoff_required_version,High,dcs_policy,dcs_policies_procedures,343_Protocol_Protocol_for_the_Denial_Closure_Suspended_Admissions_or_On-H.pdf,5e22c8b1fff0f93cabefe779f85d5ae42a526a37d621a5f5335bb6c3171ad4a9,Benchbook.ai Database Files/DCS P&P/TN_DCS_Policies/Ch16B_Foster_Homes/343_Protocol_Protocol_for_the_Denial_Closure_Suspended_Admissions_or_On-H.pdf,,fcabe333-b9e8-5726-8bf3-afdd0a94afcc,a47f8a96-4710-5de8-ab86-e447cfe3446a,Document header (application/authority/dates),documentheaderapplicationauthoritydates,Protocol Protocol for the Denial Closure Suspended Admissions or On H,,Document header (application/authority/dates),,Ch16B_Foster_Homes,protocol,pending_extraction_qa,guardrail_reference_only,current,,1900-01-01,,true,QA signoff required; high-risk legal domain; high_risk=juvenile-court procedure,Adopt with revision,Corpus administrator,Blocks production display until signed off,"Current law, source authority, or high-risk status cannot be confirmed",chunk_count=4; chunk_types=metadata:1|protocol:3; warning_counts=unusually_large_chunk:1; high_risk_domains=juvenile-court procedure
qa_signoff_required_version,High,statute,tca_title_36,36_5_2309_36_6_203.pdf,2353abc408f0bcc640f4833f32d51ba2862b0c1e75a9aa2dde8ab576e5b23853,Benchbook.ai Database Files/Title 36/36_5_2309_36_6_203.pdf,,916f78e6-73b6-5583-942c-d1d3cb84303c,a4f65384-9e24-51fa-b9cb-937dd426ed17,Tenn. Code Ann. Sec. 36-6-101,tenncodeann366101,36-6-101. Decree for custody and support of child  -  Enforcement  -  Juvenile court jurisdiction  -  Presumption of parental fitness  -  Educational,,36-6-101,,,5,pending_extraction_qa,general_answer_authority,current,,1900-01-01,,true,QA signoff required; high-risk legal domain; warnings=unusually_large_chunk; high_risk=custody|juvenile-court procedure|termination of parental rights,Adopt with revision,Corpus administrator,Blocks production display until signed off,"Current law, source authority, or high-risk status cannot be confirmed",chunk_count=38; chunk_types=annotation_candidate:4|black_letter_text:1|case_note_candidate:32|history:1; warning_counts=unusually_large_chunk:1; high_risk_domains=custody|juvenile-court procedure|termination of parental rights
qa_signoff_required_version,High,statute,tca_title_37,37_3_406_37_5_207.pdf,f5988b3eb095354fc6f06654c4c4612f78f6bb3e04958bec4ce0bc16234b83ad,Benchbook.ai Database Files/Title 37/37_3_406_37_5_207.pdf,,4c912389-3d2e-5aae-beb0-ece3a01c431d,a581298e-3fd6-5803-b5fa-e655d8fbb77a,Tenn. Code Ann. Sec. 37-5-122,tenncodeann375122,37-5-122. Post-adoption services and searches  -  Fees and charges.,,37-5-122,,,3,pending_extraction_qa,general_answer_authority,current,,1900-01-01,,true,QA signoff required; high-risk legal domain; high_risk=adoption,Adopt with revision,Corpus administrator,Blocks production display until signed off,"Current law, source authority, or high-risk status cannot be confirmed",chunk_count=2; chunk_types=black_letter_text:1|history:1; high_risk_domains=adoption
qa_signoff_required_version,High,rule,tenn_rules_juvenile_practice_procedure,Tenn. R. Juv. P. Rules.pdf,896900cf9175f11a38df986da4af09e62632abd8aa865b24d35b3e5a8beee541,Benchbook.ai Database Files/Tenn. R. Juv. P. Rules.pdf,,f920a11f-0b5d-59fd-8568-1216dfd9e16f,a5ad05ba-e6a9-5391-bab1-11b7b8244932,Tenn. R. Juv. P. 303,tennrjuvp303,Rule 303. Notification and waiver of rights.,303,,,,,pending_extraction_qa,general_answer_authority,current,,1900-01-01,,true,QA signoff required; high-risk legal domain; high_risk=juvenile-court procedure,Adopt with revision,Corpus administrator,Blocks production display until signed off,"Current law, source authority, or high-risk status cannot be confirmed",chunk_count=6; chunk_types=advisory_comment:1|annotation_candidate:1|black_letter_text:1|case_note_candidate:2|history:1; high_risk_domains=juvenile-court procedure
qa_signoff_required_version,High,dcs_policy,dcs_policies_procedures,213_Protocol_Provider_Quality_Protocol.pdf,8aeec239341735697bd01b2c58967948106e2a03899e28fadb41f182b699c01d,Benchbook.ai Database Files/DCS P&P/TN_DCS_Policies/Ch14_CPS/213_Protocol_Provider_Quality_Protocol.pdf,,ab56d02f-2605-5abb-892d-0d09586f4c41,a5f872bb-aed2-565f-8567-6e874dd7ba84,Document header (application/authority/dates),documentheaderapplicationauthoritydates,Protocol Provider Quality Protocol,,Document header (application/authority/dates),,Ch14_CPS,protocol,pending_extraction_qa,guardrail_reference_only,current,,1900-01-01,,true,QA signoff required; high-risk legal domain; high_risk=juvenile-court procedure,Adopt with revision,Corpus administrator,Blocks production display until signed off,"Current law, source authority, or high-risk status cannot be confirmed",chunk_count=2; chunk_types=metadata:1|protocol:1; high_risk_domains=juvenile-court procedure
qa_signoff_required_version,High,statute,tca_title_36,36_5_2309_36_6_203.pdf,2353abc408f0bcc640f4833f32d51ba2862b0c1e75a9aa2dde8ab576e5b23853,Benchbook.ai Database Files/Title 36/36_5_2309_36_6_203.pdf,,613aed8d-1694-582e-8fba-66f6c207db2d,a64ba78d-4b57-56e5-926b-08afb98d0bd1,Tenn. Code Ann. Sec. 36-5-3003,tenncodeann3653003,36-5-3003. Transfer of support or custody cases.,,36-5-3003,,,5,pending_extraction_qa,general_answer_authority,current,,1900-01-01,,true,QA signoff required; high-risk legal domain; high_risk=custody,Adopt with revision,Corpus administrator,Blocks production display until signed off,"Current law, source authority, or high-risk status cannot be confirmed",chunk_count=3; chunk_types=annotation_candidate:1|black_letter_text:1|history:1; high_risk_domains=custody
qa_signoff_required_version,High,dcs_policy,dcs_policies_procedures,276_Work_Aid_Work_Aid_Juvenile_Justice_Family_Permanency_Plan_Quarterly_R.pdf,3837be9148188f3a6ea556aafba96c54dc1753018e437417c7c1e8dd7ff71c05,Benchbook.ai Database Files/DCS P&P/TN_DCS_Policies/Ch16A_Foster_Care/276_Work_Aid_Work_Aid_Juvenile_Justice_Family_Permanency_Plan_Quarterly_R.pdf,,f65b7167-7ded-5334-8e3e-4b557b3e2a4c,a680caec-e3c8-5fd3-ba14-e665f2ab3542,Document header (application/authority/dates),documentheaderapplicationauthoritydates,Work Aid Work Aid Juvenile Justice Family Permanency Plan Quarterly R,,Document header (application/authority/dates),,Ch16A_Foster_Care,work_aid,pending_extraction_qa,guardrail_reference_only,current,,1900-01-01,,true,QA signoff required; high-risk legal domain; high_risk=juvenile-court procedure,Adopt with revision,Corpus administrator,Blocks production display until signed off,"Current law, source authority, or high-risk status cannot be confirmed",chunk_count=2; chunk_types=metadata:1|work_aid:1; high_risk_domains=juvenile-court procedure
qa_signoff_required_version,High,dcs_policy,dcs_policies_procedures,622_Protocol_Protocol_for_Administration_of_an_Opioid_Antagonist_for_Yout.pdf,b1b98ae8da0958ea0b8de39a0148ea369edeb1f349c987211f2cb9e65926a8dc,Benchbook.ai Database Files/DCS P&P/TN_DCS_Policies/Ch31_Field_Services/622_Protocol_Protocol_for_Administration_of_an_Opioid_Antagonist_for_Yout.pdf,,7f22d4b7-56e5-58bc-a353-70be233ad776,a6f5c986-0ea0-570e-b766-48bb7e4ce172,Document header (application/authority/dates),documentheaderapplicationauthoritydates,Protocol Protocol for Administration of an Opioid Antagonist for Yout,,Document header (application/authority/dates),,Ch31_Field_Services,protocol,pending_extraction_qa,guardrail_reference_only,current,,1900-01-01,,true,QA signoff required; high-risk legal domain; high_risk=juvenile-court procedure,Adopt with revision,Corpus administrator,Blocks production display until signed off,"Current law, source authority, or high-risk status cannot be confirmed",chunk_count=2; chunk_types=metadata:1|protocol:1; high_risk_domains=juvenile-court procedure
qa_signoff_required_version,High,statute,tca_title_36,36_6_204_36_7_203.pdf,b3eb20c2869ce0b1df79f8f8113ebd6f96eb14a6621569c447c3f6f073f38e9b,Benchbook.ai Database Files/Title 36/36_6_204_36_7_203.pdf,,b1a72ce9-eb30-563a-aa88-450e38d6bcac,a8389945-a32d-5054-a254-a0894bf0df94,Tenn. Code Ann. Sec. 36-6-302,tenncodeann366302,36-6-302. Grandparents' visitation rights upon child's removal or placement in home or facility.,,36-6-302,,,6,pending_extraction_qa,general_answer_authority,current,,1900-01-01,,true,QA signoff required; high-risk legal domain; high_risk=removal,Adopt with revision,Corpus administrator,Blocks production display until signed off,"Current law, source authority, or high-risk status cannot be confirmed",chunk_count=7; chunk_types=annotation_candidate:3|black_letter_text:1|case_note_candidate:2|history:1; high_risk_domains=removal
qa_signoff_required_version,High,statute,tca_title_36,36_7_204_36_8_104.pdf,48b043f0038b786c6484b6bfa2f6c00f194f620ce2e7dca863080830d67879e4,Benchbook.ai Database Files/Title 36/36_7_204_36_8_104.pdf,,e5816750-fc4a-5e0f-8b67-1890a2e77f59,a9c6bc5a-b4a1-5fb1-860a-53681f7d47e8,Tenn. Code Ann. Sec. 36-7-302,tenncodeann367302,36-7-302. Proceeding for temporary custody order.,,36-7-302,,,7,pending_extraction_qa,general_answer_authority,current,,1900-01-01,,true,QA signoff required; high-risk legal domain; high_risk=custody,Adopt with revision,Corpus administrator,Blocks production display until signed off,"Current law, source authority, or high-risk status cannot be confirmed",chunk_count=2; chunk_types=black_letter_text:1|history:1; high_risk_domains=custody
qa_signoff_required_version,High,dcs_policy,dcs_policies_procedures,219_14.16_Due_Process_Procedures_and_the_Release_of_Information_for_Al.pdf,4791ccf37f525e03b3b813b825dd01ebd081fad606eef0fa382d530a0b408ae0,Benchbook.ai Database Files/DCS P&P/TN_DCS_Policies/Ch14_CPS/219_14.16_Due_Process_Procedures_and_the_Release_of_Information_for_Al.pdf,,9427f1dc-d4fc-5b03-a5bf-aeb10328007f,aa7185c5-3375-5d7b-a527-0a1cc49c24f8,DCS Policy 14.16,dcspolicy1416,Due Process Procedures and the Release of Information for Alleged,,Document header (application/authority/dates),14.16,Ch14_CPS,policy,pending_extraction_qa,guardrail_reference_only,current,,1900-01-01,,true,QA signoff required; high-risk legal domain; high_risk=juvenile-court procedure|termination of parental rights,Adopt with revision,Corpus administrator,Blocks production display until signed off,"Current law, source authority, or high-risk status cannot be confirmed",chunk_count=17; chunk_types=metadata:1|policy_text:16; high_risk_domains=juvenile-court procedure|termination of parental rights
qa_signoff_required_version,High,dcs_policy,dcs_policies_procedures,608_Guide_Diligent_Search_Guide.pdf,ca985055cfafdfedb7f9012409c2578ea6dfdb4c729d2669dafbd44fbc6e6367,Benchbook.ai Database Files/DCS P&P/TN_DCS_Policies/Ch31_Field_Services/608_Guide_Diligent_Search_Guide.pdf,,50a893f7-9162-504b-b5ae-3825266e55fc,aaef65e9-8e6a-5e37-954d-a29388d2661e,Document header (application/authority/dates),documentheaderapplicationauthoritydates,Guide Diligent Search Guide,,Document header (application/authority/dates),,Ch31_Field_Services,guide,pending_extraction_qa,guardrail_reference_only,current,,1900-01-01,,true,QA signoff required; high-risk legal domain; high_risk=juvenile-court procedure,Adopt with revision,Corpus administrator,Blocks production display until signed off,"Current law, source authority, or high-risk status cannot be confirmed",chunk_count=15; chunk_types=guide:14|metadata:1; high_risk_domains=juvenile-court procedure
qa_signoff_required_version,High,statute,tca_title_37,37_1_101_37_1_201.pdf,423871eb310b5359f8fb18b9ddd970c37fdcfea65392db9e3fddae5531ca5d99,Benchbook.ai Database Files/Title 37/37_1_101_37_1_201.pdf,,9b4923e1-c500-560b-983b-392da32eede4,ab9e55b7-aa63-523d-a56a-035d6092fa9a,Tenn. Code Ann. Sec. 37-1-180,tenncodeann371180,37-1-180. Rights of child in hearing to review custody.,,37-1-180,,,1,pending_extraction_qa,general_answer_authority,current,,1900-01-01,,true,QA signoff required; high-risk legal domain; high_risk=custody,Adopt with revision,Corpus administrator,Blocks production display until signed off,"Current law, source authority, or high-risk status cannot be confirmed",chunk_count=2; chunk_types=black_letter_text:1|history:1; high_risk_domains=custody
qa_signoff_required_version,High,dcs_policy,dcs_policies_procedures,297_Protocol_Protocol_for_Supportive_Living_Arrangements.pdf,06efb916330e51e065466a7d50886ceb25daf88d954384660f6f0cb34f79a193,Benchbook.ai Database Files/DCS P&P/TN_DCS_Policies/Ch16A_Foster_Care/297_Protocol_Protocol_for_Supportive_Living_Arrangements.pdf,,8b12a27e-c406-5cbc-8275-1ffc08de932f,ac410c80-0577-5636-92a4-901dbe309f3b,Document header (application/authority/dates),documentheaderapplicationauthoritydates,Protocol Protocol for Supportive Living Arrangements,,Document header (application/authority/dates),,Ch16A_Foster_Care,protocol,pending_extraction_qa,guardrail_reference_only,current,,1900-01-01,,true,QA signoff required; high-risk legal domain; high_risk=juvenile-court procedure,Adopt with revision,Corpus administrator,Blocks production display until signed off,"Current law, source authority, or high-risk status cannot be confirmed",chunk_count=2; chunk_types=metadata:1|protocol:1; high_risk_domains=juvenile-court procedure
qa_signoff_required_version,High,rule,tenn_rules_juvenile_practice_procedure,Tenn. R. Juv. P. Rules.pdf,896900cf9175f11a38df986da4af09e62632abd8aa865b24d35b3e5a8beee541,Benchbook.ai Database Files/Tenn. R. Juv. P. Rules.pdf,,4aae3964-f423-5118-b6b5-ca3ea36f0a2f,acafb95c-82ec-5bc0-9d2c-39585b2a8d16,Tenn. R. Juv. P. 304,tennrjuvp304,Rule 304. Intervention.,304,,,,,pending_extraction_qa,general_answer_authority,current,,1900-01-01,,true,QA signoff required; high-risk legal domain; high_risk=juvenile-court procedure,Adopt with revision,Corpus administrator,Blocks production display until signed off,"Current law, source authority, or high-risk status cannot be confirmed",chunk_count=4; chunk_types=advisory_comment:1|annotation_candidate:1|black_letter_text:1|history:1; high_risk_domains=juvenile-court procedure
qa_signoff_required_version,High,dcs_policy,dcs_policies_procedures,205_Work_Aid_Controlled_Substance_and_Medication_Work_Aid.pdf,6883c9edd9f6e6d87b6ca874ba87705d23df03066ae7bbd6c10287c76201e283,Benchbook.ai Database Files/DCS P&P/TN_DCS_Policies/Ch14_CPS/205_Work_Aid_Controlled_Substance_and_Medication_Work_Aid.pdf,,2e1bbe5f-6a80-5c1f-a175-64881e9e3134,ae0c5151-ca0b-5467-bbb4-97970b83b6a6,Document header (application/authority/dates),documentheaderapplicationauthoritydates,Work Aid Controlled Substance and Medication Work Aid,,Document header (application/authority/dates),,Ch14_CPS,work_aid,pending_extraction_qa,guardrail_reference_only,current,,1900-01-01,,true,QA signoff required; high-risk legal domain; high_risk=juvenile-court procedure,Adopt with revision,Corpus administrator,Blocks production display until signed off,"Current law, source authority, or high-risk status cannot be confirmed",chunk_count=5; chunk_types=metadata:1|work_aid:4; high_risk_domains=juvenile-court procedure
qa_signoff_required_version,High,statute,tca_title_36,36_5_2309_36_6_203.pdf,2353abc408f0bcc640f4833f32d51ba2862b0c1e75a9aa2dde8ab576e5b23853,Benchbook.ai Database Files/Title 36/36_5_2309_36_6_203.pdf,,57f3cef3-6216-5c37-847b-cf8279a9cce0,aea0f37d-7e7e-5979-bda5-b54f28d5f245,Tenn. Code Ann. Sec. 36-6-115,tenncodeann366115,36-6-115. Requirements to be met by parent for return of child removed from custody due to parent's drug abuse.,,36-6-115,,,5,pending_extraction_qa,general_answer_authority,current,,1900-01-01,,true,QA signoff required; high-risk legal domain; high_risk=custody,Adopt with revision,Corpus administrator,Blocks production display until signed off,"Current law, source authority, or high-risk status cannot be confirmed",chunk_count=2; chunk_types=black_letter_text:1|history:1; high_risk_domains=custody
qa_signoff_required_version,High,statute,tca_title_37,37_1_101_37_1_201.pdf,423871eb310b5359f8fb18b9ddd970c37fdcfea65392db9e3fddae5531ca5d99,Benchbook.ai Database Files/Title 37/37_1_101_37_1_201.pdf,,51148333-99db-537e-ad83-b4af6127b52c,aef8a20a-fc0b-59f7-8b2f-d627d1030b27,Tenn. Code Ann. Sec. 37-1-166,tenncodeann371166,37-1-166. Orders committing or retaining a child within the custody of the department of children's services  -  Required determinations.,,37-1-166,,,1,pending_extraction_qa,general_answer_authority,current,,1900-01-01,,true,QA signoff required; high-risk legal domain; high_risk=custody|termination of parental rights,Adopt with revision,Corpus administrator,Blocks production display until signed off,"Current law, source authority, or high-risk status cannot be confirmed",chunk_count=4; chunk_types=black_letter_text:1|case_note_candidate:2|history:1; high_risk_domains=custody|termination of parental rights
qa_signoff_required_version,High,dcs_policy,dcs_policies_procedures,194_Protocol_Protocol_for_Child_Protective_Services_Surge_Events.pdf,8592a3b021cb0bef9f4e4b13de62ee3bf5cd47dc355b676e9935026c8debb79e,Benchbook.ai Database Files/DCS P&P/TN_DCS_Policies/Ch14_CPS/194_Protocol_Protocol_for_Child_Protective_Services_Surge_Events.pdf,,efdd6bfd-d37a-541c-9b0e-8a6abb9bf75d,af590484-4162-5d9b-b489-c466b4cfc6ef,Document header (application/authority/dates),documentheaderapplicationauthoritydates,Protocol Protocol for Child Protective Services Surge Events,,Document header (application/authority/dates),,Ch14_CPS,protocol,pending_extraction_qa,guardrail_reference_only,current,,1900-01-01,,true,QA signoff required; high-risk legal domain; high_risk=juvenile-court procedure,Adopt with revision,Corpus administrator,Blocks production display until signed off,"Current law, source authority, or high-risk status cannot be confirmed",chunk_count=8; chunk_types=metadata:1|protocol:7; high_risk_domains=juvenile-court procedure
qa_signoff_required_version,High,statute,tca_title_36,36_1_101_36_3_302.pdf,a6b1c6cff6bb307f3a639c10092c82a25e738e587f1b374a6317441324525720,Benchbook.ai Database Files/Title 36/36_1_101_36_3_302.pdf,,8a4cd20e-0f8d-58da-97e9-17673f0754a6,af5fb0c3-8c0d-5783-a625-daf379ca1af7,Tenn. Code Ann. Sec. 36-1-119,tenncodeann361119,36-1-119. Final order of adoption  -  When entered.,,36-1-119,,,1,pending_extraction_qa,general_answer_authority,current,,1900-01-01,,true,QA signoff required; high-risk legal domain; high_risk=adoption,Adopt with revision,Corpus administrator,Blocks production display until signed off,"Current law, source authority, or high-risk status cannot be confirmed",chunk_count=6; chunk_types=annotation_candidate:2|black_letter_text:1|case_note_candidate:2|history:1; high_risk_domains=adoption
qa_signoff_required_version,High,statute,tca_title_36,36_5_2309_36_6_203.pdf,2353abc408f0bcc640f4833f32d51ba2862b0c1e75a9aa2dde8ab576e5b23853,Benchbook.ai Database Files/Title 36/36_5_2309_36_6_203.pdf,,ad606ed9-8edc-5708-be7d-904b5bcc7e06,afef7152-e7cb-5c86-b768-d9f24744b2c8,Tenn. Code Ann. Sec. 36-5-2609,tenncodeann3652609,36-5-2609. Procedure to register child support order of another state for modification.,,36-5-2609,,,5,pending_extraction_qa,general_answer_authority,current,,1900-01-01,,true,QA signoff required; high-risk legal domain; high_risk=juvenile-court procedure,Adopt with revision,Corpus administrator,Blocks production display until signed off,"Current law, source authority, or high-risk status cannot be confirmed",chunk_count=4; chunk_types=advisory_comment:1|annotation_candidate:1|black_letter_text:1|history:1; high_risk_domains=juvenile-court procedure
qa_signoff_required_version,High,statute,tca_title_36,36_1_101_36_3_302.pdf,a6b1c6cff6bb307f3a639c10092c82a25e738e587f1b374a6317441324525720,Benchbook.ai Database Files/Title 36/36_1_101_36_3_302.pdf,,aa67e301-5c38-5748-b295-0ee1e6260226,b0d58cc5-ad35-560b-ac9a-2b259356dcab,Tenn. Code Ann. Sec. 36-1-124,tenncodeann361124,36-1-124. Contested terminations of parental rights and adoptions  -  Appeals  -  Expedited schedule.,,36-1-124,,,1,pending_extraction_qa,general_answer_authority,current,,1900-01-01,,true,QA signoff required; high-risk legal domain; high_risk=adoption|termination of parental rights,Adopt with revision,Corpus administrator,Blocks production display until signed off,"Current law, source authority, or high-risk status cannot be confirmed",chunk_count=5; chunk_types=annotation_candidate:1|black_letter_text:1|case_note_candidate:2|history:1; high_risk_domains=adoption|termination of parental rights
qa_signoff_required_version,High,dcs_policy,dcs_policies_procedures,193_14.6_Child_Protective_Services_Case_Tasks_and_Responsibilities.pdf,ae8a2b66931d1e99a9dfa225447f13149da0671637929e5c5446ccd193a3bf7f,Benchbook.ai Database Files/DCS P&P/TN_DCS_Policies/Ch14_CPS/193_14.6_Child_Protective_Services_Case_Tasks_and_Responsibilities.pdf,,7569aa50-c3c2-5b2f-bb42-289f0302ef42,b2bc6beb-7127-5c03-8c0a-4f3ef86c11bf,DCS Policy 14.6,dcspolicy146,Child Protective Services Case Tasks and Responsibilities,,Document header (application/authority/dates),14.6,Ch14_CPS,policy,pending_extraction_qa,guardrail_reference_only,current,,1900-01-01,,true,QA signoff required; high-risk legal domain; high_risk=juvenile-court procedure,Adopt with revision,Corpus administrator,Blocks production display until signed off,"Current law, source authority, or high-risk status cannot be confirmed",chunk_count=6; chunk_types=metadata:1|policy_text:5; high_risk_domains=juvenile-court procedure
qa_signoff_required_version,High,statute,tca_title_36,36_5_2309_36_6_203.pdf,2353abc408f0bcc640f4833f32d51ba2862b0c1e75a9aa2dde8ab576e5b23853,Benchbook.ai Database Files/Title 36/36_5_2309_36_6_203.pdf,,743da982-cfc0-514e-aab5-bfdcc9c08247,b31ca45e-6b7e-59de-b42f-bb07cca74f16,Tenn. Code Ann. Sec. 36-6-102,tenncodeann366102,"36-6-102. Custody, visitation and inheritance rights denied to person convicted of rape, or is convicted of or pleads guilty or no contest to a",,36-6-102,,,5,pending_extraction_qa,general_answer_authority,current,,1900-01-01,,true,QA signoff required; high-risk legal domain; high_risk=custody,Adopt with revision,Corpus administrator,Blocks production display until signed off,"Current law, source authority, or high-risk status cannot be confirmed",chunk_count=3; chunk_types=annotation_candidate:1|black_letter_text:1|history:1; high_risk_domains=custody
qa_signoff_required_version,High,rule,tenn_rules_juvenile_practice_procedure,Tenn. R. Juv. P. Rules.pdf,896900cf9175f11a38df986da4af09e62632abd8aa865b24d35b3e5a8beee541,Benchbook.ai Database Files/Tenn. R. Juv. P. Rules.pdf,,104b6669-b3be-5c2d-aac1-56ffea6a6029,b379e9ed-8c96-5a15-bcad-a6cb1252f0e6,Tenn. R. Juv. P. 107,tennrjuvp107,Rule 107. Subpoenas.,107,,,,,pending_extraction_qa,general_answer_authority,current,,1900-01-01,,true,QA signoff required; high-risk legal domain; high_risk=juvenile-court procedure,Adopt with revision,Corpus administrator,Blocks production display until signed off,"Current law, source authority, or high-risk status cannot be confirmed",chunk_count=5; chunk_types=advisory_comment:1|annotation_candidate:1|black_letter_text:1|case_note_candidate:1|history:1; high_risk_domains=juvenile-court procedure
qa_signoff_required_version,High,dcs_policy,dcs_policies_procedures,235_Protocol_Protocol_for_Child_Death_and_Near-Death_Response_Team.pdf,fc4e07f1f9d59573a6ca11644ed02d4fc2d2a2d57d1717a00a8b574f2a997354,Benchbook.ai Database Files/DCS P&P/TN_DCS_Policies/Ch14_CPS/235_Protocol_Protocol_for_Child_Death_and_Near-Death_Response_Team.pdf,,bcb87c72-9f7b-5fb8-9b28-6bb68eb17fb0,b3e82fba-9542-5ac0-b9da-9593e281d403,Document header (application/authority/dates),documentheaderapplicationauthoritydates,Protocol Protocol for Child Death and Near Death Response Team,,Document header (application/authority/dates),,Ch14_CPS,protocol,pending_extraction_qa,guardrail_reference_only,current,,1900-01-01,,true,QA signoff required; high-risk legal domain; high_risk=juvenile-court procedure,Adopt with revision,Corpus administrator,Blocks production display until signed off,"Current law, source authority, or high-risk status cannot be confirmed",chunk_count=5; chunk_types=metadata:1|protocol:4; high_risk_domains=juvenile-court procedure
qa_signoff_required_version,High,statute,tca_title_37,37_1_101_37_1_201.pdf,423871eb310b5359f8fb18b9ddd970c37fdcfea65392db9e3fddae5531ca5d99,Benchbook.ai Database Files/Title 37/37_1_101_37_1_201.pdf,,181e7384-c36d-51c1-b139-c225bcfa22b1,b471fc5a-3378-5269-8225-077043d9507a,Tenn. Code Ann. Sec. 37-1-183,tenncodeann371183,37-1-183. Dependent and neglected child to remain in related caregiver's custody if in best interest of child.,,37-1-183,,,1,pending_extraction_qa,general_answer_authority,current,,1900-01-01,,true,QA signoff required; high-risk legal domain; high_risk=custody|dependency and neglect,Adopt with revision,Corpus administrator,Blocks production display until signed off,"Current law, source authority, or high-risk status cannot be confirmed",chunk_count=3; chunk_types=annotation_candidate:1|black_letter_text:1|history:1; high_risk_domains=custody|dependency and neglect
qa_signoff_required_version,High,statute,tca_title_37,37_2_203_37_3_405.pdf,4505a32368dd82bcc6408f4fe16b2513cc23b2c810ae9254e0e21bc9d17153f5,Benchbook.ai Database Files/Title 37/37_2_203_37_3_405.pdf,,6ac84301-a220-5bc7-8aab-b76be6443af0,b536bf3b-1095-59e4-8b82-59b251946e4f,Tenn. Code Ann. Sec. 37-2-421,tenncodeann372421,37-2-421. Grant of limited tort exposure to nongovernmental independent contractors providing foster care continuum services.,,37-2-421,,,2,pending_extraction_qa,general_answer_authority,current,,1900-01-01,,true,QA signoff required; high-risk legal domain; high_risk=dependency and neglect,Adopt with revision,Corpus administrator,Blocks production display until signed off,"Current law, source authority, or high-risk status cannot be confirmed",chunk_count=3; chunk_types=annotation_candidate:1|black_letter_text:1|history:1; high_risk_domains=dependency and neglect
qa_signoff_required_version,High,dcs_policy,dcs_policies_procedures,585_Guide_Multi-Agency_Collaboration_Single_Team_Single_Plan.pdf,cc5b391f0d11016e0777a25f95fc64cfbf3309c55bee3430c21970a86da3c79f,Benchbook.ai Database Files/DCS P&P/TN_DCS_Policies/Ch31_Field_Services/585_Guide_Multi-Agency_Collaboration_Single_Team_Single_Plan.pdf,,f1b2d7f0-6566-5685-be80-ff4edafb10b7,b79c5497-496b-52bc-8ffa-78391257538d,Document header (application/authority/dates),documentheaderapplicationauthoritydates,Guide Multi Agency Collaboration Single Team Single Plan,,Document header (application/authority/dates),,Ch31_Field_Services,guide,pending_extraction_qa,guardrail_reference_only,current,,1900-01-01,,true,QA signoff required; high-risk legal domain; high_risk=juvenile-court procedure,Adopt with revision,Corpus administrator,Blocks production display until signed off,"Current law, source authority, or high-risk status cannot be confirmed",chunk_count=10; chunk_types=guide:9|metadata:1; high_risk_domains=juvenile-court procedure
qa_signoff_required_version,High,statute,tca_title_36,36_5_2309_36_6_203.pdf,2353abc408f0bcc640f4833f32d51ba2862b0c1e75a9aa2dde8ab576e5b23853,Benchbook.ai Database Files/Title 36/36_5_2309_36_6_203.pdf,,980aabdf-ab08-571c-88d9-6c16c52bfe01,b7b9fbe0-c1b5-527f-90ab-f22affe23ffe,Tenn. Code Ann. Sec. 36-5-2316,tenncodeann3652316,36-5-2316. Special rules of evidence and procedure.,,36-5-2316,,,5,pending_extraction_qa,general_answer_authority,current,,1900-01-01,,true,QA signoff required; high-risk legal domain; high_risk=juvenile-court procedure,Adopt with revision,Corpus administrator,Blocks production display until signed off,"Current law, source authority, or high-risk status cannot be confirmed",chunk_count=4; chunk_types=advisory_comment:1|annotation_candidate:1|black_letter_text:1|history:1; high_risk_domains=juvenile-court procedure
qa_signoff_required_version,High,statute,tca_title_36,36_1_101_36_3_302.pdf,a6b1c6cff6bb307f3a639c10092c82a25e738e587f1b374a6317441324525720,Benchbook.ai Database Files/Title 36/36_1_101_36_3_302.pdf,,14c4d803-4f67-5e4a-ae7c-5f986d572ee2,b7fbc103-cbdc-5a1f-880d-df62ed853d78,Tenn. Code Ann. Sec. 36-2-312,tenncodeann362312,36-2-312. Custody and visitation issues.,,36-2-312,,,1,pending_extraction_qa,general_answer_authority,current,,1900-01-01,,true,QA signoff required; high-risk legal domain; high_risk=custody,Adopt with revision,Corpus administrator,Blocks production display until signed off,"Current law, source authority, or high-risk status cannot be confirmed",chunk_count=3; chunk_types=annotation_candidate:1|black_letter_text:1|history:1; high_risk_domains=custody
qa_signoff_required_version,High,statute,tca_title_37,37_1_202_37_2_202.pdf,9cd08fcaae4176f55dd74ead07e414a9d249a0777f0f7249175756d29833d45c,Benchbook.ai Database Files/Title 37/37_1_202_37_2_202.pdf,,d0ce8489-c981-5104-bf55-eb0a00c6abe9,b88b5928-28f9-563a-acd7-8d23966dc931,Tenn. Code Ann. Sec. 37-1-607,tenncodeann371607,"37-1-607. Child protective teams  -  Investigations  -  Services. [Effective until July 1, 2026. See the version effective on July 1, 2026.]",,37-1-607,,,1,pending_extraction_qa,general_answer_authority,current,"Effective until July 1, 2026. See the version effective on July 1, 2026.",1900-01-01,2026-07-01,true,current-law confidence issue; QA signoff required; warnings=effective_dated_version_unit,Adopt with revision,Corpus administrator,Blocks production display until signed off,"Current law, source authority, or high-risk status cannot be confirmed",chunk_count=5; chunk_types=annotation_candidate:3|black_letter_text:1|history:1; warning_counts=effective_dated_version_unit:5
qa_signoff_required_version,High,statute,tca_title_36,36_1_101_36_3_302.pdf,a6b1c6cff6bb307f3a639c10092c82a25e738e587f1b374a6317441324525720,Benchbook.ai Database Files/Title 36/36_1_101_36_3_302.pdf,,9f5dbafb-18e7-518c-9265-ff6fa2e876cf,b8f7ec06-094f-5bc1-b336-a30194b112f5,Tenn. Code Ann. Sec. 36-2-303,tenncodeann362303,36-2-303. Custody with mother absent an order of custody.,,36-2-303,,,1,pending_extraction_qa,general_answer_authority,current,,1900-01-01,,true,QA signoff required; high-risk legal domain; high_risk=custody,Adopt with revision,Corpus administrator,Blocks production display until signed off,"Current law, source authority, or high-risk status cannot be confirmed",chunk_count=2; chunk_types=black_letter_text:1|history:1; high_risk_domains=custody
qa_signoff_required_version,High,statute,tca_title_37,37_1_101_37_1_201.pdf,423871eb310b5359f8fb18b9ddd970c37fdcfea65392db9e3fddae5531ca5d99,Benchbook.ai Database Files/Title 37/37_1_101_37_1_201.pdf,,b5ae80eb-d4ff-57a1-baa4-b7c0073171ae,b9272024-408e-5d83-8534-7f671acae9fa,Tenn. Code Ann. Sec. 37-1-187,tenncodeann371187,"37-1-187. Quality statewide data collection. [Effective until January 1, 2027. See the version effective on January 1, 2027.]",,37-1-187,,,1,pending_extraction_qa,general_answer_authority,current,"Effective until January 1, 2027. See the version effective on January 1, 2027.",1900-01-01,2027-01-01,true,current-law confidence issue; QA signoff required; warnings=effective_dated_version_unit,Adopt with revision,Corpus administrator,Blocks production display until signed off,"Current law, source authority, or high-risk status cannot be confirmed",chunk_count=3; chunk_types=annotation_candidate:1|black_letter_text:1|history:1; warning_counts=effective_dated_version_unit:3
qa_signoff_required_version,High,dcs_policy,dcs_policies_procedures,337_Protocol_Protocol_for_Respite_Care_and_Other_Events.pdf,b157301a3b6809d745e4d64fe3c71e80d64bdf27bb52cc02130e6a7698f00bb6,Benchbook.ai Database Files/DCS P&P/TN_DCS_Policies/Ch16B_Foster_Homes/337_Protocol_Protocol_for_Respite_Care_and_Other_Events.pdf,,b706eac7-33b5-5ad3-9fc4-9150ef8b9137,b98a21f7-5fad-5ca8-a32a-985db5dbb747,Document header (application/authority/dates),documentheaderapplicationauthoritydates,Protocol Protocol for Respite Care and Other Events,,Document header (application/authority/dates),,Ch16B_Foster_Homes,protocol,pending_extraction_qa,guardrail_reference_only,current,,1900-01-01,,true,QA signoff required; high-risk legal domain; high_risk=juvenile-court procedure,Adopt with revision,Corpus administrator,Blocks production display until signed off,"Current law, source authority, or high-risk status cannot be confirmed",chunk_count=6; chunk_types=metadata:1|protocol:5; high_risk_domains=juvenile-court procedure
qa_signoff_required_version,High,rule,tenn_rules_juvenile_practice_procedure,Tenn. R. Juv. P. Rules.pdf,896900cf9175f11a38df986da4af09e62632abd8aa865b24d35b3e5a8beee541,Benchbook.ai Database Files/Tenn. R. Juv. P. Rules.pdf,,e71d0975-bdec-5f81-a499-94e76030f048,ba725b76-94fd-50e9-a431-16413b6b3755,Tenn. R. Juv. P. 208,tennrjuvp208,Rule 208. Transfer to criminal court.,208,,,,,pending_extraction_qa,general_answer_authority,current,,1900-01-01,,true,QA signoff required; high-risk legal domain; high_risk=juvenile-court procedure,Adopt with revision,Corpus administrator,Blocks production display until signed off,"Current law, source authority, or high-risk status cannot be confirmed",chunk_count=4; chunk_types=advisory_comment:1|annotation_candidate:1|black_letter_text:1|history:1; high_risk_domains=juvenile-court procedure
qa_signoff_required_version,High,statute,tca_title_36,36_3_303_36_5_120.pdf,9586bae9d4eb3f6038c70e28a5ee073367d26c34a9e30f254f32eb744c66d121,Benchbook.ai Database Files/Title 36/36_3_303_36_5_120.pdf,,369e2c7e-137a-5a8d-877e-20282339f0e7,bad69acf-5648-5b70-a6e7-a091c6761572,Tenn. Code Ann. Sec. 36-4-132,tenncodeann364132,"36-4-132. Appointment of guardian ad litem. [Effective on July 1, 2026. See the version effective until July 1, 2026.]",,36-4-132,,,3,pending_extraction_qa,general_answer_authority,future_effective,"Effective on July 1, 2026. See the version effective until July 1, 2026.",2026-07-01,,true,future-effective issue; QA signoff required; warnings=effective_dated_version_unit,Adopt with revision,Corpus administrator,Blocks production display until signed off,"Current law, source authority, or high-risk status cannot be confirmed",chunk_count=5; chunk_types=annotation_candidate:2|black_letter_text:1|case_note_candidate:1|history:1; warning_counts=effective_dated_version_unit:5
qa_signoff_required_version,High,dcs_policy,dcs_policies_procedures,223_Protocol_Protocol_for_Family_Support_Services.pdf,81ca79fc4ff2b6b34632c63bb776c89d16e67c1663655f2b2f550f6135a500c9,Benchbook.ai Database Files/DCS P&P/TN_DCS_Policies/Ch14_CPS/223_Protocol_Protocol_for_Family_Support_Services.pdf,,4191fc4f-d0f5-56e9-ae58-b7c6ab0b5817,bad90d74-890b-5f7d-9c5d-ad5487828252,Document header (application/authority/dates),documentheaderapplicationauthoritydates,Protocol Protocol for Family Support Services,,Document header (application/authority/dates),,Ch14_CPS,protocol,pending_extraction_qa,guardrail_reference_only,current,,1900-01-01,,true,QA signoff required; high-risk legal domain; high_risk=juvenile-court procedure,Adopt with revision,Corpus administrator,Blocks production display until signed off,"Current law, source authority, or high-risk status cannot be confirmed",chunk_count=11; chunk_types=metadata:1|protocol:10; high_risk_domains=juvenile-court procedure
qa_signoff_required_version,High,statute,tca_title_37,37_3_406_37_5_207.pdf,f5988b3eb095354fc6f06654c4c4612f78f6bb3e04958bec4ce0bc16234b83ad,Benchbook.ai Database Files/Title 37/37_3_406_37_5_207.pdf,,67027010-7289-510f-987b-66799281864f,bbb46170-d362-5c5f-9640-ee3ba286b2c7,Tenn. Code Ann. Sec. 37-5-128,tenncodeann375128,37-5-128. Review of department policies and attached protocol and procedures that affect children the department serves  -  Uniformity of,,37-5-128,,,3,pending_extraction_qa,general_answer_authority,current,,1900-01-01,,true,QA signoff required; high-risk legal domain; high_risk=juvenile-court procedure,Adopt with revision,Corpus administrator,Blocks production display until signed off,"Current law, source authority, or high-risk status cannot be confirmed",chunk_count=3; chunk_types=annotation_candidate:1|black_letter_text:1|history:1; high_risk_domains=juvenile-court procedure
qa_signoff_required_version,High,statute,tca_title_36,36_5_2309_36_6_203.pdf,2353abc408f0bcc640f4833f32d51ba2862b0c1e75a9aa2dde8ab576e5b23853,Benchbook.ai Database Files/Title 36/36_5_2309_36_6_203.pdf,,debee7d8-c7d8-5dd5-baa8-4f6dd9e81536,bbe514cd-92a1-5b5c-8cf2-6792f8d4e298,Tenn. Code Ann. Sec. 36-5-2606,tenncodeann3652606,36-5-2606. Procedure to contest validity or enforcement of registered support order.,,36-5-2606,,,5,pending_extraction_qa,general_answer_authority,current,,1900-01-01,,true,QA signoff required; high-risk legal domain; high_risk=juvenile-court procedure,Adopt with revision,Corpus administrator,Blocks production display until signed off,"Current law, source authority, or high-risk status cannot be confirmed",chunk_count=4; chunk_types=advisory_comment:1|annotation_candidate:1|black_letter_text:1|history:1; high_risk_domains=juvenile-court procedure
qa_signoff_required_version,High,dcs_policy,dcs_policies_procedures,221_Protocol_Protocol_for_Resources_Linkage_Services.pdf,9d6d7f357627ead9f5678a0127e3ea31830b13778c2261292800e56939690d78,Benchbook.ai Database Files/DCS P&P/TN_DCS_Policies/Ch14_CPS/221_Protocol_Protocol_for_Resources_Linkage_Services.pdf,,0f39a516-830b-563f-914c-f676e5c751e3,bc29f4ad-8253-5194-ae16-d425a7fb836f,Document header (application/authority/dates),documentheaderapplicationauthoritydates,Protocol Protocol for Resources Linkage Services,,Document header (application/authority/dates),,Ch14_CPS,protocol,pending_extraction_qa,guardrail_reference_only,current,,1900-01-01,,true,QA signoff required; high-risk legal domain; high_risk=dependency and neglect|juvenile-court procedure,Adopt with revision,Corpus administrator,Blocks production display until signed off,"Current law, source authority, or high-risk status cannot be confirmed",chunk_count=11; chunk_types=metadata:1|protocol:10; high_risk_domains=dependency and neglect|juvenile-court procedure
qa_signoff_required_version,High,dcs_policy,dcs_policies_procedures,357_16.27_Notice_of_Removal_from_a_Foster_Home.pdf,fd88b7df4915c5c061d97f974ae8b56bde927c0c8f39920613e3fd33a08424ef,Benchbook.ai Database Files/DCS P&P/TN_DCS_Policies/Ch16B_Foster_Homes/357_16.27_Notice_of_Removal_from_a_Foster_Home.pdf,,4f1b5cb8-ac79-53ad-af0e-aceac790c52c,bd0466af-e217-561b-834a-ed0b91c4a4f2,DCS Policy 16.27,dcspolicy1627,Notice of Removal from a Foster Home,,Document header (application/authority/dates),16.27,Ch16B_Foster_Homes,policy,pending_extraction_qa,guardrail_reference_only,current,,1900-01-01,,true,QA signoff required; high-risk legal domain; high_risk=juvenile-court procedure|removal,Adopt with revision,Corpus administrator,Blocks production display until signed off,"Current law, source authority, or high-risk status cannot be confirmed",chunk_count=10; chunk_types=metadata:1|policy_text:9; high_risk_domains=juvenile-court procedure|removal
qa_signoff_required_version,High,statute,tca_title_37,37_1_101_37_1_201.pdf,423871eb310b5359f8fb18b9ddd970c37fdcfea65392db9e3fddae5531ca5d99,Benchbook.ai Database Files/Title 37/37_1_101_37_1_201.pdf,,478c0e25-e07a-5354-a036-a86ed22310f1,bdc2e849-0fc2-5b61-8e07-dad442ce8693,Tenn. Code Ann. Sec. 37-1-196,tenncodeann371196,37-1-196. Prohibitions against using gender-consistent parenting as a basis for child abuse or custody actions.,,37-1-196,,,1,pending_extraction_qa,general_answer_authority,current,,1900-01-01,,true,QA signoff required; high-risk legal domain; high_risk=custody,Adopt with revision,Corpus administrator,Blocks production display until signed off,"Current law, source authority, or high-risk status cannot be confirmed",chunk_count=3; chunk_types=annotation_candidate:1|black_letter_text:1|history:1; high_risk_domains=custody
qa_signoff_required_version,High,statute,tca_title_36,36_3_303_36_5_120.pdf,9586bae9d4eb3f6038c70e28a5ee073367d26c34a9e30f254f32eb744c66d121,Benchbook.ai Database Files/Title 36/36_3_303_36_5_120.pdf,,a79cc1fb-9fb2-5bee-bbd3-c8ce76032080,bee42e58-613e-5db2-b1ac-5d290e82fdd4,Tenn. Code Ann. Sec. 36-4-133,tenncodeann364133,36-4-133. Compliance with notice of insurance termination provisions required.,,36-4-133,,,3,pending_extraction_qa,general_answer_authority,current,,1900-01-01,,true,QA signoff required; high-risk legal domain; high_risk=termination of parental rights,Adopt with revision,Corpus administrator,Blocks production display until signed off,"Current law, source authority, or high-risk status cannot be confirmed",chunk_count=2; chunk_types=black_letter_text:1|history:1; high_risk_domains=termination of parental rights
qa_signoff_required_version,High,dcs_policy,dcs_policies_procedures,281_16.32_Foster_Care_Review_and_Progress_Reports.pdf,59f67072e55bd5e74b97d8304838f449b74cc15bd1e41aea44eac9f4205d7964,Benchbook.ai Database Files/DCS P&P/TN_DCS_Policies/Ch16A_Foster_Care/281_16.32_Foster_Care_Review_and_Progress_Reports.pdf,,7a5b859e-9c34-5e6d-9c38-8e719c062d46,bf5c27b3-3905-5895-bf58-c8e630046fb5,DCS Policy 16.32,dcspolicy1632,Foster Care Review and Progress Reports,,Document header (application/authority/dates),16.32,Ch16A_Foster_Care,policy,pending_extraction_qa,guardrail_reference_only,current,,1900-01-01,,true,QA signoff required; high-risk legal domain; high_risk=juvenile-court procedure,Adopt with revision,Corpus administrator,Blocks production display until signed off,"Current law, source authority, or high-risk status cannot be confirmed",chunk_count=11; chunk_types=metadata:1|policy_text:10; high_risk_domains=juvenile-court procedure
qa_signoff_required_version,High,rule,tenn_rules_juvenile_practice_procedure,Tenn. R. Juv. P. Rules.pdf,896900cf9175f11a38df986da4af09e62632abd8aa865b24d35b3e5a8beee541,Benchbook.ai Database Files/Tenn. R. Juv. P. Rules.pdf,,545534ec-c0fa-535b-adec-a7025e38920e,bfdc300b-9adc-5081-ae51-4932c2effde7,Tenn. R. Juv. P. 203,tennrjuvp203,Rule 203. Procedures upon taking a delinquent child into custody.,203,,,,,pending_extraction_qa,general_answer_authority,current,,1900-01-01,,true,QA signoff required; high-risk legal domain; high_risk=custody|juvenile-court procedure,Adopt with revision,Corpus administrator,Blocks production display until signed off,"Current law, source authority, or high-risk status cannot be confirmed",chunk_count=7; chunk_types=advisory_comment:1|annotation_candidate:2|black_letter_text:1|case_note_candidate:2|history:1; high_risk_domains=custody|juvenile-court procedure
qa_signoff_required_version,High,rule,tenn_rules_juvenile_practice_procedure,Tenn. R. Juv. P. Rules.pdf,896900cf9175f11a38df986da4af09e62632abd8aa865b24d35b3e5a8beee541,Benchbook.ai Database Files/Tenn. R. Juv. P. Rules.pdf,,9d35515f-5655-5aec-a398-0c2faf917725,c16b69b8-f994-5f76-b78d-28b6f73340c9,Tenn. R. Juv. P. 402,tennrjuvp402,Rule 402. Periodic progress reviews.,402,,,,,pending_extraction_qa,general_answer_authority,current,,1900-01-01,,true,QA signoff required; high-risk legal domain; high_risk=juvenile-court procedure,Adopt with revision,Corpus administrator,Blocks production display until signed off,"Current law, source authority, or high-risk status cannot be confirmed",chunk_count=4; chunk_types=advisory_comment:1|annotation_candidate:1|black_letter_text:1|history:1; high_risk_domains=juvenile-court procedure
qa_signoff_required_version,High,dcs_policy,dcs_policies_procedures,232_Protocol_Protocol_for_Court_Preparation_and_Presentation_for_the_Offi.pdf,05dc57674649c62287b7a6275be966f15009dab0f7ec5463c01e453c3fbfb594,Benchbook.ai Database Files/DCS P&P/TN_DCS_Policies/Ch14_CPS/232_Protocol_Protocol_for_Court_Preparation_and_Presentation_for_the_Offi.pdf,,ffa9c2dd-ef8c-5912-bf02-808fea78e16b,c2b2c1f3-b71f-509e-a6e9-195b22abbbf8,Document header (application/authority/dates),documentheaderapplicationauthoritydates,Protocol Protocol for Court Preparation and Presentation for the Offi,,Document header (application/authority/dates),,Ch14_CPS,protocol,pending_extraction_qa,guardrail_reference_only,current,,1900-01-01,,true,QA signoff required; high-risk legal domain; high_risk=juvenile-court procedure,Adopt with revision,Corpus administrator,Blocks production display until signed off,"Current law, source authority, or high-risk status cannot be confirmed",chunk_count=2; chunk_types=metadata:1|protocol:1; high_risk_domains=juvenile-court procedure
qa_signoff_required_version,High,statute,tca_title_36,36_6_204_36_7_203.pdf,b3eb20c2869ce0b1df79f8f8113ebd6f96eb14a6621569c447c3f6f073f38e9b,Benchbook.ai Database Files/Title 36/36_6_204_36_7_203.pdf,,6a5138cc-494a-5cde-9694-00a7a4fd7681,c2f63e46-36ba-5188-bc50-99802406fb36,Tenn. Code Ann. Sec. 36-6-206,tenncodeann366206,36-6-206. Applicability to adoption or emergency medical care proceedings.,,36-6-206,,,6,pending_extraction_qa,general_answer_authority,current,,1900-01-01,,true,QA signoff required; high-risk legal domain; high_risk=adoption,Adopt with revision,Corpus administrator,Blocks production display until signed off,"Current law, source authority, or high-risk status cannot be confirmed",chunk_count=4; chunk_types=advisory_comment:1|annotation_candidate:1|black_letter_text:1|history:1; high_risk_domains=adoption
qa_signoff_required_version,High,dcs_policy,dcs_policies_procedures,635_Protocol_Protocol_General_Safety_Planning_and_High-Risk_Safety_Planni.pdf,81082f2cfd70715cbc34a87b5afdcf99fca478404e60da25855d09a5419bf5e9,Benchbook.ai Database Files/DCS P&P/TN_DCS_Policies/Ch31_Field_Services/635_Protocol_Protocol_General_Safety_Planning_and_High-Risk_Safety_Planni.pdf,,7a83d57a-dbe6-558b-89f4-9f2d2a80eabc,c3373426-c884-5552-9368-8e3efe6c52a2,Document header (application/authority/dates),documentheaderapplicationauthoritydates,Protocol Protocol General Safety Planning and High Risk Safety Planni,,Document header (application/authority/dates),,Ch31_Field_Services,protocol,pending_extraction_qa,guardrail_reference_only,current,,1900-01-01,,true,QA signoff required; high-risk legal domain; high_risk=juvenile-court procedure,Adopt with revision,Corpus administrator,Blocks production display until signed off,"Current law, source authority, or high-risk status cannot be confirmed",chunk_count=10; chunk_types=metadata:1|protocol:9; high_risk_domains=juvenile-court procedure
qa_signoff_required_version,High,statute,tca_title_37,37_1_101_37_1_201.pdf,423871eb310b5359f8fb18b9ddd970c37fdcfea65392db9e3fddae5531ca5d99,Benchbook.ai Database Files/Title 37/37_1_101_37_1_201.pdf,,d1d7afa1-be8a-57e4-98f2-ba13322ea09b,c3bcec75-c01d-5765-9827-1a95d6c0f8e3,Tenn. Code Ann. Sec. 37-1-115,tenncodeann371115,37-1-115. Custody  -  Release to proper party  -  Warrant for custody.,,37-1-115,,,1,pending_extraction_qa,general_answer_authority,current,,1900-01-01,,true,QA signoff required; high-risk legal domain; high_risk=custody,Adopt with revision,Corpus administrator,Blocks production display until signed off,"Current law, source authority, or high-risk status cannot be confirmed",chunk_count=7; chunk_types=annotation_candidate:3|black_letter_text:1|case_note_candidate:2|history:1; high_risk_domains=custody
qa_signoff_required_version,High,dcs_policy,dcs_policies_procedures,268_Protocol_Protocol_for_Severe_Abuse_Review.pdf,32d9243b2c7bd821377c75a1041235daaeecc1a8ecafadf9ec5bacf5b417b791,Benchbook.ai Database Files/DCS P&P/TN_DCS_Policies/Ch16A_Foster_Care/268_Protocol_Protocol_for_Severe_Abuse_Review.pdf,,5e3d141b-9369-5be4-b864-4bf030406b6a,c519b9d4-b2ee-547f-8786-82b941c9ce17,Document header (application/authority/dates),documentheaderapplicationauthoritydates,Protocol Protocol for Severe Abuse Review,,Document header (application/authority/dates),,Ch16A_Foster_Care,protocol,pending_extraction_qa,guardrail_reference_only,current,,1900-01-01,,true,QA signoff required; high-risk legal domain; high_risk=juvenile-court procedure,Adopt with revision,Corpus administrator,Blocks production display until signed off,"Current law, source authority, or high-risk status cannot be confirmed",chunk_count=2; chunk_types=metadata:1|protocol:1; high_risk_domains=juvenile-court procedure
qa_signoff_required_version,High,dcs_policy,dcs_policies_procedures,302_Protocol_Protocol_for_Continuation_of_TennCare_Eligibility_for_Childr.pdf,0bfaa6a4a073351c2089b0755c08ee2f74582ed50eeba768a3ffc692833731c5,Benchbook.ai Database Files/DCS P&P/TN_DCS_Policies/Ch16A_Foster_Care/302_Protocol_Protocol_for_Continuation_of_TennCare_Eligibility_for_Childr.pdf,,e7798955-7910-5458-9350-92119aed3846,c5fd0057-524b-5a3e-9d2f-0fcbcb9905f0,Document header (application/authority/dates),documentheaderapplicationauthoritydates,Protocol Protocol for Continuation of TennCare Eligibility for Childr,,Document header (application/authority/dates),,Ch16A_Foster_Care,protocol,pending_extraction_qa,guardrail_reference_only,current,,1900-01-01,,true,QA signoff required; high-risk legal domain; high_risk=juvenile-court procedure,Adopt with revision,Corpus administrator,Blocks production display until signed off,"Current law, source authority, or high-risk status cannot be confirmed",chunk_count=2; chunk_types=metadata:1|protocol:1; high_risk_domains=juvenile-court procedure
qa_signoff_required_version,High,dcs_policy,dcs_policies_procedures,604_Flyer_Child_and_Family_Team_Meeting_Flyer.pdf,bca063d55b518835b83b60149894068e1bda89ca239e9f5e1f32d5720b8b9e49,Benchbook.ai Database Files/DCS P&P/TN_DCS_Policies/Ch31_Field_Services/604_Flyer_Child_and_Family_Team_Meeting_Flyer.pdf,,9bf6c1ad-b574-5036-879a-066b1ad841b0,c683bc5c-3ceb-5681-bfdf-d5fbfa3e8cce,Document header (application/authority/dates),documentheaderapplicationauthoritydates,Flyer Child and Family Team Meeting Flyer,,Document header (application/authority/dates),,Ch31_Field_Services,unknown,pending_extraction_qa,guardrail_reference_only,current,,1900-01-01,,true,QA signoff required; high-risk legal domain; high_risk=juvenile-court procedure,Adopt with revision,Corpus administrator,Blocks production display until signed off,"Current law, source authority, or high-risk status cannot be confirmed",chunk_count=1; chunk_types=metadata:1; high_risk_domains=juvenile-court procedure
qa_signoff_required_version,High,dcs_policy,dcs_policies_procedures,278_Guide_Family_Permanency_Plan_Development_Guide.pdf,771947f19a9f970c016a3351f9a21da419b9c8e2345ba6905185a3fb21dcf539,Benchbook.ai Database Files/DCS P&P/TN_DCS_Policies/Ch16A_Foster_Care/278_Guide_Family_Permanency_Plan_Development_Guide.pdf,,39782c20-38c5-565e-a4e3-c0b8978d58a3,c9905f3f-fb15-53e6-9e95-a85b8d55127d,Document header (application/authority/dates),documentheaderapplicationauthoritydates,Guide Family Permanency Plan Development Guide,,Document header (application/authority/dates),,Ch16A_Foster_Care,guide,pending_extraction_qa,guardrail_reference_only,current,,1900-01-01,,true,QA signoff required; high-risk legal domain; high_risk=juvenile-court procedure,Adopt with revision,Corpus administrator,Blocks production display until signed off,"Current law, source authority, or high-risk status cannot be confirmed",chunk_count=3; chunk_types=guide:2|metadata:1; warning_counts=unusually_large_chunk:1; high_risk_domains=juvenile-court procedure
qa_signoff_required_version,High,dcs_policy,dcs_policies_procedures,137_9.3-DOE_Youth_Education_Records.pdf,b7c7d1ce83bdcf4be25efb3bcd0c3a8a82c8bd4963ff0367a5074d0318053e4f,Benchbook.ai Database Files/DCS P&P/TN_DCS_Policies/Ch09_Child_Records/137_9.3-DOE_Youth_Education_Records.pdf,,2e4afa08-5852-52f1-ac05-265bc8b1b3fa,ca623046-df4e-5e99-b7c5-950a68533713,DCS Policy 9.3,dcspolicy93,DOE Youth Education Records,,Document header (application/authority/dates),9.3,Ch09_Child_Records,policy,pending_extraction_qa,guardrail_reference_only,current,,1900-01-01,,true,QA signoff required; high-risk legal domain; high_risk=juvenile-court procedure,Adopt with revision,Corpus administrator,Blocks production display until signed off,"Current law, source authority, or high-risk status cannot be confirmed",chunk_count=10; chunk_types=metadata:1|policy_text:9; high_risk_domains=juvenile-court procedure
qa_signoff_required_version,High,dcs_policy,dcs_policies_procedures,269_16.12_Severe_Abuse_Review.pdf,9a26f8f5dd842afdf8963ecbee5c7c58217a5e3080f8e610af57df64555568b7,Benchbook.ai Database Files/DCS P&P/TN_DCS_Policies/Ch16A_Foster_Care/269_16.12_Severe_Abuse_Review.pdf,,1c9580c4-df5e-5b7e-9bbe-df9c17dd6ab3,ca679c21-3566-565e-b9b7-4272b153a98a,DCS Policy 16.12,dcspolicy1612,Severe Abuse Review,,Document header (application/authority/dates),16.12,Ch16A_Foster_Care,policy,pending_extraction_qa,guardrail_reference_only,current,,1900-01-01,,true,QA signoff required; high-risk legal domain; high_risk=juvenile-court procedure,Adopt with revision,Corpus administrator,Blocks production display until signed off,"Current law, source authority, or high-risk status cannot be confirmed",chunk_count=7; chunk_types=metadata:1|policy_text:6; high_risk_domains=juvenile-court procedure
qa_signoff_required_version,High,statute,tca_title_37,37_1_202_37_2_202.pdf,9cd08fcaae4176f55dd74ead07e414a9d249a0777f0f7249175756d29833d45c,Benchbook.ai Database Files/Title 37/37_1_202_37_2_202.pdf,,d54575bb-822f-505c-9b27-7dea99e824a5,ca7b5f05-38cf-5597-b841-11ad66720645,Tenn. Code Ann. Sec. 37-1-415,tenncodeann371415,37-1-415. Cooperation of landlord or person in control of residential rental property with investigation of child abuse or neglect.,,37-1-415,,,1,pending_extraction_qa,general_answer_authority,current,,1900-01-01,,true,QA signoff required; high-risk legal domain; high_risk=dependency and neglect,Adopt with revision,Corpus administrator,Blocks production display until signed off,"Current law, source authority, or high-risk status cannot be confirmed",chunk_count=2; chunk_types=black_letter_text:1|history:1; high_risk_domains=dependency and neglect
qa_signoff_required_version,High,dcs_policy,dcs_policies_procedures,280_Attachment_NOA-GRIER_FAQ.pdf,7bbf914ff556acff2c25f672fd1e6c6231f869508c63c42b0dfb0f8545427b95,Benchbook.ai Database Files/DCS P&P/TN_DCS_Policies/Ch16A_Foster_Care/280_Attachment_NOA-GRIER_FAQ.pdf,,4491722a-eeb3-5df4-8a8a-da5d3dc0de62,cbb25ed2-72fb-502a-9be9-635694a410d1,Document header (application/authority/dates),documentheaderapplicationauthoritydates,Attachment NOA GRIER FAQ,,Document header (application/authority/dates),,Ch16A_Foster_Care,unknown,pending_extraction_qa,guardrail_reference_only,current,,1900-01-01,,true,QA signoff required; high-risk legal domain; high_risk=juvenile-court procedure,Adopt with revision,Corpus administrator,Blocks production display until signed off,"Current law, source authority, or high-risk status cannot be confirmed",chunk_count=1; chunk_types=metadata:1; high_risk_domains=juvenile-court procedure
qa_signoff_required_version,High,rule,tenn_rules_juvenile_practice_procedure,Tenn. R. Juv. P. Rules.pdf,896900cf9175f11a38df986da4af09e62632abd8aa865b24d35b3e5a8beee541,Benchbook.ai Database Files/Tenn. R. Juv. P. Rules.pdf,,9c8901df-faf0-5d86-9031-73cca55d4f1d,cbe4b2d1-9d46-5424-be23-d02728850e8b,Tenn. R. Juv. P. 105,tennrjuvp105,Rule 105. Responsive pleadings and motions.,105,,,,,pending_extraction_qa,general_answer_authority,current,,1900-01-01,,true,QA signoff required; high-risk legal domain; high_risk=juvenile-court procedure,Adopt with revision,Corpus administrator,Blocks production display until signed off,"Current law, source authority, or high-risk status cannot be confirmed",chunk_count=4; chunk_types=advisory_comment:1|annotation_candidate:1|black_letter_text:1|history:1; high_risk_domains=juvenile-court procedure
qa_signoff_required_version,High,statute,tca_title_36,36_1_101_36_3_302.pdf,a6b1c6cff6bb307f3a639c10092c82a25e738e587f1b374a6317441324525720,Benchbook.ai Database Files/Title 36/36_1_101_36_3_302.pdf,,0a505580-a9cb-5a07-85bd-616bffc35907,cc1701a0-c811-5305-8a92-4755d468dc81,Tenn. Code Ann. Sec. 36-1-121,tenncodeann361121,36-1-121. Effect of adoption on relationship.,,36-1-121,,,1,pending_extraction_qa,general_answer_authority,current,,1900-01-01,,true,QA signoff required; high-risk legal domain; high_risk=adoption,Adopt with revision,Corpus administrator,Blocks production display until signed off,"Current law, source authority, or high-risk status cannot be confirmed",chunk_count=6; chunk_types=annotation_candidate:2|black_letter_text:1|case_note_candidate:2|history:1; high_risk_domains=adoption
qa_signoff_required_version,High,statute,tca_title_37,37_1_202_37_2_202.pdf,9cd08fcaae4176f55dd74ead07e414a9d249a0777f0f7249175756d29833d45c,Benchbook.ai Database Files/Title 37/37_1_202_37_2_202.pdf,,f73beb72-470e-5529-8a5f-8c6c81e09be4,cc787206-97f9-57ab-92c9-e7d865867d2f,Tenn. Code Ann. Sec. 37-1-404,tenncodeann371404,37-1-404. Retention of custody of child by hospital or physician  -  Protective custody.,,37-1-404,,,1,pending_extraction_qa,general_answer_authority,current,,1900-01-01,,true,QA signoff required; high-risk legal domain; high_risk=custody,Adopt with revision,Corpus administrator,Blocks production display until signed off,"Current law, source authority, or high-risk status cannot be confirmed",chunk_count=3; chunk_types=annotation_candidate:1|black_letter_text:1|history:1; high_risk_domains=custody
qa_signoff_required_version,High,dcs_policy,dcs_policies_procedures,350_Protocol_Protocol_for_Drug_and_Medication_Expectations_for_Approved_F.pdf,d598016797f6e7dcfee339576b1305d87ae53324f315aa9e1ff792dff0f98435,Benchbook.ai Database Files/DCS P&P/TN_DCS_Policies/Ch16B_Foster_Homes/350_Protocol_Protocol_for_Drug_and_Medication_Expectations_for_Approved_F.pdf,,4a567f6b-6c12-500a-bbbe-b08706e310a9,cc935f39-0ad3-560a-9e83-6d6e69d8a51a,Document header (application/authority/dates),documentheaderapplicationauthoritydates,Protocol Protocol for Drug and Medication Expectations for Approved F,,Document header (application/authority/dates),,Ch16B_Foster_Homes,protocol,pending_extraction_qa,guardrail_reference_only,current,,1900-01-01,,true,QA signoff required; high-risk legal domain; high_risk=juvenile-court procedure,Adopt with revision,Corpus administrator,Blocks production display until signed off,"Current law, source authority, or high-risk status cannot be confirmed",chunk_count=2; chunk_types=metadata:1|protocol:1; high_risk_domains=juvenile-court procedure
qa_signoff_required_version,High,statute,tca_title_37,37_2_203_37_3_405.pdf,4505a32368dd82bcc6408f4fe16b2513cc23b2c810ae9254e0e21bc9d17153f5,Benchbook.ai Database Files/Title 37/37_2_203_37_3_405.pdf,,75bff9d1-7c0b-5d4c-aee2-b842f9415e36,ccb56cfc-9e17-5b8f-855d-e4160649ce5e,Tenn. Code Ann. Sec. 37-2-701,tenncodeann372701,37-2-701. Part definitions. [Effective when contingency met. See Compiler's Notes.],,37-2-701,,,2,pending_extraction_qa,general_answer_authority,unknown_effectivity,Effective when contingency met. See Compiler's Notes.,,,true,unknown-effective-date issue; QA signoff required; warnings=effective_dated_version_unit,Adopt with revision,Corpus administrator,Blocks production display until signed off,"Current law, source authority, or high-risk status cannot be confirmed",chunk_count=3; chunk_types=annotation_candidate:1|black_letter_text:1|history:1; warning_counts=effective_dated_version_unit:3
qa_signoff_required_version,High,statute,tca_title_37,37_1_202_37_2_202.pdf,9cd08fcaae4176f55dd74ead07e414a9d249a0777f0f7249175756d29833d45c,Benchbook.ai Database Files/Title 37/37_1_202_37_2_202.pdf,,9f3f47be-4236-552b-a39c-2b4d6dfd8f1c,ccd3468f-94eb-5e13-bbb1-1bc4316fd8cb,Tenn. Code Ann. Sec. 37-1-406,tenncodeann371406,37-1-406. Availability for receiving reports  -  Commencement of investigations  -  Examination and observation of child  -  Reports  - ,,37-1-406,,,1,pending_extraction_qa,general_answer_authority,current,"Effective until July 1, 2026. See the version effective on July 1, 2026.",1900-01-01,2026-07-01,true,current-law confidence issue; QA signoff required; warnings=effective_dated_version_text|unusually_large_chunk,Adopt with revision,Corpus administrator,Blocks production display until signed off,"Current law, source authority, or high-risk status cannot be confirmed",chunk_count=1; chunk_types=black_letter_text:1; warning_counts=effective_dated_version_text:1|unusually_large_chunk:1
qa_signoff_required_version,High,dcs_policy,dcs_policies_procedures,606_31.8_Parent_Caregiver_Engagement_and_Support.pdf,81c70c84e15c1ef268484f2d413839325fe522b08864b94868692cfaee8eae4f,Benchbook.ai Database Files/DCS P&P/TN_DCS_Policies/Ch31_Field_Services/606_31.8_Parent_Caregiver_Engagement_and_Support.pdf,,b4d6de68-a473-5ad7-9c82-335fac3b534a,ccd7da82-134a-5310-b2e5-0fc60b05be40,DCS Policy 31.8,dcspolicy318,Parent/Caregiver Engagement and Support,,Document header (application/authority/dates),31.8,Ch31_Field_Services,policy,pending_extraction_qa,guardrail_reference_only,current,,1900-01-01,,true,QA signoff required; high-risk legal domain; high_risk=dependency and neglect|juvenile-court procedure,Adopt with revision,Corpus administrator,Blocks production display until signed off,"Current law, source authority, or high-risk status cannot be confirmed",chunk_count=11; chunk_types=metadata:1|policy_text:10; high_risk_domains=dependency and neglect|juvenile-court procedure
qa_signoff_required_version,High,rule,tenn_rules_juvenile_practice_procedure,Tenn. R. Juv. P. Rules.pdf,896900cf9175f11a38df986da4af09e62632abd8aa865b24d35b3e5a8beee541,Benchbook.ai Database Files/Tenn. R. Juv. P. Rules.pdf,,d112fb21-0a2a-535f-81ae-cdb7750d1b7f,cce982e8-e807-5cab-8cf1-e50db80caf58,Tenn. R. Juv. P. 209,tennrjuvp209,Rule 209. Plea of guilty or no contest -- Judicial diversion.,209,,,,,pending_extraction_qa,general_answer_authority,current,,1900-01-01,,true,QA signoff required; high-risk legal domain; high_risk=juvenile-court procedure,Adopt with revision,Corpus administrator,Blocks production display until signed off,"Current law, source authority, or high-risk status cannot be confirmed",chunk_count=4; chunk_types=advisory_comment:1|annotation_candidate:1|black_letter_text:1|history:1; high_risk_domains=juvenile-court procedure
qa_signoff_required_version,High,statute,tca_title_36,36_5_121_36_5_2308.pdf,4a4ad35f21e2dd2c2023d13074bce9fd8ae80600d4caaa551c629027c01ac952,Benchbook.ai Database Files/Title 36/36_5_121_36_5_2308.pdf,,7f1ed40a-050a-5c8d-b9fd-74c01aaa4716,cd6fb721-a834-54dc-a815-e13c895af30c,Tenn. Code Ann. Sec. 36-5-715,tenncodeann365715,36-5-715. Reinstatement of commercial license upon notice of compliance with support order  -  Notification procedure.,,36-5-715,,,5,pending_extraction_qa,general_answer_authority,current,,1900-01-01,,true,QA signoff required; high-risk legal domain; high_risk=juvenile-court procedure,Adopt with revision,Corpus administrator,Blocks production display until signed off,"Current law, source authority, or high-risk status cannot be confirmed",chunk_count=2; chunk_types=black_letter_text:1|history:1; high_risk_domains=juvenile-court procedure
qa_signoff_required_version,High,dcs_policy,dcs_policies_procedures,179_Protocol_Protocol_for_Child_Abuse_Hotline_Tasks_and_Responsibilities.pdf,841322ec74d3d27623c90b15d0205ea1a9c07af7e6e21070b23635ccf5a78f3f,Benchbook.ai Database Files/DCS P&P/TN_DCS_Policies/Ch14_CPS/179_Protocol_Protocol_for_Child_Abuse_Hotline_Tasks_and_Responsibilities.pdf,,602d96fa-5b8b-568a-8ffe-6a1826d5b388,cda6ac2e-eeb2-558c-ac6b-4897753cfaf4,Document header (application/authority/dates),documentheaderapplicationauthoritydates,Protocol Protocol for Child Abuse Hotline Tasks and Responsibilities,,Document header (application/authority/dates),,Ch14_CPS,protocol,pending_extraction_qa,guardrail_reference_only,current,,1900-01-01,,true,QA signoff required; high-risk legal domain; high_risk=juvenile-court procedure,Adopt with revision,Corpus administrator,Blocks production display until signed off,"Current law, source authority, or high-risk status cannot be confirmed",chunk_count=8; chunk_types=metadata:1|protocol:7; high_risk_domains=juvenile-court procedure
qa_signoff_required_version,High,dcs_policy,dcs_policies_procedures,599_Guide_Child_and_Family_Team_Meeting_Guide.pdf,8401794d54913f25f2b1a006e442de6f8b6131ee281cfd50336d69749dbc3f2c,Benchbook.ai Database Files/DCS P&P/TN_DCS_Policies/Ch31_Field_Services/599_Guide_Child_and_Family_Team_Meeting_Guide.pdf,,156af611-678e-54d7-a975-20e41b38e478,cdea3795-9bb9-5607-b3da-213f34ef161f,Document header (application/authority/dates),documentheaderapplicationauthoritydates,Guide Child and Family Team Meeting Guide,,Document header (application/authority/dates),,Ch31_Field_Services,guide,pending_extraction_qa,guardrail_reference_only,current,,1900-01-01,,true,QA signoff required; high-risk legal domain; high_risk=juvenile-court procedure,Adopt with revision,Corpus administrator,Blocks production display until signed off,"Current law, source authority, or high-risk status cannot be confirmed",chunk_count=55; chunk_types=guide:54|metadata:1; high_risk_domains=juvenile-court procedure
qa_signoff_required_version,High,dcs_policy,dcs_policies_procedures,237_Protocol_Protocol_for_DCS_and_Law_Enforcement_Liaison_Partnership.pdf,a867e301eaa816952d8c12a0802a9805279d7704bbc923128fe6682c01ab8991,Benchbook.ai Database Files/DCS P&P/TN_DCS_Policies/Ch14_CPS/237_Protocol_Protocol_for_DCS_and_Law_Enforcement_Liaison_Partnership.pdf,,7925ced2-9f3e-5435-8d4c-10700e0b3560,ce4d07a0-454b-59b5-b608-d008c12c586f,Document header (application/authority/dates),documentheaderapplicationauthoritydates,Protocol Protocol for DCS and Law Enforcement Liaison Partnership,,Document header (application/authority/dates),,Ch14_CPS,protocol,pending_extraction_qa,guardrail_reference_only,current,,1900-01-01,,true,QA signoff required; high-risk legal domain; high_risk=juvenile-court procedure,Adopt with revision,Corpus administrator,Blocks production display until signed off,"Current law, source authority, or high-risk status cannot be confirmed",chunk_count=6; chunk_types=metadata:1|protocol:5; high_risk_domains=juvenile-court procedure
qa_signoff_required_version,High,statute,tca_title_37,37_1_202_37_2_202.pdf,9cd08fcaae4176f55dd74ead07e414a9d249a0777f0f7249175756d29833d45c,Benchbook.ai Database Files/Title 37/37_1_202_37_2_202.pdf,,d4b1123b-3f1f-53b2-97c8-d618d4d2abf0,cf135ba7-44f1-5f0c-8a99-f45ba7455bf5,Tenn. Code Ann. Sec. 37-1-205,tenncodeann371205,37-1-205. Special district juvenile courts.,,37-1-205,,,1,pending_extraction_qa,general_answer_authority,current,,1900-01-01,,true,QA signoff required; high-risk legal domain; high_risk=juvenile-court procedure,Adopt with revision,Corpus administrator,Blocks production display until signed off,"Current law, source authority, or high-risk status cannot be confirmed",chunk_count=2; chunk_types=black_letter_text:1|history:1; high_risk_domains=juvenile-court procedure
qa_signoff_required_version,High,statute,tca_title_37,37_1_202_37_2_202.pdf,9cd08fcaae4176f55dd74ead07e414a9d249a0777f0f7249175756d29833d45c,Benchbook.ai Database Files/Title 37/37_1_202_37_2_202.pdf,,196ff7b7-3ebd-5f57-bb40-7738be1d6895,cf40e10f-77d8-5379-ae45-3daed2445587,Tenn. Code Ann. Sec. 37-1-608,tenncodeann371608,37-1-608. Protective custody of children.,,37-1-608,,,1,pending_extraction_qa,general_answer_authority,current,,1900-01-01,,true,QA signoff required; high-risk legal domain; high_risk=custody,Adopt with revision,Corpus administrator,Blocks production display until signed off,"Current law, source authority, or high-risk status cannot be confirmed",chunk_count=3; chunk_types=annotation_candidate:1|black_letter_text:1|history:1; high_risk_domains=custody
qa_signoff_required_version,High,dcs_policy,dcs_policies_procedures,613_Protocol_CANS_Protocol.pdf,a46bd3050be7a863964a338ad457d25026a801b072c80402054e37f082feec81,Benchbook.ai Database Files/DCS P&P/TN_DCS_Policies/Ch31_Field_Services/613_Protocol_CANS_Protocol.pdf,,faf2a753-f8e2-5dd5-a067-e80f891d574b,cf4c46f0-4137-5aa2-8ac8-3ddf2dbcfaf8,Document header (application/authority/dates),documentheaderapplicationauthoritydates,Protocol CANS Protocol,,Document header (application/authority/dates),,Ch31_Field_Services,protocol,pending_extraction_qa,guardrail_reference_only,current,,1900-01-01,,true,QA signoff required; high-risk legal domain; high_risk=juvenile-court procedure,Adopt with revision,Corpus administrator,Blocks production display until signed off,"Current law, source authority, or high-risk status cannot be confirmed",chunk_count=2; chunk_types=metadata:1|protocol:1; high_risk_domains=juvenile-court procedure
qa_signoff_required_version,High,dcs_policy,dcs_policies_procedures,355_16.23_Foster_Home_Records.pdf,95aa5fdde849da66ab6bad64979769569e2cd7a376b55896f643977b94ae11e4,Benchbook.ai Database Files/DCS P&P/TN_DCS_Policies/Ch16B_Foster_Homes/355_16.23_Foster_Home_Records.pdf,,548ed33f-a106-54aa-bc72-057a6e549183,cf764123-6690-5572-995c-c30278c450c7,DCS Policy 16.23,dcspolicy1623,Foster Home Records,,Document header (application/authority/dates),16.23,Ch16B_Foster_Homes,policy,pending_extraction_qa,guardrail_reference_only,current,,1900-01-01,,true,QA signoff required; high-risk legal domain; high_risk=juvenile-court procedure,Adopt with revision,Corpus administrator,Blocks production display until signed off,"Current law, source authority, or high-risk status cannot be confirmed",chunk_count=9; chunk_types=metadata:1|policy_text:8; high_risk_domains=juvenile-court procedure
qa_signoff_required_version,High,statute,tca_title_36,36_1_101_36_3_302.pdf,a6b1c6cff6bb307f3a639c10092c82a25e738e587f1b374a6317441324525720,Benchbook.ai Database Files/Title 36/36_1_101_36_3_302.pdf,,645b5980-54c1-5cae-9a29-255e2974d438,d00c84d4-0fb0-59b0-bd0b-00d5518da2f7,Tenn. Code Ann. Sec. 36-1-122,tenncodeann361122,36-1-122. Binding effect of adoption.,,36-1-122,,,1,pending_extraction_qa,general_answer_authority,current,,1900-01-01,,true,QA signoff required; high-risk legal domain; high_risk=adoption,Adopt with revision,Corpus administrator,Blocks production display until signed off,"Current law, source authority, or high-risk status cannot be confirmed",chunk_count=6; chunk_types=annotation_candidate:2|black_letter_text:1|case_note_candidate:2|history:1; high_risk_domains=adoption
qa_signoff_required_version,High,dcs_policy,dcs_policies_procedures,317_16.4_Foster_Home_Selection_and_Approval.pdf,321e26b703cd9c818522e5d09fe17fb83d2e94f9fecfa3c68227a9bac755a29d,Benchbook.ai Database Files/DCS P&P/TN_DCS_Policies/Ch16B_Foster_Homes/317_16.4_Foster_Home_Selection_and_Approval.pdf,,ba960a6e-816d-5bfe-b1fc-00b030bbcba6,d01ff939-4e6e-5948-9949-c62d6ef8f72d,DCS Policy 16.4,dcspolicy164,Foster Home Selection and Approval,,Document header (application/authority/dates),16.4,Ch16B_Foster_Homes,policy,pending_extraction_qa,guardrail_reference_only,current,,1900-01-01,,true,QA signoff required; high-risk legal domain; high_risk=juvenile-court procedure,Adopt with revision,Corpus administrator,Blocks production display until signed off,"Current law, source authority, or high-risk status cannot be confirmed",chunk_count=19; chunk_types=metadata:1|policy_text:18; high_risk_domains=juvenile-court procedure
qa_signoff_required_version,High,rule,tenn_rules_juvenile_practice_procedure,Tenn. R. Juv. P. Rules.pdf,896900cf9175f11a38df986da4af09e62632abd8aa865b24d35b3e5a8beee541,Benchbook.ai Database Files/Tenn. R. Juv. P. Rules.pdf,,5a1b5f8a-1747-567e-a677-995b02a12c3d,d039a9cc-8f72-5f67-a3df-5b881ecd0f17,Tenn. R. Juv. P. 112,tennrjuvp112,Rule 112. Attendance of parties and other necessary persons.,112,,,,,pending_extraction_qa,general_answer_authority,current,,1900-01-01,,true,QA signoff required; high-risk legal domain; high_risk=juvenile-court procedure,Adopt with revision,Corpus administrator,Blocks production display until signed off,"Current law, source authority, or high-risk status cannot be confirmed",chunk_count=6; chunk_types=advisory_comment:1|annotation_candidate:2|black_letter_text:1|case_note_candidate:1|history:1; high_risk_domains=juvenile-court procedure
qa_signoff_required_version,High,dcs_policy,dcs_policies_procedures,579_Protocol_Protocol_for_MSW_Consults.pdf,3e2d128ed9aebc16535f85f02142bada1781cd9ec54dde69a57c6730f10d961b,Benchbook.ai Database Files/DCS P&P/TN_DCS_Policies/Ch31_Field_Services/579_Protocol_Protocol_for_MSW_Consults.pdf,,191b41df-6a76-5f07-b58a-7633171ba80b,d1275eac-ec7d-5abc-bf6f-bf4f0ae0249e,Document header (application/authority/dates),documentheaderapplicationauthoritydates,Protocol Protocol for MSW Consults,,Document header (application/authority/dates),,Ch31_Field_Services,protocol,pending_extraction_qa,guardrail_reference_only,current,,1900-01-01,,true,QA signoff required; high-risk legal domain; high_risk=juvenile-court procedure,Adopt with revision,Corpus administrator,Blocks production display until signed off,"Current law, source authority, or high-risk status cannot be confirmed",chunk_count=5; chunk_types=metadata:1|protocol:4; high_risk_domains=juvenile-court procedure
qa_signoff_required_version,High,statute,tca_title_37,37_2_203_37_3_405.pdf,4505a32368dd82bcc6408f4fe16b2513cc23b2c810ae9254e0e21bc9d17153f5,Benchbook.ai Database Files/Title 37/37_2_203_37_3_405.pdf,,bdb13e47-df6e-5f0a-9721-d73cac3b794f,d169dcb1-ed17-574f-aaa4-09df9acae084,Tenn. Code Ann. Sec. 37-2-712,tenncodeann372712,37-2-712. Emergency removal or placement of child  -  Termination  -  Appropriate action. [Effective when contingency met. See Compiler's Notes.],,37-2-712,,,2,pending_extraction_qa,general_answer_authority,unknown_effectivity,Effective when contingency met. See Compiler's Notes.,,,true,unknown-effective-date issue; QA signoff required; high-risk legal domain; warnings=effective_dated_version_unit; high_risk=removal|termination of parental rights,Adopt with revision,Corpus administrator,Blocks production display until signed off,"Current law, source authority, or high-risk status cannot be confirmed",chunk_count=3; chunk_types=annotation_candidate:1|black_letter_text:1|history:1; warning_counts=effective_dated_version_unit:3; high_risk_domains=removal|termination of parental rights
qa_signoff_required_version,High,statute,tca_title_37,37_1_101_37_1_201.pdf,423871eb310b5359f8fb18b9ddd970c37fdcfea65392db9e3fddae5531ca5d99,Benchbook.ai Database Files/Title 37/37_1_101_37_1_201.pdf,,12dfdab1-9c1a-524e-a193-4074f222fddd,d19de903-e6cc-52fd-9d3e-31bffae9ac56,Tenn. Code Ann. Sec. 37-1-170,tenncodeann371170,37-1-170. Joinder of parents or guardians in juvenile court actions.,,37-1-170,,,1,pending_extraction_qa,general_answer_authority,current,,1900-01-01,,true,QA signoff required; high-risk legal domain; high_risk=juvenile-court procedure,Adopt with revision,Corpus administrator,Blocks production display until signed off,"Current law, source authority, or high-risk status cannot be confirmed",chunk_count=2; chunk_types=black_letter_text:1|history:1; high_risk_domains=juvenile-court procedure
qa_signoff_required_version,High,dcs_policy,dcs_policies_procedures,209_Protocol_Protocol_for_Special_Investigations_Unit.pdf,d362398358df6f97f6c1b1d96ef4efbe4b7ce94609bfc92e674ed366913ae44e,Benchbook.ai Database Files/DCS P&P/TN_DCS_Policies/Ch14_CPS/209_Protocol_Protocol_for_Special_Investigations_Unit.pdf,,9259e77b-6b00-5b96-ab74-3491f9eadac6,d1a2adb1-6081-5320-97e8-088c1869abf3,Document header (application/authority/dates),documentheaderapplicationauthoritydates,Protocol Protocol for Special Investigations Unit,,Document header (application/authority/dates),,Ch14_CPS,protocol,pending_extraction_qa,guardrail_reference_only,current,,1900-01-01,,true,QA signoff required; high-risk legal domain; high_risk=juvenile-court procedure,Adopt with revision,Corpus administrator,Blocks production display until signed off,"Current law, source authority, or high-risk status cannot be confirmed",chunk_count=4; chunk_types=metadata:1|protocol:3; high_risk_domains=juvenile-court procedure
qa_signoff_required_version,High,dcs_policy,dcs_policies_procedures,625_Protocol_Protocol_for_Case_Documentation_Requirements.pdf,1f8c1fd63a917c036b48cbb895fc6756c34f042c0b24842da01c86012402842d,Benchbook.ai Database Files/DCS P&P/TN_DCS_Policies/Ch31_Field_Services/625_Protocol_Protocol_for_Case_Documentation_Requirements.pdf,,ab5f645d-52f2-5dd7-b4c5-2280ba1d8096,d1d32fde-856e-5f07-ada8-3292e8bd5f86,Document header (application/authority/dates),documentheaderapplicationauthoritydates,Protocol Protocol for Case Documentation Requirements,,Document header (application/authority/dates),,Ch31_Field_Services,protocol,pending_extraction_qa,guardrail_reference_only,current,,1900-01-01,,true,QA signoff required; high-risk legal domain; high_risk=juvenile-court procedure,Adopt with revision,Corpus administrator,Blocks production display until signed off,"Current law, source authority, or high-risk status cannot be confirmed",chunk_count=12; chunk_types=metadata:1|protocol:11; high_risk_domains=juvenile-court procedure
qa_signoff_required_version,High,dcs_policy,dcs_policies_procedures,603_Work_Aid_Work_Aid_CFTM_Tool_-_Debriefing_After_the_Meeting.pdf,eda8fd15892d4d8dcd10e32e7e5a0d490610debae3d93c77f19d59e8dee6d5b8,Benchbook.ai Database Files/DCS P&P/TN_DCS_Policies/Ch31_Field_Services/603_Work_Aid_Work_Aid_CFTM_Tool_-_Debriefing_After_the_Meeting.pdf,,57161353-959a-5cd5-8bd2-58ea2e877594,d23a8441-cd3b-5de5-bd63-18acc0deab51,Document header (application/authority/dates),documentheaderapplicationauthoritydates,Work Aid Work Aid CFTM Tool Debriefing After the Meeting,,Document header (application/authority/dates),,Ch31_Field_Services,work_aid,pending_extraction_qa,guardrail_reference_only,current,,1900-01-01,,true,QA signoff required; high-risk legal domain; high_risk=juvenile-court procedure,Adopt with revision,Corpus administrator,Blocks production display until signed off,"Current law, source authority, or high-risk status cannot be confirmed",chunk_count=2; chunk_types=metadata:1|work_aid:1; high_risk_domains=juvenile-court procedure
qa_signoff_required_version,High,dcs_policy,dcs_policies_procedures,618_Protocol_Protocol_for_Provider_Agency_Appeal_of_Child_and_family_Team.pdf,41a9acb191ddc953cbe6ac55b9e1b2aa97e78e480b5a243037f1c263e97e4f76,Benchbook.ai Database Files/DCS P&P/TN_DCS_Policies/Ch31_Field_Services/618_Protocol_Protocol_for_Provider_Agency_Appeal_of_Child_and_family_Team.pdf,,8edcdd60-4711-5865-9c02-1bb5ced749a5,d3167a30-7823-521d-8c6d-d46203ddfa88,Document header (application/authority/dates),documentheaderapplicationauthoritydates,Protocol Protocol for Provider Agency Appeal of Child and family Team,,Document header (application/authority/dates),,Ch31_Field_Services,protocol,pending_extraction_qa,guardrail_reference_only,current,,1900-01-01,,true,QA signoff required; high-risk legal domain; high_risk=juvenile-court procedure,Adopt with revision,Corpus administrator,Blocks production display until signed off,"Current law, source authority, or high-risk status cannot be confirmed",chunk_count=2; chunk_types=metadata:1|protocol:1; high_risk_domains=juvenile-court procedure
qa_signoff_required_version,High,dcs_policy,dcs_policies_procedures,307_16.60_Foster_Child_Youth_Bill_of_Rights.pdf,7ad308144ea74d34a972a9f01268875aaa1be06421e03817f2ae5a50b0794782,Benchbook.ai Database Files/DCS P&P/TN_DCS_Policies/Ch16A_Foster_Care/307_16.60_Foster_Child_Youth_Bill_of_Rights.pdf,,ed7f95d8-7bbf-535c-a2e3-9e1820dbf58a,d3632fbe-6bd1-50ea-ba27-eaad66f6b37b,DCS Policy 16.60,dcspolicy1660,Foster Child/Youth Bill of Rights,,Document header (application/authority/dates),16.60,Ch16A_Foster_Care,policy,pending_extraction_qa,guardrail_reference_only,current,,1900-01-01,,true,QA signoff required; high-risk legal domain; high_risk=juvenile-court procedure,Adopt with revision,Corpus administrator,Blocks production display until signed off,"Current law, source authority, or high-risk status cannot be confirmed",chunk_count=7; chunk_types=metadata:1|policy_text:6; high_risk_domains=juvenile-court procedure
qa_signoff_required_version,High,dcs_policy,dcs_policies_procedures,641_Guide_Case_Process_Review_Guide.pdf,2bc84425e8ed1f72b2d2aefa1a6fcaea0454c3ddde068766e8c71252bb88dd99,Benchbook.ai Database Files/DCS P&P/TN_DCS_Policies/Ch31_Field_Services/641_Guide_Case_Process_Review_Guide.pdf,,fa66e83e-11cf-5fd6-9a22-62506d52cdd7,d428cd9c-a4ef-5630-961f-91ca2180b25d,Document header (application/authority/dates),documentheaderapplicationauthoritydates,Guide Case Process Review Guide,,Document header (application/authority/dates),,Ch31_Field_Services,guide,pending_extraction_qa,guardrail_reference_only,current,,1900-01-01,,true,QA signoff required; high-risk legal domain; high_risk=juvenile-court procedure,Adopt with revision,Corpus administrator,Blocks production display until signed off,"Current law, source authority, or high-risk status cannot be confirmed",chunk_count=2; chunk_types=guide:1|metadata:1; high_risk_domains=juvenile-court procedure
qa_signoff_required_version,High,dcs_policy,dcs_policies_procedures,236_Protocol_Protocol_for_Statewide_Custodial_and_Court-Ordered_Non-Custo.pdf,4a889e6caae2ccf3d490e17c461194563fc247bc4648ebafacbddf22f4cd7925,Benchbook.ai Database Files/DCS P&P/TN_DCS_Policies/Ch14_CPS/236_Protocol_Protocol_for_Statewide_Custodial_and_Court-Ordered_Non-Custo.pdf,,1ba58c3b-15ab-566f-983f-d06fc77d55e6,d6b201f3-a0bc-5b17-bada-d5757fcff3a6,Document header (application/authority/dates),documentheaderapplicationauthoritydates,Protocol Protocol for Statewide Custodial and Court Ordered Non Custo,,Document header (application/authority/dates),,Ch14_CPS,protocol,pending_extraction_qa,guardrail_reference_only,current,,1900-01-01,,true,QA signoff required; high-risk legal domain; high_risk=juvenile-court procedure,Adopt with revision,Corpus administrator,Blocks production display until signed off,"Current law, source authority, or high-risk status cannot be confirmed",chunk_count=6; chunk_types=metadata:1|protocol:5; high_risk_domains=juvenile-court procedure
qa_signoff_required_version,High,statute,tca_title_37,37_1_101_37_1_201.pdf,423871eb310b5359f8fb18b9ddd970c37fdcfea65392db9e3fddae5531ca5d99,Benchbook.ai Database Files/Title 37/37_1_101_37_1_201.pdf,,bcc0bcaa-5504-5c44-9591-65a8846b3d10,d6dbf46a-631d-5a8c-87d8-d8186a9ffd12,Tenn. Code Ann. Sec. 37-1-162,tenncodeann371162,37-1-162. Supplement and account for juvenile court services improvement.,,37-1-162,,,1,pending_extraction_qa,general_answer_authority,current,,1900-01-01,,true,QA signoff required; high-risk legal domain; high_risk=juvenile-court procedure,Adopt with revision,Corpus administrator,Blocks production display until signed off,"Current law, source authority, or high-risk status cannot be confirmed",chunk_count=3; chunk_types=annotation_candidate:1|black_letter_text:1|history:1; high_risk_domains=juvenile-court procedure
qa_signoff_required_version,High,dcs_policy,dcs_policies_procedures,580_Protocol_Protocol_for_Court_Preparation_and_Attendance_for_Foster_Car.pdf,fc8aa4b1ac8244ad89749374209465e7dbbc08075ddee8962a5759f990913b0f,Benchbook.ai Database Files/DCS P&P/TN_DCS_Policies/Ch31_Field_Services/580_Protocol_Protocol_for_Court_Preparation_and_Attendance_for_Foster_Car.pdf,,8c89a956-7893-5de8-9218-5d362478c5d7,d7329601-050c-5d97-aa51-431e7a161c7d,Document header (application/authority/dates),documentheaderapplicationauthoritydates,Protocol Protocol for Court Preparation and Attendance for Foster Car,,Document header (application/authority/dates),,Ch31_Field_Services,protocol,pending_extraction_qa,guardrail_reference_only,current,,1900-01-01,,true,QA signoff required; high-risk legal domain; high_risk=juvenile-court procedure,Adopt with revision,Corpus administrator,Blocks production display until signed off,"Current law, source authority, or high-risk status cannot be confirmed",chunk_count=8; chunk_types=metadata:1|protocol:7; high_risk_domains=juvenile-court procedure
qa_signoff_required_version,High,dcs_policy,dcs_policies_procedures,184_Protocol_Protocol_for_Screening_Priority_Response_and_Assignment_of_C.pdf,74a34bf41d69415149419acdc5d545a2848a6af4bc66bd99c1593f89e1a83f23,Benchbook.ai Database Files/DCS P&P/TN_DCS_Policies/Ch14_CPS/184_Protocol_Protocol_for_Screening_Priority_Response_and_Assignment_of_C.pdf,,183a3e71-74ea-57e8-b776-01cc29816d6b,d7ed1254-d40f-5f00-b970-38193e0b2358,Document header (application/authority/dates),documentheaderapplicationauthoritydates,Protocol Protocol for Screening Priority Response and Assignment of C,,Document header (application/authority/dates),,Ch14_CPS,protocol,pending_extraction_qa,guardrail_reference_only,current,,1900-01-01,,true,QA signoff required; high-risk legal domain; high_risk=juvenile-court procedure,Adopt with revision,Corpus administrator,Blocks production display until signed off,"Current law, source authority, or high-risk status cannot be confirmed",chunk_count=8; chunk_types=metadata:1|protocol:7; high_risk_domains=juvenile-court procedure
qa_signoff_required_version,High,statute,tca_title_36,36_6_204_36_7_203.pdf,b3eb20c2869ce0b1df79f8f8113ebd6f96eb14a6621569c447c3f6f073f38e9b,Benchbook.ai Database Files/Title 36/36_6_204_36_7_203.pdf,,329d90dd-c0f3-5d25-bfa5-525691666bc6,d8548bbb-a5f2-5d08-9583-5bcc616f4f6c,Tenn. Code Ann. Sec. 36-6-411,tenncodeann366411,36-6-411. Juvenile court jurisdiction.,,36-6-411,,,6,pending_extraction_qa,general_answer_authority,current,,1900-01-01,,true,QA signoff required; high-risk legal domain; high_risk=juvenile-court procedure,Adopt with revision,Corpus administrator,Blocks production display until signed off,"Current law, source authority, or high-risk status cannot be confirmed",chunk_count=5; chunk_types=annotation_candidate:3|black_letter_text:1|history:1; high_risk_domains=juvenile-court procedure
qa_signoff_required_version,High,statute,tca_title_36,36_7_204_36_8_104.pdf,48b043f0038b786c6484b6bfa2f6c00f194f620ce2e7dca863080830d67879e4,Benchbook.ai Database Files/Title 36/36_7_204_36_8_104.pdf,,ac96056f-63f6-5945-811e-feeb55a163b8,d8aaa2b7-7a8a-50b7-bbd0-21df1836d82d,Tenn. Code Ann. Sec. 36-7-308,tenncodeann367308,36-7-308. Content of temporary custody order.,,36-7-308,,,7,pending_extraction_qa,general_answer_authority,current,,1900-01-01,,true,QA signoff required; high-risk legal domain; high_risk=custody,Adopt with revision,Corpus administrator,Blocks production display until signed off,"Current law, source authority, or high-risk status cannot be confirmed",chunk_count=2; chunk_types=black_letter_text:1|history:1; high_risk_domains=custody
qa_signoff_required_version,High,statute,tca_title_37,37_2_203_37_3_405.pdf,4505a32368dd82bcc6408f4fe16b2513cc23b2c810ae9254e0e21bc9d17153f5,Benchbook.ai Database Files/Title 37/37_2_203_37_3_405.pdf,,6005607f-83e7-5619-a510-4bd64a996e9a,d9e7cd47-72cd-5028-b6da-c26f75242c12,Tenn. Code Ann. Sec. 37-2-705,tenncodeann372705,37-2-705. Parental rights  -  Voluntary termination. [Effective when contingency met. See Compiler's Notes.],,37-2-705,,,2,pending_extraction_qa,general_answer_authority,unknown_effectivity,Effective when contingency met. See Compiler's Notes.,,,true,unknown-effective-date issue; QA signoff required; high-risk legal domain; warnings=effective_dated_version_unit; high_risk=termination of parental rights,Adopt with revision,Corpus administrator,Blocks production display until signed off,"Current law, source authority, or high-risk status cannot be confirmed",chunk_count=3; chunk_types=annotation_candidate:1|black_letter_text:1|history:1; warning_counts=effective_dated_version_unit:3; high_risk_domains=termination of parental rights
qa_signoff_required_version,High,statute,tca_title_37,37_2_203_37_3_405.pdf,4505a32368dd82bcc6408f4fe16b2513cc23b2c810ae9254e0e21bc9d17153f5,Benchbook.ai Database Files/Title 37/37_2_203_37_3_405.pdf,,7f851312-4f8d-55e3-be57-295032b7c539,da5e1953-d09d-59ce-b025-03561f298ea1,Tenn. Code Ann. Sec. 37-2-714,tenncodeann372714,37-2-714. Rules. [Effective when contingency met. See Compiler's Notes.],,37-2-714,,,2,pending_extraction_qa,general_answer_authority,unknown_effectivity,Effective when contingency met. See Compiler's Notes.,,,true,unknown-effective-date issue; QA signoff required; warnings=effective_dated_version_unit,Adopt with revision,Corpus administrator,Blocks production display until signed off,"Current law, source authority, or high-risk status cannot be confirmed",chunk_count=3; chunk_types=annotation_candidate:1|black_letter_text:1|history:1; warning_counts=effective_dated_version_unit:3
qa_signoff_required_version,High,dcs_policy,dcs_policies_procedures,611_Protocol_Protocol_for_Repatriation_of_Children_Youth_Back_to_the_Unit.pdf,f41cd01afcf221da2a1dc93f445ff5fbdbd99cc1b45ac335632f95a1eeca4479,Benchbook.ai Database Files/DCS P&P/TN_DCS_Policies/Ch31_Field_Services/611_Protocol_Protocol_for_Repatriation_of_Children_Youth_Back_to_the_Unit.pdf,,8b9b1ac1-a37c-5068-bf54-65ceb45b192f,dc4cde86-2455-5851-a1d4-0cde473f72fd,Document header (application/authority/dates),documentheaderapplicationauthoritydates,Protocol Protocol for Repatriation of Children Youth Back to the Unit,,Document header (application/authority/dates),,Ch31_Field_Services,protocol,pending_extraction_qa,guardrail_reference_only,current,,1900-01-01,,true,QA signoff required; high-risk legal domain; high_risk=juvenile-court procedure,Adopt with revision,Corpus administrator,Blocks production display until signed off,"Current law, source authority, or high-risk status cannot be confirmed",chunk_count=3; chunk_types=metadata:1|protocol:2; high_risk_domains=juvenile-court procedure
qa_signoff_required_version,High,rule,tenn_rules_juvenile_practice_procedure,Tenn. R. Juv. P. Rules.pdf,896900cf9175f11a38df986da4af09e62632abd8aa865b24d35b3e5a8beee541,Benchbook.ai Database Files/Tenn. R. Juv. P. Rules.pdf,,4ec0473c-eee2-5323-bab2-dccac749e2ba,dd8535fc-4293-5164-a3af-5efb099e2f03,Tenn. R. Juv. P. 202,tennrjuvp202,Rule 202. Pretrial diversion.,202,,,,,pending_extraction_qa,general_answer_authority,current,,1900-01-01,,true,QA signoff required; high-risk legal domain; high_risk=juvenile-court procedure,Adopt with revision,Corpus administrator,Blocks production display until signed off,"Current law, source authority, or high-risk status cannot be confirmed",chunk_count=5; chunk_types=advisory_comment:1|annotation_candidate:2|black_letter_text:1|history:1; high_risk_domains=juvenile-court procedure
qa_signoff_required_version,High,dcs_policy,dcs_policies_procedures,335_Attachment_Guidelines_for_Life_Story_Books.pdf,39fe02191840f22393186e40b8de085fe0dd8491e1c410045785fd1346307580,Benchbook.ai Database Files/DCS P&P/TN_DCS_Policies/Ch16B_Foster_Homes/335_Attachment_Guidelines_for_Life_Story_Books.pdf,,9596ae61-207d-5d7e-8e3c-eaa21bb2917c,dddbf6f5-f648-5cd5-a011-8b4d4b6b6ae3,Document header (application/authority/dates),documentheaderapplicationauthoritydates,Attachment Guidelines for Life Story Books,,Document header (application/authority/dates),,Ch16B_Foster_Homes,unknown,pending_extraction_qa,guardrail_reference_only,current,,1900-01-01,,true,QA signoff required; high-risk legal domain; high_risk=juvenile-court procedure,Adopt with revision,Corpus administrator,Blocks production display until signed off,"Current law, source authority, or high-risk status cannot be confirmed",chunk_count=1; chunk_types=metadata:1; high_risk_domains=juvenile-court procedure
qa_signoff_required_version,High,dcs_policy,dcs_policies_procedures,578_Protocol_Protocol_for_Completion_of_the_Toddler_and_Infant_Needs_and.pdf,c8c087efcd78d74f981d2f239243e0cd9175a7aaf54fcb9d3b0c3602db47a481,Benchbook.ai Database Files/DCS P&P/TN_DCS_Policies/Ch31_Field_Services/578_Protocol_Protocol_for_Completion_of_the_Toddler_and_Infant_Needs_and.pdf,,f6f15ff6-48f5-52d3-9068-9f8167b6fe7f,de5faa7e-0f15-5b69-89ef-a3d7573ae330,Document header (application/authority/dates),documentheaderapplicationauthoritydates,Protocol Protocol for Completion of the Toddler and Infant Needs and,,Document header (application/authority/dates),,Ch31_Field_Services,protocol,pending_extraction_qa,guardrail_reference_only,current,,1900-01-01,,true,QA signoff required; high-risk legal domain; high_risk=juvenile-court procedure,Adopt with revision,Corpus administrator,Blocks production display until signed off,"Current law, source authority, or high-risk status cannot be confirmed",chunk_count=2; chunk_types=metadata:1|protocol:1; high_risk_domains=juvenile-court procedure
qa_signoff_required_version,High,statute,tca_title_36,36_6_204_36_7_203.pdf,b3eb20c2869ce0b1df79f8f8113ebd6f96eb14a6621569c447c3f6f073f38e9b,Benchbook.ai Database Files/Title 36/36_6_204_36_7_203.pdf,,e9a1ea0e-94f3-5594-8131-4ca290fa6ff3,de85e00e-243f-588b-8cd2-d5c9ade0e8aa,Tenn. Code Ann. Sec. 36-6-307,tenncodeann366307,36-6-307. Determination of best interests of child for grandparent visitations.,,36-6-307,,,6,pending_extraction_qa,general_answer_authority,current,,1900-01-01,,true,QA signoff required; high-risk legal domain; high_risk=termination of parental rights,Adopt with revision,Corpus administrator,Blocks production display until signed off,"Current law, source authority, or high-risk status cannot be confirmed",chunk_count=5; chunk_types=annotation_candidate:1|black_letter_text:1|case_note_candidate:2|history:1; high_risk_domains=termination of parental rights
qa_signoff_required_version,High,statute,tca_title_37,37_5_208_37_11_102.pdf,671e49bb1997d77bd0554e6c8d9ea6603947e3c8da80994b9ccd250b7f399378,Benchbook.ai Database Files/Title 37/37_5_208_37_11_102.pdf,,30c5e32e-053d-50f4-b6d1-4ec52d1225c6,df22277c-7dd6-58d3-8557-8dd2aa96f643,Tenn. Code Ann. Sec. 37-5-522,tenncodeann375522,37-5-522. Procedures for children not subject to the Interstate Compact on the Placement of Children.,,37-5-522,,,5,pending_extraction_qa,general_answer_authority,current,,1900-01-01,,true,QA signoff required; high-risk legal domain; high_risk=juvenile-court procedure,Adopt with revision,Corpus administrator,Blocks production display until signed off,"Current law, source authority, or high-risk status cannot be confirmed",chunk_count=2; chunk_types=black_letter_text:1|history:1; high_risk_domains=juvenile-court procedure
qa_signoff_required_version,High,statute,tca_title_37,37_1_202_37_2_202.pdf,9cd08fcaae4176f55dd74ead07e414a9d249a0777f0f7249175756d29833d45c,Benchbook.ai Database Files/Title 37/37_1_202_37_2_202.pdf,,dd5c2a18-e9c2-5550-8403-66eaa3db87af,df4db69f-5b57-575a-bf46-c10d8d94bf98,Tenn. Code Ann. Sec. 37-1-801,tenncodeann371801,37-1-801. Power of the juvenile courts to appoint a permanent guardian.,,37-1-801,,,1,pending_extraction_qa,general_answer_authority,current,,1900-01-01,,true,QA signoff required; high-risk legal domain; high_risk=juvenile-court procedure,Adopt with revision,Corpus administrator,Blocks production display until signed off,"Current law, source authority, or high-risk status cannot be confirmed",chunk_count=2; chunk_types=black_letter_text:1|history:1; high_risk_domains=juvenile-court procedure
qa_signoff_required_version,High,dcs_policy,dcs_policies_procedures,190_14.3_Child_Protective_Services_Intake_Analyst_Responsibilities.pdf,62eb060d15232830053798ff961ec142d049a75ead1927b362072489b5014d68,Benchbook.ai Database Files/DCS P&P/TN_DCS_Policies/Ch14_CPS/190_14.3_Child_Protective_Services_Intake_Analyst_Responsibilities.pdf,,8bca5bd6-6114-537e-8499-d2dc6898aef5,e0378859-09d5-574a-84ec-bfc3838dedf6,DCS Policy 14.3,dcspolicy143,Child Protective Services Intake Analyst Responsibilities,,Document header (application/authority/dates),14.3,Ch14_CPS,policy,pending_extraction_qa,guardrail_reference_only,current,,1900-01-01,,true,QA signoff required; high-risk legal domain; high_risk=juvenile-court procedure,Adopt with revision,Corpus administrator,Blocks production display until signed off,"Current law, source authority, or high-risk status cannot be confirmed",chunk_count=10; chunk_types=metadata:1|policy_text:9; high_risk_domains=juvenile-court procedure
qa_signoff_required_version,High,statute,tca_title_36,36_7_204_36_8_104.pdf,48b043f0038b786c6484b6bfa2f6c00f194f620ce2e7dca863080830d67879e4,Benchbook.ai Database Files/Title 36/36_7_204_36_8_104.pdf,,1ba98dbe-494d-5db0-be2a-d3d37b5ede09,e04db94a-108c-53ea-a44c-82f81ff444e7,Tenn. Code Ann. Sec. 36-8-103,tenncodeann368103,36-8-103. Parents' fundamental rights  -  Exceptions and exclusions  -  Mandatory disclosure to parents  -  Right of action against government,,36-8-103,,,7,pending_extraction_qa,general_answer_authority,current,"Effective until July 1, 2026. See the version effective on July 1, 2026.",1900-01-01,2026-07-01,true,current-law confidence issue; QA signoff required; warnings=effective_dated_version_text,Adopt with revision,Corpus administrator,Blocks production display until signed off,"Current law, source authority, or high-risk status cannot be confirmed",chunk_count=1; chunk_types=black_letter_text:1; warning_counts=effective_dated_version_text:1
qa_signoff_required_version,High,dcs_policy,dcs_policies_procedures,633_Protocol_Protocol_for_Childcare_Assistance_Referral_and_Authorization.pdf,60cda38807c1d0bb265982868a6ea63cc62921994ac043d730d3032b46dd1b89,Benchbook.ai Database Files/DCS P&P/TN_DCS_Policies/Ch31_Field_Services/633_Protocol_Protocol_for_Childcare_Assistance_Referral_and_Authorization.pdf,,75a28e6f-6506-5745-8d28-b2298c252553,e1ac019a-02bc-5ab5-84b4-960312224e78,Document header (application/authority/dates),documentheaderapplicationauthoritydates,Protocol Protocol for Childcare Assistance Referral and Authorization,,Document header (application/authority/dates),,Ch31_Field_Services,protocol,pending_extraction_qa,guardrail_reference_only,current,,1900-01-01,,true,QA signoff required; high-risk legal domain; high_risk=juvenile-court procedure,Adopt with revision,Corpus administrator,Blocks production display until signed off,"Current law, source authority, or high-risk status cannot be confirmed",chunk_count=8; chunk_types=metadata:1|protocol:7; high_risk_domains=juvenile-court procedure
qa_signoff_required_version,High,dcs_policy,dcs_policies_procedures,196_Protocol_Protocol_for_Non-Custodial_Child_and_Family_Team_Meeting.pdf,50a3532b7bfc17e091e1c9fea72ec9c7a31de9c7fdede304fa7f06af6af67fe9,Benchbook.ai Database Files/DCS P&P/TN_DCS_Policies/Ch14_CPS/196_Protocol_Protocol_for_Non-Custodial_Child_and_Family_Team_Meeting.pdf,,26f2b260-a8ee-5019-82f2-20d577eedf26,e1bac37d-f71c-5123-9c98-58bed1be254e,Document header (application/authority/dates),documentheaderapplicationauthoritydates,Protocol Protocol for Non Custodial Child and Family Team Meeting,,Document header (application/authority/dates),,Ch14_CPS,protocol,pending_extraction_qa,guardrail_reference_only,current,,1900-01-01,,true,QA signoff required; high-risk legal domain; high_risk=juvenile-court procedure,Adopt with revision,Corpus administrator,Blocks production display until signed off,"Current law, source authority, or high-risk status cannot be confirmed",chunk_count=2; chunk_types=metadata:1|protocol:1; high_risk_domains=juvenile-court procedure
qa_signoff_required_version,High,statute,tca_title_37,37_1_101_37_1_201.pdf,423871eb310b5359f8fb18b9ddd970c37fdcfea65392db9e3fddae5531ca5d99,Benchbook.ai Database Files/Title 37/37_1_101_37_1_201.pdf,,ef0392ec-eafb-511c-a8b9-cf5f5c886cd6,e1bff992-2c88-527a-b6cc-610d5e4c94a5,Tenn. Code Ann. Sec. 37-1-195,tenncodeann371195,"37-1-195. Notification of a restorative justice option. [Effective July 1, 2026.]",,37-1-195,,,1,pending_extraction_qa,general_answer_authority,future_effective,"Effective July 1, 2026.",2026-07-01,,true,future-effective issue; QA signoff required; warnings=effective_dated_version_unit,Adopt with revision,Corpus administrator,Blocks production display until signed off,"Current law, source authority, or high-risk status cannot be confirmed",chunk_count=3; chunk_types=annotation_candidate:1|black_letter_text:1|history:1; warning_counts=effective_dated_version_unit:3
qa_signoff_required_version,High,dcs_policy,dcs_policies_procedures,340_N_A_Required_Training_Chart_for_Foster_Parents.pdf,d4cc1861c6b861421da445460aa3113b4615b7eefa89e338d86ee77d5cd95e45,Benchbook.ai Database Files/DCS P&P/TN_DCS_Policies/Ch16B_Foster_Homes/340_N_A_Required_Training_Chart_for_Foster_Parents.pdf,,dfeb42b9-7180-56c4-8e43-6e24eb0bff88,e22507d4-5f92-56ec-938b-f1f73390874b,DCS Policy 16.9,dcspolicy169,ATTACHMENT: REQUIRED TRAINING CHART FOR FOSTER PARENTS,,Document header (application/authority/dates),16.9,Ch16B_Foster_Homes,n_a,pending_extraction_qa,guardrail_reference_only,current,,1900-01-01,,true,QA signoff required; high-risk legal domain; high_risk=juvenile-court procedure,Adopt with revision,Corpus administrator,Blocks production display until signed off,"Current law, source authority, or high-risk status cannot be confirmed",chunk_count=11; chunk_types=metadata:1|unknown:10; high_risk_domains=juvenile-court procedure
qa_signoff_required_version,High,statute,tca_title_37,37_5_208_37_11_102.pdf,671e49bb1997d77bd0554e6c8d9ea6603947e3c8da80994b9ccd250b7f399378,Benchbook.ai Database Files/Title 37/37_5_208_37_11_102.pdf,,352f4001-854d-5824-a77a-0e7b9b00b886,e231d069-e706-56a0-bb1a-f53a486ec8ee,Tenn. Code Ann. Sec. 37-5-604,tenncodeann375604,"37-5-604. Screening instrument  -  Assessment  -  Determination of level of intervention  -  Investigation of reports of harm or sexual abuse. [Effective on January 1, 2027. See the version effective until January 1, 2027.]",,37-5-604,,,5,pending_extraction_qa,general_answer_authority,future_effective,"Effective on January 1, 2027. See the version effective until January 1, 2027.",2027-01-01,,true,future-effective issue; QA signoff required; high-risk legal domain; warnings=effective_dated_version_unit; high_risk=termination of parental rights,Adopt with revision,Corpus administrator,Blocks production display until signed off,"Current law, source authority, or high-risk status cannot be confirmed",chunk_count=4; chunk_types=annotation_candidate:2|black_letter_text:1|history:1; warning_counts=effective_dated_version_unit:4; high_risk_domains=termination of parental rights
qa_signoff_required_version,High,statute,tca_title_36,36_1_101_36_3_302.pdf,a6b1c6cff6bb307f3a639c10092c82a25e738e587f1b374a6317441324525720,Benchbook.ai Database Files/Title 36/36_1_101_36_3_302.pdf,,3049b264-e1d0-5d87-8ee4-1a4754570505,e2f6f867-5dbb-5b66-aab9-3648d372ba76,Tenn. Code Ann. Sec. 36-1-103,tenncodeann361103,36-1-103. Prior adoptions and terminations of parental rights involving minors and prior adoptions of adults ratified.,,36-1-103,,,1,pending_extraction_qa,general_answer_authority,current,,1900-01-01,,true,QA signoff required; high-risk legal domain; high_risk=adoption|termination of parental rights,Adopt with revision,Corpus administrator,Blocks production display until signed off,"Current law, source authority, or high-risk status cannot be confirmed",chunk_count=4; chunk_types=annotation_candidate:2|black_letter_text:1|history:1; high_risk_domains=adoption|termination of parental rights
qa_signoff_required_version,High,dcs_policy,dcs_policies_procedures,210_Guide_Non-Custodial_Waiver_Guide.pdf,67e3401a0b33f551332f875bb28ec01c8899319518db93e215b2caa9ce04d7cc,Benchbook.ai Database Files/DCS P&P/TN_DCS_Policies/Ch14_CPS/210_Guide_Non-Custodial_Waiver_Guide.pdf,,09888a6f-8b25-5d04-9ed9-a8fc70dc7b7f,e385fb40-e96f-5e54-9449-0d30b2e620b8,Document header (application/authority/dates),documentheaderapplicationauthoritydates,Guide Non Custodial Waiver Guide,,Document header (application/authority/dates),,Ch14_CPS,guide,pending_extraction_qa,guardrail_reference_only,current,,1900-01-01,,true,QA signoff required; high-risk legal domain; high_risk=juvenile-court procedure,Adopt with revision,Corpus administrator,Blocks production display until signed off,"Current law, source authority, or high-risk status cannot be confirmed",chunk_count=3; chunk_types=guide:2|metadata:1; high_risk_domains=juvenile-court procedure
qa_signoff_required_version,High,statute,tca_title_37,37_2_203_37_3_405.pdf,4505a32368dd82bcc6408f4fe16b2513cc23b2c810ae9254e0e21bc9d17153f5,Benchbook.ai Database Files/Title 37/37_2_203_37_3_405.pdf,,c9dc66c8-c227-5d71-a1c0-d87a2b84c9cd,e79ddfd1-9a76-55cb-a64f-998d3869cabc,Tenn. Code Ann. Sec. 37-2-703,tenncodeann372703,37-2-703. Indian tribe jurisdiction over Indian child custody proceedings.,,37-2-703,,,2,pending_extraction_qa,general_answer_authority,unknown_effectivity,Effective when contingency met. See Compiler's Notes.,,,true,unknown-effective-date issue; QA signoff required; high-risk legal domain; warnings=effective_dated_version_text; high_risk=custody,Adopt with revision,Corpus administrator,Blocks production display until signed off,"Current law, source authority, or high-risk status cannot be confirmed",chunk_count=1; chunk_types=black_letter_text:1; warning_counts=effective_dated_version_text:1; high_risk_domains=custody
qa_signoff_required_version,High,dcs_policy,dcs_policies_procedures,581_Work_Aid_Work_Aid_for_Cases_Assigned_to_a_Safe_Baby_Court.pdf,de59d52ec685826ff544ec88b1dd18ab573c307ede1929dc7a897f3f1f24d047,Benchbook.ai Database Files/DCS P&P/TN_DCS_Policies/Ch31_Field_Services/581_Work_Aid_Work_Aid_for_Cases_Assigned_to_a_Safe_Baby_Court.pdf,,1425fee8-64e8-55a2-a4fc-268c290b9b22,e9702156-5f7b-50af-b41e-ad58d47936d5,Document header (application/authority/dates),documentheaderapplicationauthoritydates,Work Aid Work Aid for Cases Assigned to a Safe Baby Court,,Document header (application/authority/dates),,Ch31_Field_Services,work_aid,pending_extraction_qa,guardrail_reference_only,current,,1900-01-01,,true,QA signoff required; high-risk legal domain; high_risk=juvenile-court procedure,Adopt with revision,Corpus administrator,Blocks production display until signed off,"Current law, source authority, or high-risk status cannot be confirmed",chunk_count=8; chunk_types=metadata:1|work_aid:7; high_risk_domains=juvenile-court procedure
qa_signoff_required_version,High,dcs_policy,dcs_policies_procedures,203_14.8_Child_Protective_Services_Second_Shift.pdf,9bd7991a86ef8ee6d610a5c4d8aa4dccef2ac9427cfd33b6b384110f6dcbd2f0,Benchbook.ai Database Files/DCS P&P/TN_DCS_Policies/Ch14_CPS/203_14.8_Child_Protective_Services_Second_Shift.pdf,,77caf3d5-a257-5390-8eb2-6d5627636491,e9a24495-6a72-5f14-9f72-ac8f5e7badfb,DCS Policy 14.8,dcspolicy148,Child Protective Services Second Shift,,Document header (application/authority/dates),14.8,Ch14_CPS,policy,pending_extraction_qa,guardrail_reference_only,current,,1900-01-01,,true,QA signoff required; high-risk legal domain; high_risk=juvenile-court procedure,Adopt with revision,Corpus administrator,Blocks production display until signed off,"Current law, source authority, or high-risk status cannot be confirmed",chunk_count=7; chunk_types=metadata:1|policy_text:6; high_risk_domains=juvenile-court procedure
qa_signoff_required_version,High,statute,tca_title_37,37_1_101_37_1_201.pdf,423871eb310b5359f8fb18b9ddd970c37fdcfea65392db9e3fddae5531ca5d99,Benchbook.ai Database Files/Title 37/37_1_101_37_1_201.pdf,,76756239-4975-5e40-bc86-d1b279f4876c,e9fb0bcf-ea2e-57e2-b592-1f82f1047f3b,Tenn. Code Ann. Sec. 37-1-134,tenncodeann371134,37-1-134. Transfer from juvenile court.,,37-1-134,,,1,pending_extraction_qa,general_answer_authority,current,,1900-01-01,,true,QA signoff required; high-risk legal domain; warnings=unusually_large_chunk; high_risk=juvenile-court procedure,Adopt with revision,Corpus administrator,Blocks production display until signed off,"Current law, source authority, or high-risk status cannot be confirmed",chunk_count=19; chunk_types=annotation_candidate:3|black_letter_text:1|case_note_candidate:14|history:1; warning_counts=unusually_large_chunk:1; high_risk_domains=juvenile-court procedure
qa_signoff_required_version,High,dcs_policy,dcs_policies_procedures,334_Protocol_Protocol_for_Routine_Transportation.pdf,14f371ebd486cb9a28c195724732da0d069b966a230e8bc2070bb7928158dd0d,Benchbook.ai Database Files/DCS P&P/TN_DCS_Policies/Ch16B_Foster_Homes/334_Protocol_Protocol_for_Routine_Transportation.pdf,,4b1bb9ce-cb46-535f-9991-80d14fbd7820,ea8e8d03-e6d9-5d25-87d6-e7f99587a9f8,Document header (application/authority/dates),documentheaderapplicationauthoritydates,Protocol Protocol for Routine Transportation,,Document header (application/authority/dates),,Ch16B_Foster_Homes,protocol,pending_extraction_qa,guardrail_reference_only,current,,1900-01-01,,true,QA signoff required; high-risk legal domain; high_risk=juvenile-court procedure,Adopt with revision,Corpus administrator,Blocks production display until signed off,"Current law, source authority, or high-risk status cannot be confirmed",chunk_count=2; chunk_types=metadata:1|protocol:1; high_risk_domains=juvenile-court procedure
qa_signoff_required_version,High,dcs_policy,dcs_policies_procedures,596_31.6_Selective_Service_Voter_Registration_for_Youth_in_DCS_Custod.pdf,9f70d859d5ab5553d3865e98be4eb6230c27892e2e0ea078b42a7bc6cf7e5612,Benchbook.ai Database Files/DCS P&P/TN_DCS_Policies/Ch31_Field_Services/596_31.6_Selective_Service_Voter_Registration_for_Youth_in_DCS_Custod.pdf,,ece8b5f1-6aef-51b9-8fd6-09d263800cbd,eaa0c204-014d-5ee1-8cbd-ca7a827b63bc,DCS Policy 31.6,dcspolicy316,Selective Service/Voter Registration for Youth in DCS Custody or Young Adults,,Document header (application/authority/dates),31.6,Ch31_Field_Services,policy,pending_extraction_qa,guardrail_reference_only,current,,1900-01-01,,true,QA signoff required; high-risk legal domain; high_risk=custody|juvenile-court procedure,Adopt with revision,Corpus administrator,Blocks production display until signed off,"Current law, source authority, or high-risk status cannot be confirmed",chunk_count=10; chunk_types=metadata:1|policy_text:9; high_risk_domains=custody|juvenile-court procedure
qa_signoff_required_version,High,statute,tca_title_36,36_1_101_36_3_302.pdf,a6b1c6cff6bb307f3a639c10092c82a25e738e587f1b374a6317441324525720,Benchbook.ai Database Files/Title 36/36_1_101_36_3_302.pdf,,d863b595-bda9-5300-a7c0-89db9c036b61,eb8dc34a-9d07-5b47-83c0-7b9fec0328d6,Tenn. Code Ann. Sec. 36-2-314,tenncodeann362314,36-2-314. Expedited hearings and appeals in contested child custody cases involving unmarried parties.,,36-2-314,,,1,pending_extraction_qa,general_answer_authority,current,,1900-01-01,,true,QA signoff required; high-risk legal domain; high_risk=custody,Adopt with revision,Corpus administrator,Blocks production display until signed off,"Current law, source authority, or high-risk status cannot be confirmed",chunk_count=2; chunk_types=black_letter_text:1|history:1; high_risk_domains=custody
qa_signoff_required_version,High,dcs_policy,dcs_policies_procedures,587_Protocol_Protocol_for_Juvenile_Justice_Family_Permanency_Plan.pdf,50a5ab650f71d5367dddc240388eddab2c4b40637c6794f09d34a4d1e0bd6b35,Benchbook.ai Database Files/DCS P&P/TN_DCS_Policies/Ch31_Field_Services/587_Protocol_Protocol_for_Juvenile_Justice_Family_Permanency_Plan.pdf,,31c9ede1-f788-55b3-ae47-f68537b2fd34,ec440736-24c3-5b12-af9d-b73246550292,Document header (application/authority/dates),documentheaderapplicationauthoritydates,Protocol Protocol for Juvenile Justice Family Permanency Plan,,Document header (application/authority/dates),,Ch31_Field_Services,protocol,pending_extraction_qa,guardrail_reference_only,current,,1900-01-01,,true,QA signoff required; high-risk legal domain; high_risk=juvenile-court procedure,Adopt with revision,Corpus administrator,Blocks production display until signed off,"Current law, source authority, or high-risk status cannot be confirmed",chunk_count=8; chunk_types=metadata:1|protocol:7; high_risk_domains=juvenile-court procedure
qa_signoff_required_version,High,rule,tenn_rules_juvenile_practice_procedure,Tenn. R. Juv. P. Rules.pdf,896900cf9175f11a38df986da4af09e62632abd8aa865b24d35b3e5a8beee541,Benchbook.ai Database Files/Tenn. R. Juv. P. Rules.pdf,,95b54b94-c66b-58e1-804e-e45d865e4682,ec6bffb2-8488-5a8a-a07b-501711141458,Tenn. R. Juv. P. 302,tennrjuvp302,Rule 302. Procedures upon taking child into custody.,302,,,,,pending_extraction_qa,general_answer_authority,current,,1900-01-01,,true,QA signoff required; high-risk legal domain; high_risk=custody|juvenile-court procedure,Adopt with revision,Corpus administrator,Blocks production display until signed off,"Current law, source authority, or high-risk status cannot be confirmed",chunk_count=4; chunk_types=advisory_comment:1|annotation_candidate:1|black_letter_text:1|history:1; high_risk_domains=custody|juvenile-court procedure
qa_signoff_required_version,High,statute,tca_title_36,36_5_2309_36_6_203.pdf,2353abc408f0bcc640f4833f32d51ba2862b0c1e75a9aa2dde8ab576e5b23853,Benchbook.ai Database Files/Title 36/36_5_2309_36_6_203.pdf,,9bdd1a3e-c5a0-5e6b-828e-c68d1b93f741,edd66220-3bec-5024-be28-8c9e5840d3a0,Tenn. Code Ann. Sec. 36-5-2616,tenncodeann3652616,36-5-2616. Procedure to register child support order of foreign country for modification.,,36-5-2616,,,5,pending_extraction_qa,general_answer_authority,current,,1900-01-01,,true,QA signoff required; high-risk legal domain; high_risk=juvenile-court procedure,Adopt with revision,Corpus administrator,Blocks production display until signed off,"Current law, source authority, or high-risk status cannot be confirmed",chunk_count=6; chunk_types=advisory_comment:2|annotation_candidate:1|black_letter_text:2|history:1; high_risk_domains=juvenile-court procedure
qa_signoff_required_version,High,statute,tca_title_36,36_5_2309_36_6_203.pdf,2353abc408f0bcc640f4833f32d51ba2862b0c1e75a9aa2dde8ab576e5b23853,Benchbook.ai Database Files/Title 36/36_5_2309_36_6_203.pdf,,6a1cfbf0-77ef-557a-94c1-c51e624e7e87,edf48dd2-3830-56c8-994c-3c1354d761d7,Tenn. Code Ann. Sec. 36-6-106,tenncodeann366106,"36-6-106. Child custody. [Effective on July 1, 2026. See the version effective until July 1, 2026.]",,36-6-106,,,5,pending_extraction_qa,general_answer_authority,future_effective,"Effective on July 1, 2026. See the version effective until July 1, 2026.",2026-07-01,,true,future-effective issue; QA signoff required; high-risk legal domain; warnings=effective_dated_version_unit; high_risk=custody,Adopt with revision,Corpus administrator,Blocks production display until signed off,"Current law, source authority, or high-risk status cannot be confirmed",chunk_count=18; chunk_types=annotation_candidate:4|black_letter_text:1|case_note_candidate:12|history:1; warning_counts=effective_dated_version_unit:18|unusually_large_chunk:1; high_risk_domains=custody
qa_signoff_required_version,High,dcs_policy,dcs_policies_procedures,291_Protocol_Protocol_for_Establishing_a_Transitional_House.pdf,ee659f6765debe8559f5ab9ecaad87dafc78ede691f999b6b5e67eb58e0ed74b,Benchbook.ai Database Files/DCS P&P/TN_DCS_Policies/Ch16A_Foster_Care/291_Protocol_Protocol_for_Establishing_a_Transitional_House.pdf,,e0aa440a-0398-5956-b41a-8c528d273fb9,eec0af24-023c-59a7-9560-554a2db1a613,Document header (application/authority/dates),documentheaderapplicationauthoritydates,Protocol Protocol for Establishing a Transitional House,,Document header (application/authority/dates),,Ch16A_Foster_Care,protocol,pending_extraction_qa,guardrail_reference_only,current,,1900-01-01,,true,QA signoff required; high-risk legal domain; high_risk=juvenile-court procedure,Adopt with revision,Corpus administrator,Blocks production display until signed off,"Current law, source authority, or high-risk status cannot be confirmed",chunk_count=2; chunk_types=metadata:1|protocol:1; high_risk_domains=juvenile-court procedure
qa_signoff_required_version,High,statute,tca_title_36,36_3_303_36_5_120.pdf,9586bae9d4eb3f6038c70e28a5ee073367d26c34a9e30f254f32eb744c66d121,Benchbook.ai Database Files/Title 36/36_3_303_36_5_120.pdf,,bbd74152-bda5-5f9f-a4cb-adc573d41276,eee41d57-3f2a-518a-b886-e5edf6472f62,Tenn. Code Ann. Sec. 36-4-103,tenncodeann364103,36-4-103. Irreconcilable differences  -  Procedure.,,36-4-103,,,3,pending_extraction_qa,general_answer_authority,current,,1900-01-01,,true,QA signoff required; high-risk legal domain; high_risk=juvenile-court procedure,Adopt with revision,Corpus administrator,Blocks production display until signed off,"Current law, source authority, or high-risk status cannot be confirmed",chunk_count=6; chunk_types=annotation_candidate:2|black_letter_text:1|case_note_candidate:2|history:1; high_risk_domains=juvenile-court procedure
qa_signoff_required_version,High,statute,tca_title_36,36_6_204_36_7_203.pdf,b3eb20c2869ce0b1df79f8f8113ebd6f96eb14a6621569c447c3f6f073f38e9b,Benchbook.ai Database Files/Title 36/36_6_204_36_7_203.pdf,,0ab9126a-fd26-5163-af42-efcb5ebb2b8f,efd53756-10c7-52b5-97cf-5394ecdbb0ed,Tenn. Code Ann. Sec. 36-6-231,tenncodeann366231,36-6-231. Proceeding for enforcement of registered decree when modification procedures are pending in another state.,,36-6-231,,,6,pending_extraction_qa,general_answer_authority,current,,1900-01-01,,true,QA signoff required; high-risk legal domain; high_risk=juvenile-court procedure,Adopt with revision,Corpus administrator,Blocks production display until signed off,"Current law, source authority, or high-risk status cannot be confirmed",chunk_count=4; chunk_types=advisory_comment:1|black_letter_text:1|case_note_candidate:1|history:1; high_risk_domains=juvenile-court procedure
qa_signoff_required_version,High,dcs_policy,dcs_policies_procedures,273_Protocol_Protocol_for_Permanency_Planning_for_Children_Youth_in_the_D.pdf,0de3e12571be45f01fdc9d0cc3125c528f9549c12b95749986536411a8150577,Benchbook.ai Database Files/DCS P&P/TN_DCS_Policies/Ch16A_Foster_Care/273_Protocol_Protocol_for_Permanency_Planning_for_Children_Youth_in_the_D.pdf,,2d282746-c183-580c-bfac-68825b61321e,effb4a5e-a1fa-5641-9f7f-d6def365b794,Document header (application/authority/dates),documentheaderapplicationauthoritydates,Protocol Protocol for Permanency Planning for Children Youth in the D,,Document header (application/authority/dates),,Ch16A_Foster_Care,protocol,pending_extraction_qa,guardrail_reference_only,current,,1900-01-01,,true,QA signoff required; high-risk legal domain; high_risk=juvenile-court procedure,Adopt with revision,Corpus administrator,Blocks production display until signed off,"Current law, source authority, or high-risk status cannot be confirmed",chunk_count=16; chunk_types=metadata:1|protocol:15; high_risk_domains=juvenile-court procedure
qa_signoff_required_version,High,dcs_policy,dcs_policies_procedures,333_Protocol_Protocol_for_Clothing_and_Allowance.pdf,43f0a2f3def209699482fdcbd436a0ff1f90033200332bd35e6b508a19e90175,Benchbook.ai Database Files/DCS P&P/TN_DCS_Policies/Ch16B_Foster_Homes/333_Protocol_Protocol_for_Clothing_and_Allowance.pdf,,c92501cc-e897-5608-8800-9b3fa2b6caee,f0231390-6f98-55d2-b823-37f50f51f883,DCS Policy 16.8,dcspolicy168,"7/18/22, 16.29 Page 1 of 3",,Document header (application/authority/dates),16.8,Ch16B_Foster_Homes,protocol,pending_extraction_qa,guardrail_reference_only,current,,1900-01-01,,true,QA signoff required; high-risk legal domain; high_risk=juvenile-court procedure,Adopt with revision,Corpus administrator,Blocks production display until signed off,"Current law, source authority, or high-risk status cannot be confirmed",chunk_count=2; chunk_types=metadata:1|protocol:1; high_risk_domains=juvenile-court procedure
qa_signoff_required_version,High,dcs_policy,dcs_policies_procedures,298_16.51_Independent_Living_and_Transition_Planning.pdf,6c03529d0ac9f8b9a9614441cefec3a036824bff0a8beb3767a221d48cff8ffc,Benchbook.ai Database Files/DCS P&P/TN_DCS_Policies/Ch16A_Foster_Care/298_16.51_Independent_Living_and_Transition_Planning.pdf,,e3df4600-4676-5819-a24f-8edddc238a4d,f06c9409-d7c7-510b-918d-35448d41b277,DCS Policy 16.51,dcspolicy1651,Independent Living and Transition Planning,,Document header (application/authority/dates),16.51,Ch16A_Foster_Care,policy,pending_extraction_qa,guardrail_reference_only,current,,1900-01-01,,true,QA signoff required; high-risk legal domain; high_risk=dependency and neglect|juvenile-court procedure,Adopt with revision,Corpus administrator,Blocks production display until signed off,"Current law, source authority, or high-risk status cannot be confirmed",chunk_count=7; chunk_types=metadata:1|policy_text:6; high_risk_domains=dependency and neglect|juvenile-court procedure
qa_signoff_required_version,High,statute,tca_title_37,37_2_203_37_3_405.pdf,4505a32368dd82bcc6408f4fe16b2513cc23b2c810ae9254e0e21bc9d17153f5,Benchbook.ai Database Files/Title 37/37_2_203_37_3_405.pdf,,4cd01c5d-f90f-576d-8dff-c12ccaa177cd,f16985e3-f978-5ad8-809d-10ee41836d0f,Tenn. Code Ann. Sec. 37-2-205,tenncodeann372205,"37-2-205. Commitment of dependent and neglected, delinquent or unruly children  -  Contracts for per diem allowance  -  Records  -  Minimum",,37-2-205,,,2,pending_extraction_qa,general_answer_authority,current,,1900-01-01,,true,QA signoff required; high-risk legal domain; high_risk=dependency and neglect,Adopt with revision,Corpus administrator,Blocks production display until signed off,"Current law, source authority, or high-risk status cannot be confirmed",chunk_count=3; chunk_types=annotation_candidate:1|black_letter_text:1|history:1; high_risk_domains=dependency and neglect
qa_signoff_required_version,High,dcs_policy,dcs_policies_procedures,632_31.17_Childcare_Assistance.pdf,069919a727c147534dfc24db86f7c45ebcec63399317b1b404f6b091c0a534c5,Benchbook.ai Database Files/DCS P&P/TN_DCS_Policies/Ch31_Field_Services/632_31.17_Childcare_Assistance.pdf,,3b9a6651-f74a-5e18-bb6c-ab823f0b4bf1,f17b7c67-bc9f-538b-94cd-28f83e6ebcdf,DCS Policy 31.17,dcspolicy3117,Childcare Assistance,,Document header (application/authority/dates),31.17,Ch31_Field_Services,policy,pending_extraction_qa,guardrail_reference_only,current,,1900-01-01,,true,QA signoff required; high-risk legal domain; high_risk=juvenile-court procedure|termination of parental rights,Adopt with revision,Corpus administrator,Blocks production display until signed off,"Current law, source authority, or high-risk status cannot be confirmed",chunk_count=12; chunk_types=metadata:1|policy_text:11; high_risk_domains=juvenile-court procedure|termination of parental rights
qa_signoff_required_version,High,dcs_policy,dcs_policies_procedures,322_Protocol_Protocol_for_Re-Activation_or_Re-Classifications_of_Foster_H.pdf,fd99e0a6f26409914673a68843655e4e706663b9274f926ef097fdc5bc1f91ad,Benchbook.ai Database Files/DCS P&P/TN_DCS_Policies/Ch16B_Foster_Homes/322_Protocol_Protocol_for_Re-Activation_or_Re-Classifications_of_Foster_H.pdf,,326af60b-cc53-50e8-b83c-5efac6da82de,f2fce544-1e81-5be3-a1c3-12772d97891a,Document header (application/authority/dates),documentheaderapplicationauthoritydates,Protocol Protocol for Re Activation or Re Classifications of Foster H,,Document header (application/authority/dates),,Ch16B_Foster_Homes,protocol,pending_extraction_qa,guardrail_reference_only,current,,1900-01-01,,true,QA signoff required; high-risk legal domain; high_risk=juvenile-court procedure,Adopt with revision,Corpus administrator,Blocks production display until signed off,"Current law, source authority, or high-risk status cannot be confirmed",chunk_count=2; chunk_types=metadata:1|protocol:1; high_risk_domains=juvenile-court procedure
qa_signoff_required_version,High,dcs_policy,dcs_policies_procedures,198_Protocol_Protocol_for_Completion_of_the_Family_Advocacy_and_Support_T.pdf,f01e2011396a751b9d9eb807d32284b48a91914c91ab06ce43474038f811233b,Benchbook.ai Database Files/DCS P&P/TN_DCS_Policies/Ch14_CPS/198_Protocol_Protocol_for_Completion_of_the_Family_Advocacy_and_Support_T.pdf,,acb6a33c-b6a0-50f4-aec6-78be8f077261,f45670d9-c26d-529a-a3c1-4ccc35228b6a,Document header (application/authority/dates),documentheaderapplicationauthoritydates,Protocol Protocol for Completion of the Family Advocacy and Support T,,Document header (application/authority/dates),,Ch14_CPS,protocol,pending_extraction_qa,guardrail_reference_only,current,,1900-01-01,,true,QA signoff required; high-risk legal domain; high_risk=juvenile-court procedure,Adopt with revision,Corpus administrator,Blocks production display until signed off,"Current law, source authority, or high-risk status cannot be confirmed",chunk_count=11; chunk_types=metadata:1|protocol:10; high_risk_domains=juvenile-court procedure
qa_signoff_required_version,High,statute,tca_title_37,37_2_203_37_3_405.pdf,4505a32368dd82bcc6408f4fe16b2513cc23b2c810ae9254e0e21bc9d17153f5,Benchbook.ai Database Files/Title 37/37_2_203_37_3_405.pdf,,0a412ae5-0ba9-5eb1-9565-8f17bfad465d,f4a84e34-db5d-5a69-989d-70e6307218c4,Tenn. Code Ann. Sec. 37-2-713,tenncodeann372713,37-2-713. Information availability to and disclosure by commissioner.,,37-2-713,,,2,pending_extraction_qa,general_answer_authority,unknown_effectivity,Effective when contingency met. See Compiler's Notes.,,,true,unknown-effective-date issue; QA signoff required; warnings=effective_dated_version_text,Adopt with revision,Corpus administrator,Blocks production display until signed off,"Current law, source authority, or high-risk status cannot be confirmed",chunk_count=1; chunk_types=black_letter_text:1; warning_counts=effective_dated_version_text:1
qa_signoff_required_version,High,statute,tca_title_37,37_2_203_37_3_405.pdf,4505a32368dd82bcc6408f4fe16b2513cc23b2c810ae9254e0e21bc9d17153f5,Benchbook.ai Database Files/Title 37/37_2_203_37_3_405.pdf,,978a3864-7dd9-523a-a094-7f822a8a3382,f50242a1-003d-506b-84ee-013739e5d741,Tenn. Code Ann. Sec. 37-2-707,tenncodeann372707,37-2-707. Placement of Indian children. [Effective when contingency met. See Compiler's Notes.],,37-2-707,,,2,pending_extraction_qa,general_answer_authority,unknown_effectivity,Effective when contingency met. See Compiler's Notes.,,,true,unknown-effective-date issue; QA signoff required; warnings=effective_dated_version_unit,Adopt with revision,Corpus administrator,Blocks production display until signed off,"Current law, source authority, or high-risk status cannot be confirmed",chunk_count=3; chunk_types=annotation_candidate:1|black_letter_text:1|history:1; warning_counts=effective_dated_version_unit:3
qa_signoff_required_version,High,dcs_policy,dcs_policies_procedures,344_16.16_Denial_Closure_Suspended_Admissions_or_On-Hold_Status_of_Fos.pdf,d450a7ca7eca14076edeb970fcc66e73655242a3ce6571e4f12b2b57ec1e4436,Benchbook.ai Database Files/DCS P&P/TN_DCS_Policies/Ch16B_Foster_Homes/344_16.16_Denial_Closure_Suspended_Admissions_or_On-Hold_Status_of_Fos.pdf,,2a9cec97-8e2c-5e41-9904-ea5108491512,f5fcd3b7-b90d-5c51-8138-11234b069f0c,DCS Policy 16.16,dcspolicy1616,"Denial, Closure, Suspended Admissions, or On-Hold Status of Foster Homes",,Document header (application/authority/dates),16.16,Ch16B_Foster_Homes,policy,pending_extraction_qa,guardrail_reference_only,current,,1900-01-01,,true,QA signoff required; high-risk legal domain; high_risk=juvenile-court procedure,Adopt with revision,Corpus administrator,Blocks production display until signed off,"Current law, source authority, or high-risk status cannot be confirmed",chunk_count=5; chunk_types=metadata:1|policy_text:4; high_risk_domains=juvenile-court procedure
qa_signoff_required_version,High,dcs_policy,dcs_policies_procedures,186_Protocol_Protocol_for_Working_with_Hospitals.pdf,dd489872a70dafd935e2b0a4fe1ed665421728965cea478ab34593cad63080ce,Benchbook.ai Database Files/DCS P&P/TN_DCS_Policies/Ch14_CPS/186_Protocol_Protocol_for_Working_with_Hospitals.pdf,,58362b86-ffb2-579c-a4e2-f57a26e5603a,f63afe02-1199-5f18-8903-8fccd7bc1a5a,Document header (application/authority/dates),documentheaderapplicationauthoritydates,Protocol Protocol for Working with Hospitals,,Document header (application/authority/dates),,Ch14_CPS,protocol,pending_extraction_qa,guardrail_reference_only,current,,1900-01-01,,true,QA signoff required; high-risk legal domain; high_risk=juvenile-court procedure,Adopt with revision,Corpus administrator,Blocks production display until signed off,"Current law, source authority, or high-risk status cannot be confirmed",chunk_count=5; chunk_types=metadata:1|protocol:4; high_risk_domains=juvenile-court procedure
qa_signoff_required_version,High,rule,tenn_rules_juvenile_practice_procedure,Tenn. R. Juv. P. Rules.pdf,896900cf9175f11a38df986da4af09e62632abd8aa865b24d35b3e5a8beee541,Benchbook.ai Database Files/Tenn. R. Juv. P. Rules.pdf,,cb0d7bc9-f77d-5364-8c7b-fbef89e0156d,f6591c32-f5c3-57bb-bc50-9c9e6fb0ca67,Tenn. R. Juv. P. 206,tennrjuvp206,Rule 206. Discovery.,206,,,,,pending_extraction_qa,general_answer_authority,current,,1900-01-01,,true,QA signoff required; high-risk legal domain; high_risk=juvenile-court procedure,Adopt with revision,Corpus administrator,Blocks production display until signed off,"Current law, source authority, or high-risk status cannot be confirmed",chunk_count=4; chunk_types=advisory_comment:1|annotation_candidate:1|black_letter_text:1|history:1; high_risk_domains=juvenile-court procedure
qa_signoff_required_version,High,statute,tca_title_37,37_1_202_37_2_202.pdf,9cd08fcaae4176f55dd74ead07e414a9d249a0777f0f7249175756d29833d45c,Benchbook.ai Database Files/Title 37/37_1_202_37_2_202.pdf,,80237853-9604-5ba3-a4d2-4fc20d4bd602,f67a63b4-ea44-5699-83e4-0ef4fb26bfec,Tenn. Code Ann. Sec. 37-1-211,tenncodeann371211,37-1-211. Clerks of special juvenile courts.,,37-1-211,,,1,pending_extraction_qa,general_answer_authority,current,,1900-01-01,,true,QA signoff required; high-risk legal domain; high_risk=juvenile-court procedure,Adopt with revision,Corpus administrator,Blocks production display until signed off,"Current law, source authority, or high-risk status cannot be confirmed",chunk_count=6; chunk_types=annotation_candidate:3|black_letter_text:1|case_note_candidate:1|history:1; high_risk_domains=juvenile-court procedure
qa_signoff_required_version,High,dcs_policy,dcs_policies_procedures,593_31.4_Search_Procedures.pdf,34cb0192a0c428601f48006eb33bbd8784efbab0abbad91824563ce9d0ebe075,Benchbook.ai Database Files/DCS P&P/TN_DCS_Policies/Ch31_Field_Services/593_31.4_Search_Procedures.pdf,,13c2c2db-5097-5b00-829b-667de4e58dee,f681ca40-6438-522c-bec6-b6e0fe6374d7,DCS Policy 31.4,dcspolicy314,Search Procedures,,Document header (application/authority/dates),31.4,Ch31_Field_Services,policy,pending_extraction_qa,guardrail_reference_only,current,,1900-01-01,,true,QA signoff required; high-risk legal domain; high_risk=juvenile-court procedure,Adopt with revision,Corpus administrator,Blocks production display until signed off,"Current law, source authority, or high-risk status cannot be confirmed",chunk_count=7; chunk_types=metadata:1|policy_text:6; high_risk_domains=juvenile-court procedure
qa_signoff_required_version,High,dcs_policy,dcs_policies_procedures,324_Protocol_Protocol_for_Requesting_Out-of-State_Child_Abuse_and_Neglect.pdf,83d120efe507d5dff4f6326307ec8817302f41a50c58961f0516f5d35172e5af,Benchbook.ai Database Files/DCS P&P/TN_DCS_Policies/Ch16B_Foster_Homes/324_Protocol_Protocol_for_Requesting_Out-of-State_Child_Abuse_and_Neglect.pdf,,c1db5a6d-477f-5f0b-acdd-12ca4c7e8c83,f6c9094a-41f0-5e86-912c-5958538ac0a1,Document header (application/authority/dates),documentheaderapplicationauthoritydates,Protocol Protocol for Requesting Out of State Child Abuse and Neglect,,Document header (application/authority/dates),,Ch16B_Foster_Homes,protocol,pending_extraction_qa,guardrail_reference_only,current,,1900-01-01,,true,QA signoff required; high-risk legal domain; high_risk=dependency and neglect|juvenile-court procedure,Adopt with revision,Corpus administrator,Blocks production display until signed off,"Current law, source authority, or high-risk status cannot be confirmed",chunk_count=2; chunk_types=metadata:1|protocol:1; high_risk_domains=dependency and neglect|juvenile-court procedure
qa_signoff_required_version,High,dcs_policy,dcs_policies_procedures,634_31.18_Safety_Planning_for_High-Risk_Behaviors_in_Children_and_Yout.pdf,141f5dee0a9222781895ff396c02c887747d28960fc4af58e6b04b547198ce6f,Benchbook.ai Database Files/DCS P&P/TN_DCS_Policies/Ch31_Field_Services/634_31.18_Safety_Planning_for_High-Risk_Behaviors_in_Children_and_Yout.pdf,,c4a2af7b-b048-53de-804c-534b105e45e7,f7234486-239a-5b37-81d3-74b123bd31fc,DCS Policy 31.18,dcspolicy3118,Safety Planning for Children and Youth in DCS Custody,,Document header (application/authority/dates),31.18,Ch31_Field_Services,policy,pending_extraction_qa,guardrail_reference_only,current,,1900-01-01,,true,QA signoff required; high-risk legal domain; high_risk=custody|juvenile-court procedure,Adopt with revision,Corpus administrator,Blocks production display until signed off,"Current law, source authority, or high-risk status cannot be confirmed",chunk_count=9; chunk_types=metadata:1|policy_text:8; high_risk_domains=custody|juvenile-court procedure
qa_signoff_required_version,High,dcs_policy,dcs_policies_procedures,327_Protocol_Resolution_of_Disagreements_and_or_Conflicts_Between_Resourc.pdf,683a853f9515194bf4bd4a851aa933091a68622386562f151fd3917e3e794f2d,Benchbook.ai Database Files/DCS P&P/TN_DCS_Policies/Ch16B_Foster_Homes/327_Protocol_Resolution_of_Disagreements_and_or_Conflicts_Between_Resourc.pdf,,5a0dba2b-e7d5-56c5-bf1b-e37cb624e89c,f86aa428-2112-5476-abeb-22c62bd395e7,Document header (application/authority/dates),documentheaderapplicationauthoritydates,Protocol Resolution of Disagreements and or Conflicts Between Resourc,,Document header (application/authority/dates),,Ch16B_Foster_Homes,protocol,pending_extraction_qa,guardrail_reference_only,current,,1900-01-01,,true,QA signoff required; high-risk legal domain; high_risk=juvenile-court procedure,Adopt with revision,Corpus administrator,Blocks production display until signed off,"Current law, source authority, or high-risk status cannot be confirmed",chunk_count=2; chunk_types=metadata:1|protocol:1; high_risk_domains=juvenile-court procedure
qa_signoff_required_version,High,dcs_policy,dcs_policies_procedures,289_Protocol_Protocol_for_Assessment_Homes.pdf,b5a7ee24e44434cfa7ff40bc24d18ed7f365b0434b2db1082f14b9d58bae41e2,Benchbook.ai Database Files/DCS P&P/TN_DCS_Policies/Ch16A_Foster_Care/289_Protocol_Protocol_for_Assessment_Homes.pdf,,e87a09d9-3ee6-519f-b36c-9dbbf0d846a7,fac83383-578e-51dd-97df-0e331f6b70f4,Document header (application/authority/dates),documentheaderapplicationauthoritydates,Protocol Protocol for Assessment Homes,,Document header (application/authority/dates),,Ch16A_Foster_Care,protocol,pending_extraction_qa,guardrail_reference_only,current,,1900-01-01,,true,QA signoff required; high-risk legal domain; high_risk=juvenile-court procedure,Adopt with revision,Corpus administrator,Blocks production display until signed off,"Current law, source authority, or high-risk status cannot be confirmed",chunk_count=6; chunk_types=metadata:1|protocol:5; high_risk_domains=juvenile-court procedure
qa_signoff_required_version,High,dcs_policy,dcs_policies_procedures,318_Handbook_Foster_Parent_Handbook.pdf,4422aff45ae96f42830bd8bb4447cfa14aa5c1e3884332ce185918c35980acca,Benchbook.ai Database Files/DCS P&P/TN_DCS_Policies/Ch16B_Foster_Homes/318_Handbook_Foster_Parent_Handbook.pdf,,fd22f789-bff5-5e40-8bee-8db9ad1a98a6,fbd2af24-c773-5b1d-89c8-a1002b749b4c,Document header (application/authority/dates),documentheaderapplicationauthoritydates,Handbook Foster Parent Handbook,,Document header (application/authority/dates),,Ch16B_Foster_Homes,handbook,pending_extraction_qa,guardrail_reference_only,current,,1900-01-01,,true,QA signoff required; high-risk legal domain; high_risk=juvenile-court procedure,Adopt with revision,Corpus administrator,Blocks production display until signed off,"Current law, source authority, or high-risk status cannot be confirmed",chunk_count=5; chunk_types=metadata:1|unknown:4; warning_counts=unusually_large_chunk:2; high_risk_domains=juvenile-court procedure
qa_signoff_required_version,High,rule,tenn_rules_juvenile_practice_procedure,Tenn. R. Juv. P. Rules.pdf,896900cf9175f11a38df986da4af09e62632abd8aa865b24d35b3e5a8beee541,Benchbook.ai Database Files/Tenn. R. Juv. P. Rules.pdf,,c73caf33-3720-55cb-952d-123b00422cf6,fbfcd0ab-2689-5886-a052-e4b8909fdc03,Tenn. R. Juv. P. 118,tennrjuvp118,Rule 118. Appeals.,118,,,,,pending_extraction_qa,general_answer_authority,current,,1900-01-01,,true,QA signoff required; high-risk legal domain; high_risk=juvenile-court procedure,Adopt with revision,Corpus administrator,Blocks production display until signed off,"Current law, source authority, or high-risk status cannot be confirmed",chunk_count=5; chunk_types=advisory_comment:1|annotation_candidate:1|black_letter_text:1|case_note_candidate:1|history:1; high_risk_domains=juvenile-court procedure
qa_signoff_required_version,High,dcs_policy,dcs_policies_procedures,592_Protocol_Protocol_for_Dual_Adjudications.pdf,7aeedd2ad6f8f8415a29ad31e1312834c7a9cc54eaf11d6358d24f488cdcafcf,Benchbook.ai Database Files/DCS P&P/TN_DCS_Policies/Ch31_Field_Services/592_Protocol_Protocol_for_Dual_Adjudications.pdf,,5b84cc4a-ab82-55cf-8286-0651f12cda24,fc731c39-4703-57f2-a5f8-2a16e2106e42,Document header (application/authority/dates),documentheaderapplicationauthoritydates,Protocol Protocol for Dual Adjudications,,Document header (application/authority/dates),,Ch31_Field_Services,protocol,pending_extraction_qa,guardrail_reference_only,current,,1900-01-01,,true,QA signoff required; high-risk legal domain; high_risk=juvenile-court procedure,Adopt with revision,Corpus administrator,Blocks production display until signed off,"Current law, source authority, or high-risk status cannot be confirmed",chunk_count=2; chunk_types=metadata:1|protocol:1; high_risk_domains=juvenile-court procedure
qa_signoff_required_version,High,dcs_policy,dcs_policies_procedures,359_Protocol_Protocol_for_Foster_Care_Special_Extraordinary_Rate.pdf,933f53bbf2ffc2398c23f5d07864d9960d1454d4d0f1a69f87e012f1b6999357,Benchbook.ai Database Files/DCS P&P/TN_DCS_Policies/Ch16B_Foster_Homes/359_Protocol_Protocol_for_Foster_Care_Special_Extraordinary_Rate.pdf,,c16f5707-24d0-51d5-8238-7743283a7811,fd39f578-4daa-5d4b-81f9-6806dfbfd995,Document header (application/authority/dates),documentheaderapplicationauthoritydates,Protocol Protocol for Foster Care Special Extraordinary Rate,,Document header (application/authority/dates),,Ch16B_Foster_Homes,protocol,pending_extraction_qa,guardrail_reference_only,current,,1900-01-01,,true,QA signoff required; high-risk legal domain; high_risk=juvenile-court procedure,Adopt with revision,Corpus administrator,Blocks production display until signed off,"Current law, source authority, or high-risk status cannot be confirmed",chunk_count=2; chunk_types=metadata:1|protocol:1; high_risk_domains=juvenile-court procedure
qa_signoff_required_version,High,dcs_policy,dcs_policies_procedures,352_Protocol_Protocol_for_Documentation_of_Expedited_Placements.pdf,00dad8ba547a576cc4df3bb67908898d93d5ab13a2b778003d994d56a33d2e76,Benchbook.ai Database Files/DCS P&P/TN_DCS_Policies/Ch16B_Foster_Homes/352_Protocol_Protocol_for_Documentation_of_Expedited_Placements.pdf,,2e95e5fa-689d-52a6-8d2d-14161b03a1dd,fd4a4c30-0029-52d6-989e-d145598ac199,Document header (application/authority/dates),documentheaderapplicationauthoritydates,Protocol Protocol for Documentation of Expedited Placements,,Document header (application/authority/dates),,Ch16B_Foster_Homes,protocol,pending_extraction_qa,guardrail_reference_only,current,,1900-01-01,,true,QA signoff required; high-risk legal domain; high_risk=juvenile-court procedure,Adopt with revision,Corpus administrator,Blocks production display until signed off,"Current law, source authority, or high-risk status cannot be confirmed",chunk_count=2; chunk_types=metadata:1|protocol:1; high_risk_domains=juvenile-court procedure
qa_signoff_required_version,High,dcs_policy,dcs_policies_procedures,207_Tip_Sheet_Non-Custodial_Waiver_Guide.pdf,44e1e6139932a70589761fdd505364e45460fd37d95edb0f055bb00ee3cf28e0,Benchbook.ai Database Files/DCS P&P/TN_DCS_Policies/Ch14_CPS/207_Tip_Sheet_Non-Custodial_Waiver_Guide.pdf,,cc9282b9-3fd1-50df-ba47-99a722bf9d24,fddea661-f8af-5e9e-b5b4-d9b6b79ed03b,Document header (application/authority/dates),documentheaderapplicationauthoritydates,Tip Sheet Non Custodial Waiver Guide,,Document header (application/authority/dates),,Ch14_CPS,tip_sheet,pending_extraction_qa,guardrail_reference_only,current,,1900-01-01,,true,QA signoff required; high-risk legal domain; high_risk=juvenile-court procedure,Adopt with revision,Corpus administrator,Blocks production display until signed off,"Current law, source authority, or high-risk status cannot be confirmed",chunk_count=3; chunk_types=metadata:1|unknown:2; high_risk_domains=juvenile-court procedure
qa_signoff_required_version,High,statute,tca_title_36,36_1_101_36_3_302.pdf,a6b1c6cff6bb307f3a639c10092c82a25e738e587f1b374a6317441324525720,Benchbook.ai Database Files/Title 36/36_1_101_36_3_302.pdf,,96441899-acd2-5a7c-bfd9-ca3ccf135cfe,fe252450-6857-5eef-b919-499c3197076f,Tenn. Code Ann. Sec. 36-1-106,tenncodeann361106,36-1-106. Readoption.,,36-1-106,,,1,pending_extraction_qa,general_answer_authority,current,,1900-01-01,,true,QA signoff required; high-risk legal domain; high_risk=adoption,Adopt with revision,Corpus administrator,Blocks production display until signed off,"Current law, source authority, or high-risk status cannot be confirmed",chunk_count=5; chunk_types=annotation_candidate:2|black_letter_text:1|case_note_candidate:1|history:1; high_risk_domains=adoption
qa_signoff_required_version,High,dcs_policy,dcs_policies_procedures,628_Protocol_Protocol_for_Transportation_of_Children_Youth_by_Regional_Em.pdf,7cf31f87d9d5b38afb638d1c54efb4680f4e74d1b109d5ec59c9a1a9b5c06637,Benchbook.ai Database Files/DCS P&P/TN_DCS_Policies/Ch31_Field_Services/628_Protocol_Protocol_for_Transportation_of_Children_Youth_by_Regional_Em.pdf,,1c4858ce-c829-5a81-b49d-d38cee54bd60,fe905f08-b00f-58ed-bd72-2ad6a37b0597,Document header (application/authority/dates),documentheaderapplicationauthoritydates,Protocol Protocol for Transportation of Children Youth by Regional Em,,Document header (application/authority/dates),,Ch31_Field_Services,protocol,pending_extraction_qa,guardrail_reference_only,current,,1900-01-01,,true,QA signoff required; high-risk legal domain; high_risk=juvenile-court procedure,Adopt with revision,Corpus administrator,Blocks production display until signed off,"Current law, source authority, or high-risk status cannot be confirmed",chunk_count=13; chunk_types=metadata:1|protocol:12; high_risk_domains=juvenile-court procedure
qa_signoff_required_version,High,dcs_policy,dcs_policies_procedures,185_14.2_Screening_Priority_Response_and_Assignment_of_Child_Protecti.pdf,4b0fbd777b3054bddfed9716006954ec263877fe60a85d3bb335b56a87dddc6c,Benchbook.ai Database Files/DCS P&P/TN_DCS_Policies/Ch14_CPS/185_14.2_Screening_Priority_Response_and_Assignment_of_Child_Protecti.pdf,,06fb6600-3646-5d6d-91d8-cc56dd400568,feb98c13-b3d3-57ee-8c42-6ad3a90241c5,DCS Policy 14.2,dcspolicy142,"Screening, Priority Response, and Assignment of Child Protective Services Cases",,Document header (application/authority/dates),14.2,Ch14_CPS,policy,pending_extraction_qa,guardrail_reference_only,current,,1900-01-01,,true,QA signoff required; high-risk legal domain; high_risk=juvenile-court procedure,Adopt with revision,Corpus administrator,Blocks production display until signed off,"Current law, source authority, or high-risk status cannot be confirmed",chunk_count=7; chunk_types=metadata:1|policy_text:6; high_risk_domains=juvenile-court procedure
qa_signoff_required_version,High,dcs_policy,dcs_policies_procedures,280_Attachment_NOA-GRIER_FAQ.pdf,7bbf914ff556acff2c25f672fd1e6c6231f869508c63c42b0dfb0f8545427b95,Benchbook.ai Database Files/DCS P&P/TN_DCS_Policies/Ch16A_Foster_Care/280_Attachment_NOA-GRIER_FAQ.pdf,,3bcfb5bb-17b5-5897-bd6d-e8092e250e41,fee4aacd-4f88-50f3-8ddd-b4a9499e3464,,,Attachment NOA GRIER FAQ,,,,Ch16A_Foster_Care,unknown,pending_extraction_qa,guardrail_reference_only,current,,1900-01-01,,true,QA signoff required; high-risk legal domain; high_risk=juvenile-court procedure,Adopt with revision,Corpus administrator,Blocks production display until signed off,"Current law, source authority, or high-risk status cannot be confirmed",chunk_count=1; chunk_types=unknown:1; high_risk_domains=juvenile-court procedure
qa_signoff_required_version,High,rule,tenn_rules_juvenile_practice_procedure,Tenn. R. Juv. P. Rules.pdf,896900cf9175f11a38df986da4af09e62632abd8aa865b24d35b3e5a8beee541,Benchbook.ai Database Files/Tenn. R. Juv. P. Rules.pdf,,109404c2-25f9-5d6f-9407-eccf1efdecfb,ff16a09f-52f6-5234-8948-5f4e1c8838fd,Tenn. R. Juv. P. 306,tennrjuvp306,Rule 306. Taking children's testimony.,306,,,,,pending_extraction_qa,general_answer_authority,current,,1900-01-01,,true,QA signoff required; high-risk legal domain; high_risk=juvenile-court procedure,Adopt with revision,Corpus administrator,Blocks production display until signed off,"Current law, source authority, or high-risk status cannot be confirmed",chunk_count=5; chunk_types=advisory_comment:1|annotation_candidate:1|black_letter_text:1|case_note_candidate:1|history:1; high_risk_domains=juvenile-court procedure
